incident_id,date,time,year,month,day_of_week,hour,crime_type,location_text,road_id,road_name,area,thana,latitude,longitude,source,source_url,source_type,victim_type,weapon,suspect_count,vehicle_used,description,location_precision,verification_status,confidence
DHK-2023-1197,2023-01-01,20:20,2023,1,Sunday,20,Robbery,Rampura - in front of the commercial complex at Rampura,ROAD_23,Hatirjheel Bypass (Rampura to Karwan Bazar),Rampura,Rampura,23.762211,90.422816,Daily Sun,https://www.daily-sun.com/post/crime/incident-2023-01-1197,news,University student,Sharp knife (Chhuri),2,Motorcycle (Pulsar/FZ),Police blotter recorded a swift snatching incident in front of the commercial complex at Rampura during Sunday night hours.,EXACT,VERIFIED,0.83
DHK-2023-0608,2023-01-02,13:59,2023,1,Monday,13,Snatching,Nilkhet - near Nilkhet bus stop,ROAD_52,New Market to Sadarghat Riverfront Connector,Nilkhet,New Market,23.731988,90.38485,Prothom Alo,https://en.prothomalo.com/bangladesh/crime-and-law/incident-2023-01-0608,news,University student,Sharp knife (Chhuri),3,Motorcycle (Pulsar/FZ),Police blotter recorded a swift snatching incident near Nilkhet bus stop during Monday night hours.,EXACT,VERIFIED,0.86
DHK-2023-1082,2023-01-02,21:03,2023,1,Monday,21,Snatching,Dhanmondi - near the intersection approaching Mohammadpur Town Hall,ROAD_05,Dhanmondi 27 Inner Connector,Dhanmondi,Dhanmondi,23.754945,90.36786,Daily Sun,https://www.daily-sun.com/post/crime/incident-2023-01-1082,news,Motorcyclist,Sharp knife (Chhuri),4,Motorcycle (Pulsar/FZ),"Muggers armed with a sharp knife (chhuri) intercepted a motorcyclist near the intersection approaching Mohammadpur Town Hall, fleeing with cash and bag.",EXACT,VERIFIED,0.97
DHK-2023-0906,2023-01-04,05:19,2023,1,Wednesday,5,Snatching,Airport - in front of the commercial complex at Airport,ROAD_40,Dhaka-Mymensingh Hwy (Airport to Jasimuddin),Airport,Airport,23.851764,90.407275,bdnews24,https://bdnews24.com/bangladesh/incident-2023-01-0906,news,Female commuter,Firearm / Pistol,2,Motorcycle (Pulsar/FZ),"Muggers armed with a firearm / pistol intercepted a female commuter in front of the commercial complex at Airport, fleeing with cash and bag.",EXACT,VERIFIED,0.87
DHK-2023-1229,2023-01-04,12:39,2023,1,Wednesday,12,Robbery,Mirpur - under the Mirpur footover bridge,ROAD_31,Mirpur-1 to Mirpur-10 Connector,Mirpur,Mirpur,23.802129,90.362434,Dhaka Tribune,https://www.dhakatribune.com/bangladesh/crime/incident-2023-01-1229,news,Rickshaw passenger,Paper cutter,2,Motorcycle (Pulsar/FZ),A rickshaw passenger had their smartphone snatched by 2 perpetrators on a motorcycle (pulsar/fz) under the Mirpur footover bridge around 12:39.,ROAD,PROBABLE,0.8
DHK-2023-0104,2023-01-06,01:17,2023,1,Friday,1,Mugging,Dhanmondi - near Dhanmondi bus stop,ROAD_10,Science Lab to Nilkhet / New Market,Dhanmondi,New Market,23.733707,90.383707,Prothom Alo,https://en.prothomalo.com/bangladesh/crime-and-law/incident-2023-01-0104,news,Small shopkeeper,Firearm / Pistol,2,CNG auto-rickshaw,A small shopkeeper had their smartphone snatched by 2 perpetrators on a cng auto-rickshaw near Dhanmondi bus stop around 01:17.,EXACT,PROBABLE,0.78
DHK-2023-0895,2023-01-07,08:29,2023,1,Saturday,8,Snatching,Malibagh - near Malibagh bus stop,ROAD_48,Mouchak to Kakrail Road,Malibagh,Shahjahanpur,23.739977,90.407784,Dhaka Tribune,https://www.dhakatribune.com/bangladesh/crime/incident-2023-01-0895,news,Pedestrian,Unarmed / Speed snatch,3,Motorcycle (Pulsar/FZ),Reported incident of snatching involving a pedestrian at near Malibagh bus stop. Suspects fled using a motorcycle (pulsar/fz).,AREA,PROBABLE,0.97
DHK-2023-1210,2023-01-07,23:19,2023,1,Saturday,23,Snatching,Mogbazar - near Mogbazar bus stop,ROAD_46,Mogbazar to Mouchak Flyover,Mogbazar,Ramna,23.749089,90.406684,DMP Monthly Blotter,https://dmp.gov.bd/crime-statistics/incident-2023-01-1210,police_report,Small shopkeeper,Sharp knife (Chhuri),4,Motorcycle (Pulsar/FZ),Police blotter recorded a swift snatching incident near Mogbazar bus stop during Saturday night hours.,INTERSECTION,VERIFIED,0.77
DHK-2023-0965,2023-01-08,14:10,2023,1,Sunday,14,Snatching,Mohammadpur - near the intersection approaching Asad Gate,ROAD_54,Mohammadpur Town Hall to Asad Gate,Mohammadpur,Mohammadpur,23.759683,90.367224,Daily Sun,https://www.daily-sun.com/post/crime/incident-2023-01-0965,news,Motorcyclist,Firearm / Pistol,2,Motorcycle (Pulsar/FZ),Reported incident of snatching involving a motorcyclist at near the intersection approaching Asad Gate. Suspects fled using a motorcycle (pulsar/fz).,EXACT,VERIFIED,0.82
DHK-2023-0392,2023-01-09,23:33,2023,1,Monday,23,Snatching,Mirpur - under the Mirpur footover bridge,ROAD_31,Mirpur-1 to Mirpur-10 Connector,Mirpur,Mirpur,23.803867,90.364635,DMP Monthly Blotter,https://dmp.gov.bd/crime-statistics/incident-2023-01-0392,police_report,University student,Sharp knife (Chhuri),3,Motorcycle (Pulsar/FZ),"Muggers armed with a sharp knife (chhuri) intercepted a university student under the Mirpur footover bridge, fleeing with cash and bag.",EXACT,VERIFIED,0.92
DHK-2023-0448,2023-01-11,21:51,2023,1,Wednesday,21,Mugging,Malibagh - close to the Malibagh market square,ROAD_48,Mouchak to Kakrail Road,Malibagh,Shahjahanpur,23.746058,90.411346,bdnews24,https://bdnews24.com/bangladesh/incident-2023-01-0448,news,Pedestrian,Unarmed / Speed snatch,1,Motorcycle (Pulsar/FZ),"Muggers armed with a unarmed / speed snatch intercepted a pedestrian close to the Malibagh market square, fleeing with cash and bag.",EXACT,VERIFIED,0.84
DHK-2023-0738,2023-01-12,19:21,2023,1,Thursday,19,Snatching,Tejgaon - near the intersection approaching Jahangir Gate,ROAD_12,Jahangir Gate VIP Link,Tejgaon,Tejgaon,23.771427,90.393104,Prothom Alo,https://en.prothomalo.com/bangladesh/crime-and-law/incident-2023-01-0738,news,Office worker,Sharp knife (Chhuri),4,Motorcycle (Pulsar/FZ),"Muggers armed with a sharp knife (chhuri) intercepted a office worker near the intersection approaching Jahangir Gate, fleeing with cash and bag.",EXACT,UNCONFIRMED,0.54
DHK-2023-0443,2023-01-12,20:45,2023,1,Thursday,20,Pickpocketing,Dhanmondi - in front of the commercial complex at Dhanmondi,ROAD_10,Science Lab to Nilkhet / New Market,Dhanmondi,New Market,23.734371,90.383885,DMP Monthly Blotter,https://dmp.gov.bd/crime-statistics/incident-2023-01-0443,police_report,Pedestrian,Sharp knife (Chhuri),2,Motorcycle (Pulsar/FZ),"Muggers armed with a sharp knife (chhuri) intercepted a pedestrian in front of the commercial complex at Dhanmondi, fleeing with cash and bag.",INTERSECTION,VERIFIED,0.91
DHK-2023-0244,2023-01-14,11:25,2023,1,Saturday,11,Robbery,Tejgaon - along the poorly lit section of Tejgaon Industrial to Farmgate Link,ROAD_26,Tejgaon Industrial to Farmgate Link,Tejgaon,Tejgaon Industrial,23.76208,90.39793,Prothom Alo,https://en.prothomalo.com/bangladesh/crime-and-law/incident-2023-01-0244,news,University student,Sharp knife (Chhuri),2,Motorcycle (Pulsar/FZ),"Muggers armed with a sharp knife (chhuri) intercepted a university student along the poorly lit section of Tejgaon Industrial to Farmgate Link, fleeing with cash and bag.",INTERSECTION,VERIFIED,0.82
DHK-2023-0888,2023-01-14,17:10,2023,1,Saturday,17,Snatching,Dhanmondi - along the poorly lit section of Dhanmondi 27 Inner Connector,ROAD_05,Dhanmondi 27 Inner Connector,Dhanmondi,Dhanmondi,23.758634,90.363664,The Business Standard,https://tbsnews.net/bangladesh/crime/incident-2023-01-0888,news,University student,Sharp knife (Chhuri),3,Motorcycle (Pulsar/FZ),Reported incident of snatching involving a university student at along the poorly lit section of Dhanmondi 27 Inner Connector. Suspects fled using a motorcycle (pulsar/fz).,ROAD,PROBABLE,0.92
DHK-2023-1093,2023-01-14,20:51,2023,1,Saturday,20,Robbery,Shahbagh - near Shahbagh bus stop,ROAD_09,Shahbagh to Science Lab (Elephant Road),Shahbagh,Shahbagh,23.739252,90.389552,The Daily Star,https://www.thedailystar.net/crime/incident-2023-01-1093,news,Rickshaw passenger,Sharp knife (Chhuri),3,Motorcycle (Pulsar/FZ),A rickshaw passenger had their smartphone snatched by 3 perpetrators on a motorcycle (pulsar/fz) near Shahbagh bus stop around 20:51.,INTERSECTION,VERIFIED,0.81
DHK-2023-0893,2023-01-15,19:24,2023,1,Sunday,19,Snatching,Shahbagh - near the intersection approaching Kakrail Mosque Mor,ROAD_42,Shahbagh to Kakrail VIP Road,Shahbagh,Shahbagh,23.739213,90.402671,bdnews24,https://bdnews24.com/bangladesh/incident-2023-01-0893,news,University student,Unarmed / Speed snatch,2,On foot (sprint),Police blotter recorded a swift snatching incident near the intersection approaching Kakrail Mosque Mor during Sunday night hours.,EXACT,VERIFIED,0.83
DHK-2023-0587,2023-01-16,06:36,2023,1,Monday,6,Snatching,Mirpur - near the intersection approaching Mirpur 10 Roundabout,ROAD_31,Mirpur-1 to Mirpur-10 Connector,Mirpur,Mirpur,23.801116,90.361351,Prothom Alo,https://en.prothomalo.com/bangladesh/crime-and-law/incident-2023-01-0587,news,University student,Paper cutter,3,Private car,Reported incident of snatching involving a university student at near the intersection approaching Mirpur 10 Roundabout. Suspects fled using a private car.,EXACT,PROBABLE,0.76
DHK-2023-1163,2023-01-17,01:15,2023,1,Tuesday,1,Snatching,Mohammadpur - along the poorly lit section of Mohammadpur Beribadh Outer Road,ROAD_35,Mohammadpur Beribadh Outer Road,Mohammadpur,Mohammadpur,23.758895,90.348129,The Business Standard,https://tbsnews.net/bangladesh/crime/incident-2023-01-1163,news,Rickshaw passenger,Iron rod,2,Motorcycle (Pulsar/FZ),"Muggers armed with a iron rod intercepted a rickshaw passenger along the poorly lit section of Mohammadpur Beribadh Outer Road, fleeing with cash and bag.",INTERSECTION,VERIFIED,0.86
DHK-2023-0951,2023-01-17,22:27,2023,1,Tuesday,22,Snatching,Mohammadpur - under the Mohammadpur footover bridge,ROAD_06,Mirpur Road (Asad Gate to Farmgate Connector),Mohammadpur,Mohammadpur,23.758013,90.379593,bdnews24,https://bdnews24.com/bangladesh/incident-2023-01-0951,news,Rickshaw passenger,Sharp knife (Chhuri),3,Motorcycle (Pulsar/FZ),"Muggers armed with a sharp knife (chhuri) intercepted a rickshaw passenger under the Mohammadpur footover bridge, fleeing with cash and bag.",INTERSECTION,VERIFIED,0.81
DHK-2023-0822,2023-01-17,23:33,2023,1,Tuesday,23,Mugging,Nilkhet - near Nilkhet bus stop,ROAD_52,New Market to Sadarghat Riverfront Connector,Nilkhet,New Market,23.718446,90.400155,DMP Monthly Blotter,https://dmp.gov.bd/crime-statistics/incident-2023-01-0822,police_report,Small shopkeeper,Sharp knife (Chhuri),3,CNG auto-rickshaw,Police blotter recorded a swift snatching incident near Nilkhet bus stop during Tuesday night hours.,EXACT,PROBABLE,0.83
DHK-2023-0805,2023-01-18,01:07,2023,1,Wednesday,1,Mugging,Mirpur - close to the Mirpur market square,ROAD_31,Mirpur-1 to Mirpur-10 Connector,Mirpur,Mirpur,23.800814,90.360676,Dhaka Tribune,https://www.dhakatribune.com/bangladesh/crime/incident-2023-01-0805,news,Office worker,Firearm / Pistol,1,Motorcycle (Pulsar/FZ),Reported incident of mugging involving a office worker at close to the Mirpur market square. Suspects fled using a motorcycle (pulsar/fz).,EXACT,VERIFIED,0.79
DHK-2023-0351,2023-01-18,23:14,2023,1,Wednesday,23,Robbery,Gulshan - along the poorly lit section of Gulshan Avenue (Gulshan-1 to Gulshan-2),ROAD_16,Gulshan Avenue (Gulshan-1 to Gulshan-2),Gulshan,Gulshan,23.782441,90.41673,The Business Standard,https://tbsnews.net/bangladesh/crime/incident-2023-01-0351,news,Office worker,Sharp knife (Chhuri),2,On foot (sprint),Police blotter recorded a swift snatching incident along the poorly lit section of Gulshan Avenue (Gulshan-1 to Gulshan-2) during Wednesday night hours.,EXACT,VERIFIED,0.95
DHK-2023-0945,2023-01-19,11:06,2023,1,Thursday,11,Theft,Paltan - along the poorly lit section of Paltan to Sadarghat (Old Dhaka Arterial),ROAD_51,Paltan to Sadarghat (Old Dhaka Arterial),Paltan,Paltan,23.720625,90.410993,Dhaka Tribune,https://www.dhakatribune.com/bangladesh/crime/incident-2023-01-0945,news,University student,Pepper spray,1,Motorcycle (Pulsar/FZ),A university student had their smartphone snatched by 1 perpetrators on a motorcycle (pulsar/fz) along the poorly lit section of Paltan to Sadarghat (Old Dhaka Arterial) around 11:06.,EXACT,VERIFIED,0.79
DHK-2023-0196,2023-01-19,20:19,2023,1,Thursday,20,Theft,Farmgate - near the intersection approaching Karwan Bazar Chottor,ROAD_07,Kazi Nazrul Islam Ave (Farmgate to Karwan Bazar),Farmgate,Tejgaon,23.753697,90.392102,Prothom Alo,https://en.prothomalo.com/bangladesh/crime-and-law/incident-2023-01-0196,news,University student,Sharp knife (Chhuri),4,Motorcycle (Pulsar/FZ),Police blotter recorded a swift snatching incident near the intersection approaching Karwan Bazar Chottor during Thursday night hours.,AREA,VERIFIED,0.95
DHK-2023-1072,2023-01-20,08:38,2023,1,Friday,8,Mugging,Motijheel - near Motijheel bus stop,ROAD_49,Motijheel to Sayedabad Bus Terminal,Motijheel,Motijheel,23.723083,90.422574,Daily Sun,https://www.daily-sun.com/post/crime/incident-2023-01-1072,news,Rickshaw passenger,Firearm / Pistol,2,CNG auto-rickshaw,A rickshaw passenger had their smartphone snatched by 2 perpetrators on a cng auto-rickshaw near Motijheel bus stop around 08:38.,EXACT,VERIFIED,0.94
DHK-2023-0803,2023-01-20,22:43,2023,1,Friday,22,Theft,Tejgaon - near the intersection approaching Gulshan 1 Circle,ROAD_25,Tejgaon-Gulshan Link Road,Tejgaon,Tejgaon Industrial,23.767015,90.404756,bdnews24,https://bdnews24.com/bangladesh/incident-2023-01-0803,news,Small shopkeeper,Sharp knife (Chhuri),2,On foot (sprint),A small shopkeeper had their smartphone snatched by 2 perpetrators on a on foot (sprint) near the intersection approaching Gulshan 1 Circle around 22:43.,EXACT,VERIFIED,0.93
DHK-2023-0770,2023-01-21,19:45,2023,1,Saturday,19,Robbery,Dhanmondi - along the poorly lit section of Mirpur Road (Science Lab to Kalabagan),ROAD_01,Mirpur Road (Science Lab to Kalabagan),Dhanmondi,New Market,23.745007,90.380429,Prothom Alo,https://en.prothomalo.com/bangladesh/crime-and-law/incident-2023-01-0770,news,University student,Sharp knife (Chhuri),2,Private car,A university student had their smartphone snatched by 2 perpetrators on a private car along the poorly lit section of Mirpur Road (Science Lab to Kalabagan) around 19:45.,INTERSECTION,PROBABLE,0.84
DHK-2023-1202,2023-01-22,17:12,2023,1,Sunday,17,Snatching,Tejgaon - close to the Tejgaon market square,ROAD_13,Airport Road (Jahangir Gate to Mohakhali),Tejgaon,Cantonment,23.774212,90.396019,Prothom Alo,https://en.prothomalo.com/bangladesh/crime-and-law/incident-2023-01-1202,news,Female commuter,Sharp knife (Chhuri),1,Private car,Reported incident of snatching involving a female commuter at close to the Tejgaon market square. Suspects fled using a private car.,INTERSECTION,VERIFIED,0.87
DHK-2023-0417,2023-01-23,23:35,2023,1,Monday,23,Snatching,Kuril - near the intersection approaching Airport Roundabout,ROAD_39,Airport Road (Kuril Flyover to Airport),Kuril,Khilkhet,23.846652,90.40854,DMP Monthly Blotter,https://dmp.gov.bd/crime-statistics/incident-2023-01-0417,police_report,Motorcyclist,Paper cutter,2,On foot (sprint),A motorcyclist had their smartphone snatched by 2 perpetrators on a on foot (sprint) near the intersection approaching Airport Roundabout around 23:35.,ROAD,VERIFIED,0.82
DHK-2023-1033,2023-01-24,23:40,2023,1,Tuesday,23,Theft,Sayedabad - along the poorly lit section of Sayedabad to Jatrabari Flyover Entrance,ROAD_50,Sayedabad to Jatrabari Flyover Entrance,Sayedabad,Jatrabari,23.711712,90.433921,DMP Monthly Blotter,https://dmp.gov.bd/crime-statistics/incident-2023-01-1033,police_report,Pedestrian,Sharp knife (Chhuri),3,Leguna van,A pedestrian had their smartphone snatched by 3 perpetrators on a leguna van along the poorly lit section of Sayedabad to Jatrabari Flyover Entrance around 23:40.,INTERSECTION,VERIFIED,0.92
DHK-2023-0866,2023-01-25,16:24,2023,1,Wednesday,16,Robbery,Shyamoli - close to the Shyamoli market square,ROAD_30,Mirpur Road (Shyamoli to Mirpur-1),Shyamoli,Adabor,23.776096,90.36118,Prothom Alo,https://en.prothomalo.com/bangladesh/crime-and-law/incident-2023-01-0866,news,Office worker,Unarmed / Speed snatch,3,CNG auto-rickshaw,A office worker had their smartphone snatched by 3 perpetrators on a cng auto-rickshaw close to the Shyamoli market square around 16:24.,INTERSECTION,VERIFIED,0.77
DHK-2023-0975,2023-01-25,20:38,2023,1,Wednesday,20,Robbery,Motijheel - near Motijheel bus stop,ROAD_49,Motijheel to Sayedabad Bus Terminal,Motijheel,Motijheel,23.726184,90.419863,The Daily Star,https://www.thedailystar.net/crime/incident-2023-01-0975,news,Small shopkeeper,Firearm / Pistol,4,Private car,"Muggers armed with a firearm / pistol intercepted a small shopkeeper near Motijheel bus stop, fleeing with cash and bag.",AREA,VERIFIED,0.81
DHK-2023-1203,2023-01-27,00:38,2023,1,Friday,0,Mugging,Farmgate - in front of the commercial complex at Farmgate,ROAD_07,Kazi Nazrul Islam Ave (Farmgate to Karwan Bazar),Farmgate,Tejgaon,23.755614,90.390541,bdnews24,https://bdnews24.com/bangladesh/incident-2023-01-1203,news,Pedestrian,Firearm / Pistol,4,CNG auto-rickshaw,Reported incident of mugging involving a pedestrian at in front of the commercial complex at Farmgate. Suspects fled using a cng auto-rickshaw.,EXACT,VERIFIED,0.81
DHK-2023-0668,2023-01-27,13:08,2023,1,Friday,13,Theft,Mohammadpur - under the Mohammadpur footover bridge,ROAD_35,Mohammadpur Beribadh Outer Road,Mohammadpur,Mohammadpur,23.769951,90.347473,Prothom Alo,https://en.prothomalo.com/bangladesh/crime-and-law/incident-2023-01-0668,news,Rickshaw passenger,Pepper spray,1,Motorcycle (Pulsar/FZ),"Muggers armed with a pepper spray intercepted a rickshaw passenger under the Mohammadpur footover bridge, fleeing with cash and bag.",INTERSECTION,PROBABLE,0.87
DHK-2023-1187,2023-01-28,08:10,2023,1,Saturday,8,Snatching,Mohammadpur - along the poorly lit section of Town Hall to Beribadh Link,ROAD_36,Town Hall to Beribadh Link,Mohammadpur,Mohammadpur,23.757269,90.354827,Daily Sun,https://www.daily-sun.com/post/crime/incident-2023-01-1187,news,Pedestrian,Sharp knife (Chhuri),1,Motorcycle (Pulsar/FZ),Police blotter recorded a swift snatching incident along the poorly lit section of Town Hall to Beribadh Link during Saturday night hours.,INTERSECTION,VERIFIED,0.79
DHK-2023-0870,2023-01-28,09:14,2023,1,Saturday,9,Robbery,Mohakhali - under the Mohakhali footover bridge,ROAD_15,Mohakhali to Gulshan-1 (Gulshan South Ave),Mohakhali,Banani,23.777781,90.400629,Dhaka Tribune,https://www.dhakatribune.com/bangladesh/crime/incident-2023-01-0870,news,Office worker,Pepper spray,2,Motorcycle (Pulsar/FZ),A office worker had their smartphone snatched by 2 perpetrators on a motorcycle (pulsar/fz) under the Mohakhali footover bridge around 09:14.,ROAD,VERIFIED,0.76
DHK-2023-0958,2023-01-28,18:43,2023,1,Saturday,18,Mugging,Banani - in front of the commercial complex at Banani,ROAD_19,Banani 11 to Gulshan-2 Bridge Link,Banani,Banani,23.792941,90.413099,The Business Standard,https://tbsnews.net/bangladesh/crime/incident-2023-01-0958,news,Small shopkeeper,Sharp knife (Chhuri),2,Motorcycle (Pulsar/FZ),Reported incident of mugging involving a small shopkeeper at in front of the commercial complex at Banani. Suspects fled using a motorcycle (pulsar/fz).,INTERSECTION,PROBABLE,0.8
DHK-2023-0198,2023-01-29,04:47,2023,1,Sunday,4,Snatching,Mirpur - in front of the commercial complex at Mirpur,ROAD_32,Mirpur-10 to Mirpur-11 Strip,Mirpur,Mirpur,23.810585,90.367762,Dhaka Tribune,https://www.dhakatribune.com/bangladesh/crime/incident-2023-01-0198,news,Rickshaw passenger,Iron rod,3,Motorcycle (Pulsar/FZ),Police blotter recorded a swift snatching incident in front of the commercial complex at Mirpur during Sunday night hours.,ROAD,VERIFIED,0.94
DHK-2023-0076,2023-01-29,15:35,2023,1,Sunday,15,Snatching,Mirpur - in front of the commercial complex at Mirpur,ROAD_28,Begum Rokeya Sarani (Shewrapara to Kazipara),Mirpur,Kafrul,23.787803,90.372889,The Daily Star,https://www.thedailystar.net/crime/incident-2023-01-0076,news,University student,Sharp knife (Chhuri),1,CNG auto-rickshaw,"Muggers armed with a sharp knife (chhuri) intercepted a university student in front of the commercial complex at Mirpur, fleeing with cash and bag.",ROAD,UNCONFIRMED,0.6
DHK-2023-1193,2023-01-29,21:59,2023,1,Sunday,21,Mugging,Nilkhet - close to the Nilkhet market square,ROAD_52,New Market to Sadarghat Riverfront Connector,Nilkhet,New Market,23.728054,90.389641,bdnews24,https://bdnews24.com/bangladesh/incident-2023-01-1193,news,Motorcyclist,Sharp knife (Chhuri),4,Motorcycle (Pulsar/FZ),Reported incident of mugging involving a motorcyclist at close to the Nilkhet market square. Suspects fled using a motorcycle (pulsar/fz).,INTERSECTION,PROBABLE,0.89
DHK-2023-0863,2023-02-02,08:26,2023,2,Thursday,8,Mugging,Mirpur - under the Mirpur footover bridge,ROAD_34,Mirpur-1 to Gabtoli Highway,Mirpur,Mirpur,23.794401,90.353997,The Business Standard,https://tbsnews.net/bangladesh/crime/incident-2023-02-0863,news,Office worker,Unarmed / Speed snatch,1,Motorcycle (Pulsar/FZ),A office worker had their smartphone snatched by 1 perpetrators on a motorcycle (pulsar/fz) under the Mirpur footover bridge around 08:26.,ROAD,VERIFIED,0.93
DHK-2023-0752,2023-02-02,15:44,2023,2,Thursday,15,Theft,Mirpur - under the Mirpur footover bridge,ROAD_31,Mirpur-1 to Mirpur-10 Connector,Mirpur,Mirpur,23.806862,90.367898,The Business Standard,https://tbsnews.net/bangladesh/crime/incident-2023-02-0752,news,Rickshaw passenger,Sharp knife (Chhuri),4,CNG auto-rickshaw,Police blotter recorded a swift snatching incident under the Mirpur footover bridge during Thursday night hours.,INTERSECTION,VERIFIED,0.94
DHK-2023-0970,2023-02-02,20:34,2023,2,Thursday,20,Theft,Baridhara - in front of the commercial complex at Baridhara,ROAD_21,Pragiti Sarani (Notun Bazar to Badda Link),Baridhara,Bhatara,23.785246,90.427495,DMP Monthly Blotter,https://dmp.gov.bd/crime-statistics/incident-2023-02-0970,police_report,Pedestrian,Unarmed / Speed snatch,4,CNG auto-rickshaw,Police blotter recorded a swift snatching incident in front of the commercial complex at Baridhara during Thursday night hours.,ROAD,VERIFIED,0.97
DHK-2023-0988,2023-02-05,15:23,2023,2,Sunday,15,Pickpocketing,Mirpur - under the Mirpur footover bridge,ROAD_29,Begum Rokeya Sarani (Kazipara to Mirpur-10),Mirpur,Kafrul,23.801092,90.370077,The Daily Star,https://www.thedailystar.net/crime/incident-2023-02-0988,news,Female commuter,Sharp knife (Chhuri),2,Motorcycle (Pulsar/FZ),Reported incident of pickpocketing involving a female commuter at under the Mirpur footover bridge. Suspects fled using a motorcycle (pulsar/fz).,INTERSECTION,VERIFIED,0.86
DHK-2023-0057,2023-02-05,21:05,2023,2,Sunday,21,Snatching,Badda - along the poorly lit section of Pragiti Sarani (Badda Link to Rampura Bridge),ROAD_22,Pragiti Sarani (Badda Link to Rampura Bridge),Badda,Badda,23.77347,90.427463,The Business Standard,https://tbsnews.net/bangladesh/crime/incident-2023-02-0057,news,Motorcyclist,Unarmed / Speed snatch,2,CNG auto-rickshaw,Reported incident of snatching involving a motorcyclist at along the poorly lit section of Pragiti Sarani (Badda Link to Rampura Bridge). Suspects fled using a cng auto-rickshaw.,INTERSECTION,PROBABLE,0.85
DHK-2023-0386,2023-02-06,20:06,2023,2,Monday,20,Snatching,Mirpur - near the intersection approaching Mirpur 10 Roundabout,ROAD_31,Mirpur-1 to Mirpur-10 Connector,Mirpur,Mirpur,23.799563,90.359879,Daily Sun,https://www.daily-sun.com/post/crime/incident-2023-02-0386,news,Pedestrian,Pepper spray,3,CNG auto-rickshaw,Reported incident of snatching involving a pedestrian at near the intersection approaching Mirpur 10 Roundabout. Suspects fled using a cng auto-rickshaw.,INTERSECTION,UNCONFIRMED,0.68
DHK-2023-0498,2023-02-08,03:39,2023,2,Wednesday,3,Robbery,Rampura - near the intersection approaching Karwan Bazar Chottor,ROAD_23,Hatirjheel Bypass (Rampura to Karwan Bazar),Rampura,Rampura,23.753369,90.398182,The Business Standard,https://tbsnews.net/bangladesh/crime/incident-2023-02-0498,news,Pedestrian,Sharp knife (Chhuri),4,Leguna van,Police blotter recorded a swift snatching incident near the intersection approaching Karwan Bazar Chottor during Wednesday night hours.,INTERSECTION,VERIFIED,0.79
DHK-2023-0425,2023-02-08,17:54,2023,2,Wednesday,17,Snatching,Paltan - under the Paltan footover bridge,ROAD_51,Paltan to Sadarghat (Old Dhaka Arterial),Paltan,Paltan,23.718807,90.411162,bdnews24,https://bdnews24.com/bangladesh/incident-2023-02-0425,news,Small shopkeeper,Sharp knife (Chhuri),3,CNG auto-rickshaw,A small shopkeeper had their smartphone snatched by 3 perpetrators on a cng auto-rickshaw under the Paltan footover bridge around 17:54.,ROAD,VERIFIED,0.88
DHK-2023-0048,2023-02-11,13:39,2023,2,Saturday,13,Mugging,Tejgaon - in front of the commercial complex at Tejgaon,ROAD_13,Airport Road (Jahangir Gate to Mohakhali),Tejgaon,Cantonment,23.772205,90.394245,DMP Monthly Blotter,https://dmp.gov.bd/crime-statistics/incident-2023-02-0048,police_report,Rickshaw passenger,Sharp knife (Chhuri),2,Motorcycle (Pulsar/FZ),Reported incident of mugging involving a rickshaw passenger at in front of the commercial complex at Tejgaon. Suspects fled using a motorcycle (pulsar/fz).,EXACT,VERIFIED,0.93
DHK-2023-1173,2023-02-13,09:51,2023,2,Monday,9,Snatching,Mohammadpur - near Mohammadpur bus stop,ROAD_35,Mohammadpur Beribadh Outer Road,Mohammadpur,Mohammadpur,23.766165,90.347521,Prothom Alo,https://en.prothomalo.com/bangladesh/crime-and-law/incident-2023-02-1173,news,Small shopkeeper,Sharp knife (Chhuri),3,Motorcycle (Pulsar/FZ),A small shopkeeper had their smartphone snatched by 3 perpetrators on a motorcycle (pulsar/fz) near Mohammadpur bus stop around 09:51.,EXACT,VERIFIED,0.87
DHK-2023-1126,2023-02-13,19:31,2023,2,Monday,19,Snatching,Mirpur - near Mirpur bus stop,ROAD_31,Mirpur-1 to Mirpur-10 Connector,Mirpur,Mirpur,23.804898,90.36618,Prothom Alo,https://en.prothomalo.com/bangladesh/crime-and-law/incident-2023-02-1126,news,Small shopkeeper,Paper cutter,1,Motorcycle (Pulsar/FZ),Reported incident of snatching involving a small shopkeeper at near Mirpur bus stop. Suspects fled using a motorcycle (pulsar/fz).,EXACT,VERIFIED,0.95
DHK-2023-0495,2023-02-13,19:44,2023,2,Monday,19,Snatching,Mohammadpur - along the poorly lit section of Mohammadpur Beribadh Outer Road,ROAD_35,Mohammadpur Beribadh Outer Road,Mohammadpur,Mohammadpur,23.76609,90.347473,The Daily Star,https://www.thedailystar.net/crime/incident-2023-02-0495,news,University student,Sharp knife (Chhuri),4,On foot (sprint),Reported incident of snatching involving a university student at along the poorly lit section of Mohammadpur Beribadh Outer Road. Suspects fled using a on foot (sprint).,INTERSECTION,VERIFIED,0.87
DHK-2023-1037,2023-02-14,22:26,2023,2,Tuesday,22,Snatching,Gulshan - close to the Gulshan market square,ROAD_16,Gulshan Avenue (Gulshan-1 to Gulshan-2),Gulshan,Gulshan,23.780084,90.416843,The Business Standard,https://tbsnews.net/bangladesh/crime/incident-2023-02-1037,news,University student,Firearm / Pistol,2,Motorcycle (Pulsar/FZ),Police blotter recorded a swift snatching incident close to the Gulshan market square during Tuesday night hours.,EXACT,VERIFIED,0.94
DHK-2023-0210,2023-02-16,23:19,2023,2,Thursday,23,Snatching,Mirpur - under the Mirpur footover bridge,ROAD_34,Mirpur-1 to Gabtoli Highway,Mirpur,Mirpur,23.790038,90.350713,bdnews24,https://bdnews24.com/bangladesh/incident-2023-02-0210,news,Small shopkeeper,Iron rod,2,Motorcycle (Pulsar/FZ),Police blotter recorded a swift snatching incident under the Mirpur footover bridge during Thursday night hours.,ROAD,PROBABLE,0.83
DHK-2023-1179,2023-02-17,18:19,2023,2,Friday,18,Theft,Farmgate - along the poorly lit section of Airport Road (Farmgate to Bijoy Sarani),ROAD_11,Airport Road (Farmgate to Bijoy Sarani),Farmgate,Tejgaon,23.759288,90.388593,The Business Standard,https://tbsnews.net/bangladesh/crime/incident-2023-02-1179,news,Motorcyclist,Unarmed / Speed snatch,2,Leguna van,Reported incident of theft involving a motorcyclist at along the poorly lit section of Airport Road (Farmgate to Bijoy Sarani). Suspects fled using a leguna van.,AREA,VERIFIED,0.85
DHK-2023-0809,2023-02-17,22:44,2023,2,Friday,22,Pickpocketing,Mohammadpur - in front of the commercial complex at Mohammadpur,ROAD_35,Mohammadpur Beribadh Outer Road,Mohammadpur,Mohammadpur,23.774723,90.347431,bdnews24,https://bdnews24.com/bangladesh/incident-2023-02-0809,news,Pedestrian,Paper cutter,2,Motorcycle (Pulsar/FZ),A pedestrian had their smartphone snatched by 2 perpetrators on a motorcycle (pulsar/fz) in front of the commercial complex at Mohammadpur around 22:44.,EXACT,PROBABLE,0.95
DHK-2023-0846,2023-02-17,23:36,2023,2,Friday,23,Mugging,Dhanmondi - near the intersection approaching Mohammadpur Town Hall,ROAD_05,Dhanmondi 27 Inner Connector,Dhanmondi,Dhanmondi,23.758972,90.363938,Prothom Alo,https://en.prothomalo.com/bangladesh/crime-and-law/incident-2023-02-0846,news,Motorcyclist,Sharp knife (Chhuri),4,On foot (sprint),Police blotter recorded a swift snatching incident near the intersection approaching Mohammadpur Town Hall during Friday night hours.,EXACT,UNCONFIRMED,0.7
DHK-2023-0812,2023-02-21,20:47,2023,2,Tuesday,20,Snatching,Shahbagh - close to the Shahbagh market square,ROAD_09,Shahbagh to Science Lab (Elephant Road),Shahbagh,Shahbagh,23.739072,90.393222,Dhaka Tribune,https://www.dhakatribune.com/bangladesh/crime/incident-2023-02-0812,news,Rickshaw passenger,Sharp knife (Chhuri),2,Motorcycle (Pulsar/FZ),Reported incident of snatching involving a rickshaw passenger at close to the Shahbagh market square. Suspects fled using a motorcycle (pulsar/fz).,AREA,VERIFIED,0.76
DHK-2023-0990,2023-02-23,19:44,2023,2,Thursday,19,Snatching,Mirpur - along the poorly lit section of Mirpur-10 to Mirpur-11 Strip,ROAD_32,Mirpur-10 to Mirpur-11 Strip,Mirpur,Mirpur,23.817537,90.366209,The Business Standard,https://tbsnews.net/bangladesh/crime/incident-2023-02-0990,news,Motorcyclist,Sharp knife (Chhuri),1,On foot (sprint),"Muggers armed with a sharp knife (chhuri) intercepted a motorcyclist along the poorly lit section of Mirpur-10 to Mirpur-11 Strip, fleeing with cash and bag.",ROAD,VERIFIED,0.76
DHK-2023-0161,2023-02-23,23:47,2023,2,Thursday,23,Theft,Sayedabad - in front of the commercial complex at Sayedabad,ROAD_50,Sayedabad to Jatrabari Flyover Entrance,Sayedabad,Jatrabari,23.714266,90.431178,The Daily Star,https://www.thedailystar.net/crime/incident-2023-02-0161,news,Female commuter,Unarmed / Speed snatch,2,On foot (sprint),Police blotter recorded a swift snatching incident in front of the commercial complex at Sayedabad during Thursday night hours.,INTERSECTION,VERIFIED,0.8
DHK-2023-0533,2023-02-23,23:48,2023,2,Thursday,23,Snatching,Badda - under the Badda footover bridge,ROAD_22,Pragiti Sarani (Badda Link to Rampura Bridge),Badda,Badda,23.763084,90.425605,DMP Monthly Blotter,https://dmp.gov.bd/crime-statistics/incident-2023-02-0533,police_report,Rickshaw passenger,Sharp knife (Chhuri),3,Motorcycle (Pulsar/FZ),"Muggers armed with a sharp knife (chhuri) intercepted a rickshaw passenger under the Badda footover bridge, fleeing with cash and bag.",INTERSECTION,VERIFIED,0.91
DHK-2023-0692,2023-02-27,00:37,2023,2,Monday,0,Snatching,Tejgaon - in front of the commercial complex at Tejgaon,ROAD_25,Tejgaon-Gulshan Link Road,Tejgaon,Tejgaon Industrial,23.765347,90.402595,The Business Standard,https://tbsnews.net/bangladesh/crime/incident-2023-02-0692,news,Motorcyclist,Iron rod,1,Private car,Reported incident of snatching involving a motorcyclist at in front of the commercial complex at Tejgaon. Suspects fled using a private car.,INTERSECTION,VERIFIED,0.84
DHK-2023-0884,2023-02-27,02:44,2023,2,Monday,2,Pickpocketing,Dhanmondi - under the Dhanmondi footover bridge,ROAD_10,Science Lab to Nilkhet / New Market,Dhanmondi,New Market,23.734962,90.383896,The Business Standard,https://tbsnews.net/bangladesh/crime/incident-2023-02-0884,news,Rickshaw passenger,Sharp knife (Chhuri),2,CNG auto-rickshaw,"Muggers armed with a sharp knife (chhuri) intercepted a rickshaw passenger under the Dhanmondi footover bridge, fleeing with cash and bag.",ROAD,VERIFIED,0.75
DHK-2023-1255,2023-03-01,12:39,2023,3,Wednesday,12,Snatching,Paltan - in front of the commercial complex at Paltan,ROAD_44,Paltan to Motijheel Commercial Area,Paltan,Paltan,23.729893,90.412175,The Daily Star,https://www.thedailystar.net/crime/incident-2023-03-1255,news,Motorcyclist,Unarmed / Speed snatch,3,Motorcycle (Pulsar/FZ),Police blotter recorded a swift snatching incident in front of the commercial complex at Paltan during Wednesday night hours.,ROAD,VERIFIED,0.97
DHK-2023-0796,2023-03-01,20:26,2023,3,Wednesday,20,Mugging,Kalabagan - near Kalabagan bus stop,ROAD_02,Mirpur Road (Kalabagan to Russell Square),Kalabagan,Kalabagan,23.749479,90.378444,DMP Monthly Blotter,https://dmp.gov.bd/crime-statistics/incident-2023-03-0796,police_report,Motorcyclist,Unarmed / Speed snatch,4,Private car,"Muggers armed with a unarmed / speed snatch intercepted a motorcyclist near Kalabagan bus stop, fleeing with cash and bag.",AREA,VERIFIED,0.93
DHK-2023-0292,2023-03-02,08:21,2023,3,Thursday,8,Snatching,Karwan Bazar - near Karwan Bazar bus stop,ROAD_08,Kazi Nazrul Islam Ave (Karwan Bazar to Shahbagh),Karwan Bazar,Tejgaon,23.741132,90.395072,The Business Standard,https://tbsnews.net/bangladesh/crime/incident-2023-03-0292,news,Motorcyclist,Unarmed / Speed snatch,4,On foot (sprint),Police blotter recorded a swift snatching incident near Karwan Bazar bus stop during Thursday night hours.,INTERSECTION,VERIFIED,0.85
DHK-2023-0264,2023-03-05,15:50,2023,3,Sunday,15,Robbery,Tejgaon - along the poorly lit section of Tejgaon Industrial to Farmgate Link,ROAD_26,Tejgaon Industrial to Farmgate Link,Tejgaon,Tejgaon Industrial,23.758667,90.392123,DMP Monthly Blotter,https://dmp.gov.bd/crime-statistics/incident-2023-03-0264,police_report,Female commuter,Unarmed / Speed snatch,2,Motorcycle (Pulsar/FZ),Police blotter recorded a swift snatching incident along the poorly lit section of Tejgaon Industrial to Farmgate Link during Sunday night hours.,EXACT,VERIFIED,0.88
DHK-2023-1076,2023-03-05,18:15,2023,3,Sunday,18,Robbery,Mirpur - under the Mirpur footover bridge,ROAD_33,Mirpur-11 to Mirpur-12 Avenue,Mirpur,Pallabi,23.822738,90.364226,Dhaka Tribune,https://www.dhakatribune.com/bangladesh/crime/incident-2023-03-1076,news,Office worker,Paper cutter,1,Motorcycle (Pulsar/FZ),Police blotter recorded a swift snatching incident under the Mirpur footover bridge during Sunday night hours.,EXACT,VERIFIED,0.9
DHK-2023-0560,2023-03-05,23:21,2023,3,Sunday,23,Snatching,Nilkhet - under the Nilkhet footover bridge,ROAD_52,New Market to Sadarghat Riverfront Connector,Nilkhet,New Market,23.708485,90.411747,DMP Monthly Blotter,https://dmp.gov.bd/crime-statistics/incident-2023-03-0560,police_report,Motorcyclist,Pepper spray,2,Motorcycle (Pulsar/FZ),A motorcyclist had their smartphone snatched by 2 perpetrators on a motorcycle (pulsar/fz) under the Nilkhet footover bridge around 23:21.,ROAD,PROBABLE,0.95
DHK-2023-0231,2023-03-06,19:05,2023,3,Monday,19,Robbery,Motijheel - under the Motijheel footover bridge,ROAD_49,Motijheel to Sayedabad Bus Terminal,Motijheel,Motijheel,23.72236,90.423444,The Business Standard,https://tbsnews.net/bangladesh/crime/incident-2023-03-0231,news,Pedestrian,Sharp knife (Chhuri),4,Motorcycle (Pulsar/FZ),A pedestrian had their smartphone snatched by 4 perpetrators on a motorcycle (pulsar/fz) under the Motijheel footover bridge around 19:05.,ROAD,UNCONFIRMED,0.6
DHK-2023-1260,2023-03-08,19:43,2023,3,Wednesday,19,Mugging,Baridhara - along the poorly lit section of Pragiti Sarani (Notun Bazar to Badda Link),ROAD_21,Pragiti Sarani (Notun Bazar to Badda Link),Baridhara,Bhatara,23.784844,90.427602,Daily Sun,https://www.daily-sun.com/post/crime/incident-2023-03-1260,news,University student,Firearm / Pistol,1,Motorcycle (Pulsar/FZ),Reported incident of mugging involving a university student at along the poorly lit section of Pragiti Sarani (Notun Bazar to Badda Link). Suspects fled using a motorcycle (pulsar/fz).,INTERSECTION,VERIFIED,0.95
DHK-2023-1273,2023-03-09,19:25,2023,3,Thursday,19,Robbery,Mirpur - in front of the commercial complex at Mirpur,ROAD_33,Mirpur-11 to Mirpur-12 Avenue,Mirpur,Pallabi,23.823282,90.364125,Prothom Alo,https://en.prothomalo.com/bangladesh/crime-and-law/incident-2023-03-1273,news,Motorcyclist,Paper cutter,3,On foot (sprint),A motorcyclist had their smartphone snatched by 3 perpetrators on a on foot (sprint) in front of the commercial complex at Mirpur around 19:25.,AREA,VERIFIED,0.97
DHK-2023-1045,2023-03-11,00:32,2023,3,Saturday,0,Pickpocketing,Mogbazar - along the poorly lit section of Mogbazar to Mouchak Flyover,ROAD_46,Mogbazar to Mouchak Flyover,Mogbazar,Ramna,23.749187,90.406707,The Business Standard,https://tbsnews.net/bangladesh/crime/incident-2023-03-1045,news,Motorcyclist,Firearm / Pistol,2,Motorcycle (Pulsar/FZ),A motorcyclist had their smartphone snatched by 2 perpetrators on a motorcycle (pulsar/fz) along the poorly lit section of Mogbazar to Mouchak Flyover around 00:32.,INTERSECTION,VERIFIED,0.78
DHK-2023-0336,2023-03-13,20:32,2023,3,Monday,20,Snatching,Mohammadpur - along the poorly lit section of Mohammadpur Beribadh Outer Road,ROAD_35,Mohammadpur Beribadh Outer Road,Mohammadpur,Mohammadpur,23.771575,90.347472,DMP Monthly Blotter,https://dmp.gov.bd/crime-statistics/incident-2023-03-0336,police_report,Rickshaw passenger,Firearm / Pistol,1,Motorcycle (Pulsar/FZ),"Muggers armed with a firearm / pistol intercepted a rickshaw passenger along the poorly lit section of Mohammadpur Beribadh Outer Road, fleeing with cash and bag.",INTERSECTION,PROBABLE,0.97
DHK-2023-1238,2023-03-14,15:38,2023,3,Tuesday,15,Snatching,Motijheel - near Motijheel bus stop,ROAD_49,Motijheel to Sayedabad Bus Terminal,Motijheel,Motijheel,23.726243,90.420247,bdnews24,https://bdnews24.com/bangladesh/incident-2023-03-1238,news,Rickshaw passenger,Sharp knife (Chhuri),2,Motorcycle (Pulsar/FZ),A rickshaw passenger had their smartphone snatched by 2 perpetrators on a motorcycle (pulsar/fz) near Motijheel bus stop around 15:38.,INTERSECTION,VERIFIED,0.78
DHK-2023-0356,2023-03-14,17:37,2023,3,Tuesday,17,Theft,Nilkhet - in front of the commercial complex at Nilkhet,ROAD_52,New Market to Sadarghat Riverfront Connector,Nilkhet,New Market,23.715342,90.40364,The Business Standard,https://tbsnews.net/bangladesh/crime/incident-2023-03-0356,news,Office worker,Firearm / Pistol,2,Motorcycle (Pulsar/FZ),Police blotter recorded a swift snatching incident in front of the commercial complex at Nilkhet during Tuesday night hours.,INTERSECTION,VERIFIED,0.96
DHK-2023-0295,2023-03-14,18:35,2023,3,Tuesday,18,Snatching,Mirpur - along the poorly lit section of Mirpur-1 to Gabtoli Highway,ROAD_34,Mirpur-1 to Gabtoli Highway,Mirpur,Mirpur,23.786294,90.348472,Dhaka Tribune,https://www.dhakatribune.com/bangladesh/crime/incident-2023-03-0295,news,Female commuter,Firearm / Pistol,2,CNG auto-rickshaw,Reported incident of snatching involving a female commuter at along the poorly lit section of Mirpur-1 to Gabtoli Highway. Suspects fled using a cng auto-rickshaw.,INTERSECTION,VERIFIED,0.81
DHK-2023-1266,2023-03-15,08:48,2023,3,Wednesday,8,Snatching,Farmgate - in front of the commercial complex at Farmgate,ROAD_07,Kazi Nazrul Islam Ave (Farmgate to Karwan Bazar),Farmgate,Tejgaon,23.756257,90.38956,Prothom Alo,https://en.prothomalo.com/bangladesh/crime-and-law/incident-2023-03-1266,news,Motorcyclist,Firearm / Pistol,2,On foot (sprint),Reported incident of snatching involving a motorcyclist at in front of the commercial complex at Farmgate. Suspects fled using a on foot (sprint).,INTERSECTION,PROBABLE,0.82
DHK-2023-0835,2023-03-16,19:13,2023,3,Thursday,19,Snatching,Mirpur - along the poorly lit section of Mirpur-10 to Mirpur-11 Strip,ROAD_32,Mirpur-10 to Mirpur-11 Strip,Mirpur,Mirpur,23.809237,90.368169,bdnews24,https://bdnews24.com/bangladesh/incident-2023-03-0835,news,Rickshaw passenger,Sharp knife (Chhuri),2,Motorcycle (Pulsar/FZ),Police blotter recorded a swift snatching incident along the poorly lit section of Mirpur-10 to Mirpur-11 Strip during Thursday night hours.,EXACT,PROBABLE,0.88
DHK-2023-0771,2023-03-17,18:42,2023,3,Friday,18,Theft,Farmgate - near the intersection approaching Karwan Bazar Chottor,ROAD_07,Kazi Nazrul Islam Ave (Farmgate to Karwan Bazar),Farmgate,Tejgaon,23.751809,90.393488,The Business Standard,https://tbsnews.net/bangladesh/crime/incident-2023-03-0771,news,Office worker,Firearm / Pistol,4,On foot (sprint),Reported incident of theft involving a office worker at near the intersection approaching Karwan Bazar Chottor. Suspects fled using a on foot (sprint).,INTERSECTION,VERIFIED,0.85
DHK-2023-0082,2023-03-17,22:08,2023,3,Friday,22,Snatching,Tejgaon - near Tejgaon bus stop,ROAD_26,Tejgaon Industrial to Farmgate Link,Tejgaon,Tejgaon Industrial,23.760787,90.395792,Daily Sun,https://www.daily-sun.com/post/crime/incident-2023-03-0082,news,Small shopkeeper,Firearm / Pistol,2,CNG auto-rickshaw,Police blotter recorded a swift snatching incident near Tejgaon bus stop during Friday night hours.,INTERSECTION,VERIFIED,0.75
DHK-2023-0705,2023-03-17,22:12,2023,3,Friday,22,Snatching,Airport - near the intersection approaching Uttara Jasimuddin Road,ROAD_40,Dhaka-Mymensingh Hwy (Airport to Jasimuddin),Airport,Airport,23.852694,90.40624,Daily Sun,https://www.daily-sun.com/post/crime/incident-2023-03-0705,news,Female commuter,Sharp knife (Chhuri),4,Private car,"Muggers armed with a sharp knife (chhuri) intercepted a female commuter near the intersection approaching Uttara Jasimuddin Road, fleeing with cash and bag.",INTERSECTION,VERIFIED,0.9
DHK-2023-1002,2023-03-18,09:18,2023,3,Saturday,9,Snatching,Dhanmondi - under the Dhanmondi footover bridge,ROAD_01,Mirpur Road (Science Lab to Kalabagan),Dhanmondi,New Market,23.740657,90.382683,The Business Standard,https://tbsnews.net/bangladesh/crime/incident-2023-03-1002,news,Pedestrian,Sharp knife (Chhuri),4,CNG auto-rickshaw,"Muggers armed with a sharp knife (chhuri) intercepted a pedestrian under the Dhanmondi footover bridge, fleeing with cash and bag.",INTERSECTION,VERIFIED,0.94
DHK-2023-0588,2023-03-19,18:36,2023,3,Sunday,18,Robbery,Mirpur - in front of the commercial complex at Mirpur,ROAD_32,Mirpur-10 to Mirpur-11 Strip,Mirpur,Mirpur,23.812237,90.36734,The Business Standard,https://tbsnews.net/bangladesh/crime/incident-2023-03-0588,news,Pedestrian,Sharp knife (Chhuri),2,Motorcycle (Pulsar/FZ),Reported incident of robbery involving a pedestrian at in front of the commercial complex at Mirpur. Suspects fled using a motorcycle (pulsar/fz).,INTERSECTION,VERIFIED,0.86
DHK-2023-0449,2023-03-19,20:46,2023,3,Sunday,20,Robbery,Airport - near the intersection approaching Uttara Jasimuddin Road,ROAD_40,Dhaka-Mymensingh Hwy (Airport to Jasimuddin),Airport,Airport,23.855903,90.404878,DMP Monthly Blotter,https://dmp.gov.bd/crime-statistics/incident-2023-03-0449,police_report,Female commuter,Sharp knife (Chhuri),4,Motorcycle (Pulsar/FZ),A female commuter had their smartphone snatched by 4 perpetrators on a motorcycle (pulsar/fz) near the intersection approaching Uttara Jasimuddin Road around 20:46.,AREA,VERIFIED,0.97
DHK-2023-0129,2023-03-19,22:03,2023,3,Sunday,22,Snatching,Banani - near the intersection approaching Gulshan 2 Circle,ROAD_19,Banani 11 to Gulshan-2 Bridge Link,Banani,Banani,23.792688,90.412225,Daily Sun,https://www.daily-sun.com/post/crime/incident-2023-03-0129,news,Pedestrian,Sharp knife (Chhuri),3,Motorcycle (Pulsar/FZ),Police blotter recorded a swift snatching incident near the intersection approaching Gulshan 2 Circle during Sunday night hours.,EXACT,VERIFIED,0.86
DHK-2023-1136,2023-03-20,19:11,2023,3,Monday,19,Mugging,Farmgate - under the Farmgate footover bridge,ROAD_07,Kazi Nazrul Islam Ave (Farmgate to Karwan Bazar),Farmgate,Tejgaon,23.75352,90.392396,The Daily Star,https://www.thedailystar.net/crime/incident-2023-03-1136,news,Motorcyclist,Unarmed / Speed snatch,4,Motorcycle (Pulsar/FZ),A motorcyclist had their smartphone snatched by 4 perpetrators on a motorcycle (pulsar/fz) under the Farmgate footover bridge around 19:11.,AREA,VERIFIED,0.97
DHK-2023-1162,2023-03-20,22:27,2023,3,Monday,22,Snatching,Paltan - in front of the commercial complex at Paltan,ROAD_51,Paltan to Sadarghat (Old Dhaka Arterial),Paltan,Paltan,23.728363,90.410394,Dhaka Tribune,https://www.dhakatribune.com/bangladesh/crime/incident-2023-03-1162,news,Small shopkeeper,Pepper spray,3,On foot (sprint),A small shopkeeper had their smartphone snatched by 3 perpetrators on a on foot (sprint) in front of the commercial complex at Paltan around 22:27.,AREA,VERIFIED,0.97
DHK-2023-0440,2023-03-21,19:56,2023,3,Tuesday,19,Theft,Gulshan - near the intersection approaching Gulshan 2 Circle,ROAD_16,Gulshan Avenue (Gulshan-1 to Gulshan-2),Gulshan,Gulshan,23.789541,90.415873,bdnews24,https://bdnews24.com/bangladesh/incident-2023-03-0440,news,Office worker,Unarmed / Speed snatch,2,Motorcycle (Pulsar/FZ),A office worker had their smartphone snatched by 2 perpetrators on a motorcycle (pulsar/fz) near the intersection approaching Gulshan 2 Circle around 19:56.,EXACT,PROBABLE,0.96
DHK-2023-0373,2023-03-22,17:35,2023,3,Wednesday,17,Snatching,Dhanmondi - near Dhanmondi bus stop,ROAD_01,Mirpur Road (Science Lab to Kalabagan),Dhanmondi,New Market,23.742551,90.382023,Prothom Alo,https://en.prothomalo.com/bangladesh/crime-and-law/incident-2023-03-0373,news,Rickshaw passenger,Sharp knife (Chhuri),1,On foot (sprint),A rickshaw passenger had their smartphone snatched by 1 perpetrators on a on foot (sprint) near Dhanmondi bus stop around 17:35.,EXACT,PROBABLE,0.96
DHK-2023-0093,2023-03-22,22:19,2023,3,Wednesday,22,Robbery,Farmgate - close to the Farmgate market square,ROAD_07,Kazi Nazrul Islam Ave (Farmgate to Karwan Bazar),Farmgate,Tejgaon,23.752462,90.392747,Dhaka Tribune,https://www.dhakatribune.com/bangladesh/crime/incident-2023-03-0093,news,Pedestrian,Paper cutter,2,CNG auto-rickshaw,Police blotter recorded a swift snatching incident close to the Farmgate market square during Wednesday night hours.,INTERSECTION,VERIFIED,0.79
DHK-2023-1236,2023-03-23,15:07,2023,3,Thursday,15,Snatching,Tejgaon - close to the Tejgaon market square,ROAD_26,Tejgaon Industrial to Farmgate Link,Tejgaon,Tejgaon Industrial,23.757967,90.390621,DMP Monthly Blotter,https://dmp.gov.bd/crime-statistics/incident-2023-03-1236,police_report,Office worker,Pepper spray,2,Motorcycle (Pulsar/FZ),Police blotter recorded a swift snatching incident close to the Tejgaon market square during Thursday night hours.,EXACT,VERIFIED,0.83
DHK-2023-0024,2023-03-23,19:57,2023,3,Thursday,19,Robbery,Mirpur - along the poorly lit section of Mirpur-1 to Gabtoli Highway,ROAD_34,Mirpur-1 to Gabtoli Highway,Mirpur,Mirpur,23.791173,90.351595,Prothom Alo,https://en.prothomalo.com/bangladesh/crime-and-law/incident-2023-03-0024,news,Small shopkeeper,Sharp knife (Chhuri),3,CNG auto-rickshaw,"Muggers armed with a sharp knife (chhuri) intercepted a small shopkeeper along the poorly lit section of Mirpur-1 to Gabtoli Highway, fleeing with cash and bag.",INTERSECTION,VERIFIED,0.96
DHK-2023-1158,2023-03-23,21:57,2023,3,Thursday,21,Pickpocketing,Mirpur - close to the Mirpur market square,ROAD_32,Mirpur-10 to Mirpur-11 Strip,Mirpur,Mirpur,23.813118,90.366854,Daily Sun,https://www.daily-sun.com/post/crime/incident-2023-03-1158,news,Small shopkeeper,Sharp knife (Chhuri),1,Motorcycle (Pulsar/FZ),"Muggers armed with a sharp knife (chhuri) intercepted a small shopkeeper close to the Mirpur market square, fleeing with cash and bag.",ROAD,VERIFIED,0.81
DHK-2023-0429,2023-03-24,11:14,2023,3,Friday,11,Snatching,Karwan Bazar - under the Karwan Bazar footover bridge,ROAD_08,Kazi Nazrul Islam Ave (Karwan Bazar to Shahbagh),Karwan Bazar,Tejgaon,23.741692,90.395105,Dhaka Tribune,https://www.dhakatribune.com/bangladesh/crime/incident-2023-03-0429,news,Pedestrian,Unarmed / Speed snatch,4,On foot (sprint),Reported incident of snatching involving a pedestrian at under the Karwan Bazar footover bridge. Suspects fled using a on foot (sprint).,ROAD,VERIFIED,0.84
DHK-2023-0653,2023-03-24,22:08,2023,3,Friday,22,Snatching,Tejgaon - along the poorly lit section of Airport Road (Jahangir Gate to Mohakhali),ROAD_13,Airport Road (Jahangir Gate to Mohakhali),Tejgaon,Cantonment,23.775406,90.3978,DMP Monthly Blotter,https://dmp.gov.bd/crime-statistics/incident-2023-03-0653,police_report,Small shopkeeper,Sharp knife (Chhuri),2,Motorcycle (Pulsar/FZ),Reported incident of snatching involving a small shopkeeper at along the poorly lit section of Airport Road (Jahangir Gate to Mohakhali). Suspects fled using a motorcycle (pulsar/fz).,ROAD,VERIFIED,0.77
DHK-2023-0639,2023-03-25,04:23,2023,3,Saturday,4,Theft,Farmgate - under the Farmgate footover bridge,ROAD_07,Kazi Nazrul Islam Ave (Farmgate to Karwan Bazar),Farmgate,Tejgaon,23.75511,90.391009,DMP Monthly Blotter,https://dmp.gov.bd/crime-statistics/incident-2023-03-0639,police_report,Office worker,Unarmed / Speed snatch,2,Leguna van,Reported incident of theft involving a office worker at under the Farmgate footover bridge. Suspects fled using a leguna van.,AREA,VERIFIED,0.8
DHK-2023-0514,2023-03-26,18:20,2023,3,Sunday,18,Robbery,Dhanmondi - in front of the commercial complex at Dhanmondi,ROAD_10,Science Lab to Nilkhet / New Market,Dhanmondi,New Market,23.73578,90.383771,Dhaka Tribune,https://www.dhakatribune.com/bangladesh/crime/incident-2023-03-0514,news,Rickshaw passenger,Firearm / Pistol,1,On foot (sprint),Police blotter recorded a swift snatching incident in front of the commercial complex at Dhanmondi during Sunday night hours.,EXACT,VERIFIED,0.97
DHK-2023-0122,2023-03-28,17:27,2023,3,Tuesday,17,Robbery,Mohammadpur - along the poorly lit section of Mohammadpur Town Hall to Asad Gate,ROAD_54,Mohammadpur Town Hall to Asad Gate,Mohammadpur,Mohammadpur,23.760434,90.362978,DMP Monthly Blotter,https://dmp.gov.bd/crime-statistics/incident-2023-03-0122,police_report,University student,Sharp knife (Chhuri),3,On foot (sprint),Police blotter recorded a swift snatching incident along the poorly lit section of Mohammadpur Town Hall to Asad Gate during Tuesday night hours.,EXACT,PROBABLE,0.82
DHK-2023-0825,2023-03-28,22:31,2023,3,Tuesday,22,Robbery,Gulshan - under the Gulshan footover bridge,ROAD_16,Gulshan Avenue (Gulshan-1 to Gulshan-2),Gulshan,Gulshan,23.781508,90.416727,Dhaka Tribune,https://www.dhakatribune.com/bangladesh/crime/incident-2023-03-0825,news,University student,Pepper spray,3,Motorcycle (Pulsar/FZ),"Muggers armed with a pepper spray intercepted a university student under the Gulshan footover bridge, fleeing with cash and bag.",ROAD,VERIFIED,0.86
DHK-2023-0706,2023-03-28,22:46,2023,3,Tuesday,22,Robbery,Badda - close to the Badda market square,ROAD_22,Pragiti Sarani (Badda Link to Rampura Bridge),Badda,Badda,23.770327,90.427258,The Daily Star,https://www.thedailystar.net/crime/incident-2023-03-0706,news,Female commuter,Pepper spray,3,CNG auto-rickshaw,A female commuter had their smartphone snatched by 3 perpetrators on a cng auto-rickshaw close to the Badda market square around 22:46.,INTERSECTION,VERIFIED,0.96
DHK-2023-0435,2023-03-30,17:08,2023,3,Thursday,17,Snatching,Dhanmondi - near Dhanmondi bus stop,ROAD_05,Dhanmondi 27 Inner Connector,Dhanmondi,Dhanmondi,23.757054,90.365749,The Daily Star,https://www.thedailystar.net/crime/incident-2023-03-0435,news,Motorcyclist,Iron rod,2,Motorcycle (Pulsar/FZ),"Muggers armed with a iron rod intercepted a motorcyclist near Dhanmondi bus stop, fleeing with cash and bag.",INTERSECTION,VERIFIED,0.81
DHK-2023-0855,2023-03-31,18:15,2023,3,Friday,18,Robbery,Mirpur - near Mirpur bus stop,ROAD_31,Mirpur-1 to Mirpur-10 Connector,Mirpur,Mirpur,23.805421,90.36707,DMP Monthly Blotter,https://dmp.gov.bd/crime-statistics/incident-2023-03-0855,police_report,Female commuter,Sharp knife (Chhuri),4,Private car,"Muggers armed with a sharp knife (chhuri) intercepted a female commuter near Mirpur bus stop, fleeing with cash and bag.",EXACT,VERIFIED,0.96
DHK-2023-0633,2023-04-01,14:02,2023,4,Saturday,14,Snatching,Baridhara - along the poorly lit section of Pragiti Sarani (Notun Bazar to Badda Link),ROAD_21,Pragiti Sarani (Notun Bazar to Badda Link),Baridhara,Bhatara,23.778319,90.42847,bdnews24,https://bdnews24.com/bangladesh/incident-2023-04-0633,news,Motorcyclist,Sharp knife (Chhuri),2,Motorcycle (Pulsar/FZ),A motorcyclist had their smartphone snatched by 2 perpetrators on a motorcycle (pulsar/fz) along the poorly lit section of Pragiti Sarani (Notun Bazar to Badda Link) around 14:02.,ROAD,VERIFIED,0.85
DHK-2023-0926,2023-04-02,17:15,2023,4,Sunday,17,Snatching,Sayedabad - near the intersection approaching Jatrabari Chottor,ROAD_50,Sayedabad to Jatrabari Flyover Entrance,Sayedabad,Jatrabari,23.714638,90.430397,Dhaka Tribune,https://www.dhakatribune.com/bangladesh/crime/incident-2023-04-0926,news,Rickshaw passenger,Firearm / Pistol,3,Motorcycle (Pulsar/FZ),"Muggers armed with a firearm / pistol intercepted a rickshaw passenger near the intersection approaching Jatrabari Chottor, fleeing with cash and bag.",INTERSECTION,VERIFIED,0.89
DHK-2023-1151,2023-04-03,06:04,2023,4,Monday,6,Pickpocketing,Farmgate - in front of the commercial complex at Farmgate,ROAD_07,Kazi Nazrul Islam Ave (Farmgate to Karwan Bazar),Farmgate,Tejgaon,23.752924,90.392568,bdnews24,https://bdnews24.com/bangladesh/incident-2023-04-1151,news,Office worker,Paper cutter,2,CNG auto-rickshaw,Police blotter recorded a swift snatching incident in front of the commercial complex at Farmgate during Monday night hours.,INTERSECTION,VERIFIED,0.82
DHK-2023-0616,2023-04-04,16:15,2023,4,Tuesday,16,Robbery,Dhanmondi - along the poorly lit section of Dhanmondi 27 Inner Connector,ROAD_05,Dhanmondi 27 Inner Connector,Dhanmondi,Dhanmondi,23.757917,90.364554,The Daily Star,https://www.thedailystar.net/crime/incident-2023-04-0616,news,Female commuter,Unarmed / Speed snatch,1,CNG auto-rickshaw,"Muggers armed with a unarmed / speed snatch intercepted a female commuter along the poorly lit section of Dhanmondi 27 Inner Connector, fleeing with cash and bag.",INTERSECTION,PROBABLE,0.94
DHK-2023-0366,2023-04-04,17:19,2023,4,Tuesday,17,Snatching,Paltan - in front of the commercial complex at Paltan,ROAD_51,Paltan to Sadarghat (Old Dhaka Arterial),Paltan,Paltan,23.709133,90.411919,DMP Monthly Blotter,https://dmp.gov.bd/crime-statistics/incident-2023-04-0366,police_report,Female commuter,Sharp knife (Chhuri),2,Motorcycle (Pulsar/FZ),"Muggers armed with a sharp knife (chhuri) intercepted a female commuter in front of the commercial complex at Paltan, fleeing with cash and bag.",ROAD,VERIFIED,0.83
DHK-2023-1053,2023-04-07,13:25,2023,4,Friday,13,Robbery,Mirpur - near the intersection approaching Mirpur 10 Roundabout,ROAD_29,Begum Rokeya Sarani (Kazipara to Mirpur-10),Mirpur,Kafrul,23.797469,90.370601,The Business Standard,https://tbsnews.net/bangladesh/crime/incident-2023-04-1053,news,Pedestrian,Firearm / Pistol,2,Motorcycle (Pulsar/FZ),A pedestrian had their smartphone snatched by 2 perpetrators on a motorcycle (pulsar/fz) near the intersection approaching Mirpur 10 Roundabout around 13:25.,AREA,VERIFIED,0.76
DHK-2023-0154,2023-04-08,00:55,2023,4,Saturday,0,Snatching,Tejgaon - along the poorly lit section of Airport Road (Jahangir Gate to Mohakhali),ROAD_13,Airport Road (Jahangir Gate to Mohakhali),Tejgaon,Cantonment,23.775364,90.398098,bdnews24,https://bdnews24.com/bangladesh/incident-2023-04-0154,news,University student,Iron rod,4,Motorcycle (Pulsar/FZ),Police blotter recorded a swift snatching incident along the poorly lit section of Airport Road (Jahangir Gate to Mohakhali) during Saturday night hours.,INTERSECTION,VERIFIED,0.83
DHK-2023-1054,2023-04-08,01:52,2023,4,Saturday,1,Robbery,Mirpur - under the Mirpur footover bridge,ROAD_34,Mirpur-1 to Gabtoli Highway,Mirpur,Mirpur,23.794649,90.353821,The Business Standard,https://tbsnews.net/bangladesh/crime/incident-2023-04-1054,news,Office worker,Sharp knife (Chhuri),2,Motorcycle (Pulsar/FZ),"Muggers armed with a sharp knife (chhuri) intercepted a office worker under the Mirpur footover bridge, fleeing with cash and bag.",INTERSECTION,VERIFIED,0.77
DHK-2023-0739,2023-04-10,02:51,2023,4,Monday,2,Snatching,Dhanmondi - along the poorly lit section of Science Lab to Nilkhet / New Market,ROAD_10,Science Lab to Nilkhet / New Market,Dhanmondi,New Market,23.73521,90.383555,The Daily Star,https://www.thedailystar.net/crime/incident-2023-04-0739,news,Motorcyclist,Pepper spray,3,Motorcycle (Pulsar/FZ),A motorcyclist had their smartphone snatched by 3 perpetrators on a motorcycle (pulsar/fz) along the poorly lit section of Science Lab to Nilkhet / New Market around 02:51.,INTERSECTION,VERIFIED,0.84
DHK-2023-0275,2023-04-10,15:02,2023,4,Monday,15,Mugging,Badda - along the poorly lit section of Pragiti Sarani (Badda Link to Rampura Bridge),ROAD_22,Pragiti Sarani (Badda Link to Rampura Bridge),Badda,Badda,23.776657,90.428177,The Daily Star,https://www.thedailystar.net/crime/incident-2023-04-0275,news,Small shopkeeper,Sharp knife (Chhuri),2,On foot (sprint),Police blotter recorded a swift snatching incident along the poorly lit section of Pragiti Sarani (Badda Link to Rampura Bridge) during Monday night hours.,INTERSECTION,PROBABLE,0.75
DHK-2023-0549,2023-04-11,02:06,2023,4,Tuesday,2,Theft,Paltan - in front of the commercial complex at Paltan,ROAD_51,Paltan to Sadarghat (Old Dhaka Arterial),Paltan,Paltan,23.720925,90.411054,DMP Monthly Blotter,https://dmp.gov.bd/crime-statistics/incident-2023-04-0549,police_report,Office worker,Paper cutter,4,Motorcycle (Pulsar/FZ),"Muggers armed with a paper cutter intercepted a office worker in front of the commercial complex at Paltan, fleeing with cash and bag.",EXACT,VERIFIED,0.97
DHK-2023-0091,2023-04-11,22:58,2023,4,Tuesday,22,Robbery,Mohakhali - near the intersection approaching Banani Kakoli Crossing,ROAD_37,Dhaka-Mymensingh Hwy (Mohakhali to Banani),Mohakhali,Banani,23.787361,90.402986,Prothom Alo,https://en.prothomalo.com/bangladesh/crime-and-law/incident-2023-04-0091,news,Small shopkeeper,Firearm / Pistol,2,Motorcycle (Pulsar/FZ),Reported incident of robbery involving a small shopkeeper at near the intersection approaching Banani Kakoli Crossing. Suspects fled using a motorcycle (pulsar/fz).,INTERSECTION,VERIFIED,0.8
DHK-2023-0349,2023-04-12,12:10,2023,4,Wednesday,12,Robbery,Badda - in front of the commercial complex at Badda,ROAD_22,Pragiti Sarani (Badda Link to Rampura Bridge),Badda,Badda,23.76519,90.425767,Dhaka Tribune,https://www.dhakatribune.com/bangladesh/crime/incident-2023-04-0349,news,Office worker,Sharp knife (Chhuri),2,On foot (sprint),"Muggers armed with a sharp knife (chhuri) intercepted a office worker in front of the commercial complex at Badda, fleeing with cash and bag.",INTERSECTION,PROBABLE,0.81
DHK-2023-0118,2023-04-12,21:43,2023,4,Wednesday,21,Snatching,Baridhara - close to the Baridhara market square,ROAD_21,Pragiti Sarani (Notun Bazar to Badda Link),Baridhara,Bhatara,23.796793,90.425056,DMP Monthly Blotter,https://dmp.gov.bd/crime-statistics/incident-2023-04-0118,police_report,University student,Sharp knife (Chhuri),2,Motorcycle (Pulsar/FZ),"Muggers armed with a sharp knife (chhuri) intercepted a university student close to the Baridhara market square, fleeing with cash and bag.",INTERSECTION,PROBABLE,0.92
DHK-2023-1067,2023-04-13,13:41,2023,4,Thursday,13,Snatching,Sayedabad - under the Sayedabad footover bridge,ROAD_50,Sayedabad to Jatrabari Flyover Entrance,Sayedabad,Jatrabari,23.713771,90.431014,The Daily Star,https://www.thedailystar.net/crime/incident-2023-04-1067,news,Motorcyclist,Sharp knife (Chhuri),2,CNG auto-rickshaw,A motorcyclist had their smartphone snatched by 2 perpetrators on a cng auto-rickshaw under the Sayedabad footover bridge around 13:41.,ROAD,VERIFIED,0.87
DHK-2023-1277,2023-04-15,20:20,2023,4,Saturday,20,Robbery,Dhanmondi - under the Dhanmondi footover bridge,ROAD_10,Science Lab to Nilkhet / New Market,Dhanmondi,New Market,23.734109,90.383882,bdnews24,https://bdnews24.com/bangladesh/incident-2023-04-1277,news,Pedestrian,Paper cutter,2,Motorcycle (Pulsar/FZ),A pedestrian had their smartphone snatched by 2 perpetrators on a motorcycle (pulsar/fz) under the Dhanmondi footover bridge around 20:20.,ROAD,VERIFIED,0.87
DHK-2023-0062,2023-04-16,12:16,2023,4,Sunday,12,Snatching,Sayedabad - near the intersection approaching Jatrabari Chottor,ROAD_50,Sayedabad to Jatrabari Flyover Entrance,Sayedabad,Jatrabari,23.711222,90.434899,bdnews24,https://bdnews24.com/bangladesh/incident-2023-04-0062,news,University student,Sharp knife (Chhuri),1,CNG auto-rickshaw,A university student had their smartphone snatched by 1 perpetrators on a cng auto-rickshaw near the intersection approaching Jatrabari Chottor around 12:16.,INTERSECTION,VERIFIED,0.78
DHK-2023-0113,2023-04-16,22:18,2023,4,Sunday,22,Robbery,Dhanmondi - along the poorly lit section of Science Lab to Nilkhet / New Market,ROAD_10,Science Lab to Nilkhet / New Market,Dhanmondi,New Market,23.735508,90.383847,Dhaka Tribune,https://www.dhakatribune.com/bangladesh/crime/incident-2023-04-0113,news,Rickshaw passenger,Sharp knife (Chhuri),4,Motorcycle (Pulsar/FZ),"Muggers armed with a sharp knife (chhuri) intercepted a rickshaw passenger along the poorly lit section of Science Lab to Nilkhet / New Market, fleeing with cash and bag.",AREA,VERIFIED,0.94
DHK-2023-1118,2023-04-17,12:24,2023,4,Monday,12,Snatching,Mirpur - near Mirpur bus stop,ROAD_32,Mirpur-10 to Mirpur-11 Strip,Mirpur,Mirpur,23.81554,90.366544,bdnews24,https://bdnews24.com/bangladesh/incident-2023-04-1118,news,Motorcyclist,Sharp knife (Chhuri),2,On foot (sprint),Police blotter recorded a swift snatching incident near Mirpur bus stop during Monday night hours.,INTERSECTION,PROBABLE,0.78
DHK-2023-0520,2023-04-22,01:15,2023,4,Saturday,1,Robbery,Badda - close to the Badda market square,ROAD_22,Pragiti Sarani (Badda Link to Rampura Bridge),Badda,Badda,23.763832,90.425874,Daily Sun,https://www.daily-sun.com/post/crime/incident-2023-04-0520,news,Female commuter,Unarmed / Speed snatch,1,Motorcycle (Pulsar/FZ),A female commuter had their smartphone snatched by 1 perpetrators on a motorcycle (pulsar/fz) close to the Badda market square around 01:15.,INTERSECTION,VERIFIED,0.82
DHK-2023-1171,2023-04-22,14:17,2023,4,Saturday,14,Snatching,Motijheel - along the poorly lit section of Motijheel to Sayedabad Bus Terminal,ROAD_49,Motijheel to Sayedabad Bus Terminal,Motijheel,Motijheel,23.721263,90.424422,The Daily Star,https://www.thedailystar.net/crime/incident-2023-04-1171,news,Female commuter,Sharp knife (Chhuri),2,Motorcycle (Pulsar/FZ),"Muggers armed with a sharp knife (chhuri) intercepted a female commuter along the poorly lit section of Motijheel to Sayedabad Bus Terminal, fleeing with cash and bag.",INTERSECTION,VERIFIED,0.88
DHK-2023-0540,2023-04-22,19:44,2023,4,Saturday,19,Theft,Kuril - near the intersection approaching Airport Roundabout,ROAD_39,Airport Road (Kuril Flyover to Airport),Kuril,Khilkhet,23.834845,90.41277,bdnews24,https://bdnews24.com/bangladesh/incident-2023-04-0540,news,Pedestrian,Unarmed / Speed snatch,4,On foot (sprint),A pedestrian had their smartphone snatched by 4 perpetrators on a on foot (sprint) near the intersection approaching Airport Roundabout around 19:44.,ROAD,PROBABLE,0.79
DHK-2023-0654,2023-04-23,09:38,2023,4,Sunday,9,Mugging,Mohammadpur - near Mohammadpur bus stop,ROAD_35,Mohammadpur Beribadh Outer Road,Mohammadpur,Mohammadpur,23.773648,90.347192,Daily Sun,https://www.daily-sun.com/post/crime/incident-2023-04-0654,news,Female commuter,Pepper spray,2,Motorcycle (Pulsar/FZ),A female commuter had their smartphone snatched by 2 perpetrators on a motorcycle (pulsar/fz) near Mohammadpur bus stop around 09:38.,INTERSECTION,VERIFIED,0.87
DHK-2023-0290,2023-04-23,15:19,2023,4,Sunday,15,Snatching,Dhanmondi - in front of the commercial complex at Dhanmondi,ROAD_05,Dhanmondi 27 Inner Connector,Dhanmondi,Dhanmondi,23.757991,90.36481,The Daily Star,https://www.thedailystar.net/crime/incident-2023-04-0290,news,Office worker,Pepper spray,2,Private car,A office worker had their smartphone snatched by 2 perpetrators on a private car in front of the commercial complex at Dhanmondi around 15:19.,INTERSECTION,VERIFIED,0.79
DHK-2023-0120,2023-04-23,17:00,2023,4,Sunday,17,Snatching,Dhanmondi - close to the Dhanmondi market square,ROAD_10,Science Lab to Nilkhet / New Market,Dhanmondi,New Market,23.738438,90.383763,Daily Sun,https://www.daily-sun.com/post/crime/incident-2023-04-0120,news,Female commuter,Unarmed / Speed snatch,2,Motorcycle (Pulsar/FZ),A female commuter had their smartphone snatched by 2 perpetrators on a motorcycle (pulsar/fz) close to the Dhanmondi market square around 17:00.,INTERSECTION,VERIFIED,0.75
DHK-2023-1274,2023-04-25,22:28,2023,4,Tuesday,22,Snatching,Paltan - in front of the commercial complex at Paltan,ROAD_44,Paltan to Motijheel Commercial Area,Paltan,Paltan,23.728649,90.415041,The Business Standard,https://tbsnews.net/bangladesh/crime/incident-2023-04-1274,news,Rickshaw passenger,Sharp knife (Chhuri),4,Motorcycle (Pulsar/FZ),"Muggers armed with a sharp knife (chhuri) intercepted a rickshaw passenger in front of the commercial complex at Paltan, fleeing with cash and bag.",INTERSECTION,PROBABLE,0.8
DHK-2023-0978,2023-04-25,22:34,2023,4,Tuesday,22,Snatching,Nilkhet - near the intersection approaching Sadarghat Launch Terminal,ROAD_52,New Market to Sadarghat Riverfront Connector,Nilkhet,New Market,23.715775,90.403151,Daily Sun,https://www.daily-sun.com/post/crime/incident-2023-04-0978,news,Pedestrian,Sharp knife (Chhuri),1,Motorcycle (Pulsar/FZ),Reported incident of snatching involving a pedestrian at near the intersection approaching Sadarghat Launch Terminal. Suspects fled using a motorcycle (pulsar/fz).,AREA,VERIFIED,0.77
DHK-2023-0318,2023-04-26,20:14,2023,4,Wednesday,20,Robbery,Farmgate - under the Farmgate footover bridge,ROAD_07,Kazi Nazrul Islam Ave (Farmgate to Karwan Bazar),Farmgate,Tejgaon,23.753463,90.391954,Prothom Alo,https://en.prothomalo.com/bangladesh/crime-and-law/incident-2023-04-0318,news,Motorcyclist,Sharp knife (Chhuri),2,Motorcycle (Pulsar/FZ),Reported incident of robbery involving a motorcyclist at under the Farmgate footover bridge. Suspects fled using a motorcycle (pulsar/fz).,EXACT,VERIFIED,0.91
DHK-2023-1204,2023-04-28,08:36,2023,4,Friday,8,Snatching,Tejgaon - along the poorly lit section of Bijoy Sarani to Agargaon Connector,ROAD_14,Bijoy Sarani to Agargaon Connector,Tejgaon,Tejgaon,23.775933,90.377877,DMP Monthly Blotter,https://dmp.gov.bd/crime-statistics/incident-2023-04-1204,police_report,Office worker,Sharp knife (Chhuri),2,Motorcycle (Pulsar/FZ),"Muggers armed with a sharp knife (chhuri) intercepted a office worker along the poorly lit section of Bijoy Sarani to Agargaon Connector, fleeing with cash and bag.",EXACT,UNCONFIRMED,0.59
DHK-2023-0938,2023-04-28,09:05,2023,4,Friday,9,Snatching,Paltan - in front of the commercial complex at Paltan,ROAD_51,Paltan to Sadarghat (Old Dhaka Arterial),Paltan,Paltan,23.713806,90.411534,Daily Sun,https://www.daily-sun.com/post/crime/incident-2023-04-0938,news,Pedestrian,Sharp knife (Chhuri),2,On foot (sprint),"Muggers armed with a sharp knife (chhuri) intercepted a pedestrian in front of the commercial complex at Paltan, fleeing with cash and bag.",EXACT,VERIFIED,0.86
DHK-2023-0014,2023-04-28,21:03,2023,4,Friday,21,Robbery,Mohakhali - near Mohakhali bus stop,ROAD_37,Dhaka-Mymensingh Hwy (Mohakhali to Banani),Mohakhali,Banani,23.787007,90.402873,Dhaka Tribune,https://www.dhakatribune.com/bangladesh/crime/incident-2023-04-0014,news,Pedestrian,Pepper spray,3,Motorcycle (Pulsar/FZ),"Muggers armed with a pepper spray intercepted a pedestrian near Mohakhali bus stop, fleeing with cash and bag.",INTERSECTION,VERIFIED,0.77
DHK-2023-0217,2023-04-29,00:35,2023,4,Saturday,0,Snatching,Paltan - under the Paltan footover bridge,ROAD_51,Paltan to Sadarghat (Old Dhaka Arterial),Paltan,Paltan,23.721165,90.410961,bdnews24,https://bdnews24.com/bangladesh/incident-2023-04-0217,news,Rickshaw passenger,Sharp knife (Chhuri),2,On foot (sprint),Reported incident of snatching involving a rickshaw passenger at under the Paltan footover bridge. Suspects fled using a on foot (sprint).,ROAD,VERIFIED,0.9
DHK-2023-0890,2023-05-01,02:47,2023,5,Monday,2,Robbery,Badda - in front of the commercial complex at Badda,ROAD_22,Pragiti Sarani (Badda Link to Rampura Bridge),Badda,Badda,23.775378,90.427807,Daily Sun,https://www.daily-sun.com/post/crime/incident-2023-05-0890,news,University student,Sharp knife (Chhuri),2,Private car,A university student had their smartphone snatched by 2 perpetrators on a private car in front of the commercial complex at Badda around 02:47.,ROAD,VERIFIED,0.95
DHK-2023-0379,2023-05-01,17:54,2023,5,Monday,17,Snatching,Nilkhet - along the poorly lit section of New Market to Sadarghat Riverfront Connector,ROAD_52,New Market to Sadarghat Riverfront Connector,Nilkhet,New Market,23.728965,90.388518,Daily Sun,https://www.daily-sun.com/post/crime/incident-2023-05-0379,news,Motorcyclist,Firearm / Pistol,4,Motorcycle (Pulsar/FZ),"Muggers armed with a firearm / pistol intercepted a motorcyclist along the poorly lit section of New Market to Sadarghat Riverfront Connector, fleeing with cash and bag.",INTERSECTION,VERIFIED,0.89
DHK-2023-1114,2023-05-02,15:08,2023,5,Tuesday,15,Mugging,Farmgate - under the Farmgate footover bridge,ROAD_11,Airport Road (Farmgate to Bijoy Sarani),Farmgate,Tejgaon,23.759028,90.388751,Daily Sun,https://www.daily-sun.com/post/crime/incident-2023-05-1114,news,Office worker,Pepper spray,1,Motorcycle (Pulsar/FZ),Police blotter recorded a swift snatching incident under the Farmgate footover bridge during Tuesday night hours.,AREA,VERIFIED,0.77
DHK-2023-0702,2023-05-03,20:33,2023,5,Wednesday,20,Robbery,Dhanmondi - along the poorly lit section of Science Lab to Nilkhet / New Market,ROAD_10,Science Lab to Nilkhet / New Market,Dhanmondi,New Market,23.738173,90.383445,The Business Standard,https://tbsnews.net/bangladesh/crime/incident-2023-05-0702,news,Office worker,Unarmed / Speed snatch,2,On foot (sprint),Police blotter recorded a swift snatching incident along the poorly lit section of Science Lab to Nilkhet / New Market during Wednesday night hours.,INTERSECTION,VERIFIED,0.82
DHK-2023-0287,2023-05-04,09:50,2023,5,Thursday,9,Snatching,Sayedabad - in front of the commercial complex at Sayedabad,ROAD_50,Sayedabad to Jatrabari Flyover Entrance,Sayedabad,Jatrabari,23.71328,90.432117,Daily Sun,https://www.daily-sun.com/post/crime/incident-2023-05-0287,news,University student,Pepper spray,2,Motorcycle (Pulsar/FZ),Police blotter recorded a swift snatching incident in front of the commercial complex at Sayedabad during Thursday night hours.,ROAD,VERIFIED,0.77
DHK-2023-0579,2023-05-06,18:05,2023,5,Saturday,18,Theft,Baridhara - under the Baridhara footover bridge,ROAD_21,Pragiti Sarani (Notun Bazar to Badda Link),Baridhara,Bhatara,23.793822,90.425654,Daily Sun,https://www.daily-sun.com/post/crime/incident-2023-05-0579,news,Office worker,Sharp knife (Chhuri),1,Leguna van,"Muggers armed with a sharp knife (chhuri) intercepted a office worker under the Baridhara footover bridge, fleeing with cash and bag.",ROAD,PROBABLE,0.85
DHK-2023-0131,2023-05-07,10:28,2023,5,Sunday,10,Robbery,Mirpur - in front of the commercial complex at Mirpur,ROAD_32,Mirpur-10 to Mirpur-11 Strip,Mirpur,Mirpur,23.808378,90.368147,The Business Standard,https://tbsnews.net/bangladesh/crime/incident-2023-05-0131,news,Pedestrian,Sharp knife (Chhuri),3,On foot (sprint),"Muggers armed with a sharp knife (chhuri) intercepted a pedestrian in front of the commercial complex at Mirpur, fleeing with cash and bag.",INTERSECTION,VERIFIED,0.76
DHK-2023-0201,2023-05-08,05:42,2023,5,Monday,5,Snatching,Shahbagh - in front of the commercial complex at Shahbagh,ROAD_09,Shahbagh to Science Lab (Elephant Road),Shahbagh,Shahbagh,23.738767,90.394201,DMP Monthly Blotter,https://dmp.gov.bd/crime-statistics/incident-2023-05-0201,police_report,Office worker,Pepper spray,2,On foot (sprint),A office worker had their smartphone snatched by 2 perpetrators on a on foot (sprint) in front of the commercial complex at Shahbagh around 05:42.,INTERSECTION,PROBABLE,0.9
DHK-2023-0186,2023-05-08,05:45,2023,5,Monday,5,Snatching,Dhanmondi - along the poorly lit section of Science Lab to Nilkhet / New Market,ROAD_10,Science Lab to Nilkhet / New Market,Dhanmondi,New Market,23.738427,90.383464,The Business Standard,https://tbsnews.net/bangladesh/crime/incident-2023-05-0186,news,University student,Paper cutter,3,On foot (sprint),Reported incident of snatching involving a university student at along the poorly lit section of Science Lab to Nilkhet / New Market. Suspects fled using a on foot (sprint).,EXACT,PROBABLE,0.97
DHK-2023-0582,2023-05-08,20:23,2023,5,Monday,20,Theft,Nilkhet - near Nilkhet bus stop,ROAD_52,New Market to Sadarghat Riverfront Connector,Nilkhet,New Market,23.710754,90.408931,DMP Monthly Blotter,https://dmp.gov.bd/crime-statistics/incident-2023-05-0582,police_report,Small shopkeeper,Sharp knife (Chhuri),2,On foot (sprint),Reported incident of theft involving a small shopkeeper at near Nilkhet bus stop. Suspects fled using a on foot (sprint).,INTERSECTION,VERIFIED,0.95
DHK-2023-0152,2023-05-10,16:45,2023,5,Wednesday,16,Robbery,Rampura - near Rampura bus stop,ROAD_23,Hatirjheel Bypass (Rampura to Karwan Bazar),Rampura,Rampura,23.754081,90.400771,The Daily Star,https://www.thedailystar.net/crime/incident-2023-05-0152,news,Small shopkeeper,Unarmed / Speed snatch,2,Private car,Reported incident of robbery involving a small shopkeeper at near Rampura bus stop. Suspects fled using a private car.,ROAD,VERIFIED,0.96
DHK-2023-0414,2023-05-10,21:48,2023,5,Wednesday,21,Mugging,Mohammadpur - close to the Mohammadpur market square,ROAD_35,Mohammadpur Beribadh Outer Road,Mohammadpur,Mohammadpur,23.77636,90.347463,Prothom Alo,https://en.prothomalo.com/bangladesh/crime-and-law/incident-2023-05-0414,news,Motorcyclist,Sharp knife (Chhuri),1,CNG auto-rickshaw,Reported incident of mugging involving a motorcyclist at close to the Mohammadpur market square. Suspects fled using a cng auto-rickshaw.,INTERSECTION,VERIFIED,0.89
DHK-2023-0381,2023-05-10,22:16,2023,5,Wednesday,22,Snatching,Mirpur - near the intersection approaching Mirpur 10 Roundabout,ROAD_29,Begum Rokeya Sarani (Kazipara to Mirpur-10),Mirpur,Kafrul,23.801877,90.369756,DMP Monthly Blotter,https://dmp.gov.bd/crime-statistics/incident-2023-05-0381,police_report,Small shopkeeper,Paper cutter,4,On foot (sprint),"Muggers armed with a paper cutter intercepted a small shopkeeper near the intersection approaching Mirpur 10 Roundabout, fleeing with cash and bag.",INTERSECTION,VERIFIED,0.97
DHK-2023-0106,2023-05-11,14:30,2023,5,Thursday,14,Mugging,Motijheel - near the intersection approaching Sayedabad Bus Terminal,ROAD_49,Motijheel to Sayedabad Bus Terminal,Motijheel,Motijheel,23.721814,90.423987,bdnews24,https://bdnews24.com/bangladesh/incident-2023-05-0106,news,Motorcyclist,Sharp knife (Chhuri),2,Motorcycle (Pulsar/FZ),A motorcyclist had their smartphone snatched by 2 perpetrators on a motorcycle (pulsar/fz) near the intersection approaching Sayedabad Bus Terminal around 14:30.,INTERSECTION,VERIFIED,0.92
DHK-2023-0617,2023-05-11,22:52,2023,5,Thursday,22,Pickpocketing,Farmgate - under the Farmgate footover bridge,ROAD_07,Kazi Nazrul Islam Ave (Farmgate to Karwan Bazar),Farmgate,Tejgaon,23.752354,90.393017,DMP Monthly Blotter,https://dmp.gov.bd/crime-statistics/incident-2023-05-0617,police_report,Rickshaw passenger,Sharp knife (Chhuri),1,On foot (sprint),Police blotter recorded a swift snatching incident under the Farmgate footover bridge during Thursday night hours.,EXACT,VERIFIED,0.83
DHK-2023-0042,2023-05-12,10:26,2023,5,Friday,10,Robbery,Mirpur - along the poorly lit section of Mirpur-1 to Mirpur-10 Connector,ROAD_31,Mirpur-1 to Mirpur-10 Connector,Mirpur,Mirpur,23.799917,90.35986,Dhaka Tribune,https://www.dhakatribune.com/bangladesh/crime/incident-2023-05-0042,news,Small shopkeeper,Sharp knife (Chhuri),2,Motorcycle (Pulsar/FZ),A small shopkeeper had their smartphone snatched by 2 perpetrators on a motorcycle (pulsar/fz) along the poorly lit section of Mirpur-1 to Mirpur-10 Connector around 10:26.,ROAD,VERIFIED,0.95
DHK-2023-0703,2023-05-12,22:40,2023,5,Friday,22,Snatching,Shahbagh - in front of the commercial complex at Shahbagh,ROAD_09,Shahbagh to Science Lab (Elephant Road),Shahbagh,Shahbagh,23.73889,90.393411,The Business Standard,https://tbsnews.net/bangladesh/crime/incident-2023-05-0703,news,Rickshaw passenger,Sharp knife (Chhuri),2,CNG auto-rickshaw,"Muggers armed with a sharp knife (chhuri) intercepted a rickshaw passenger in front of the commercial complex at Shahbagh, fleeing with cash and bag.",INTERSECTION,UNCONFIRMED,0.58
DHK-2023-1271,2023-05-13,21:21,2023,5,Saturday,21,Pickpocketing,Banani - near Banani bus stop,ROAD_17,Kemal Ataturk Ave (Banani Kakoli to Gulshan-2),Banani,Banani,23.793254,90.406598,DMP Monthly Blotter,https://dmp.gov.bd/crime-statistics/incident-2023-05-1271,police_report,Small shopkeeper,Firearm / Pistol,4,Motorcycle (Pulsar/FZ),"Muggers armed with a firearm / pistol intercepted a small shopkeeper near Banani bus stop, fleeing with cash and bag.",EXACT,VERIFIED,0.83
DHK-2023-0694,2023-05-15,21:55,2023,5,Monday,21,Snatching,Badda - in front of the commercial complex at Badda,ROAD_22,Pragiti Sarani (Badda Link to Rampura Bridge),Badda,Badda,23.773268,90.427297,Prothom Alo,https://en.prothomalo.com/bangladesh/crime-and-law/incident-2023-05-0694,news,Pedestrian,Paper cutter,2,Motorcycle (Pulsar/FZ),Police blotter recorded a swift snatching incident in front of the commercial complex at Badda during Monday night hours.,EXACT,PROBABLE,0.88
DHK-2023-0289,2023-05-16,22:19,2023,5,Tuesday,22,Snatching,Baridhara - along the poorly lit section of Pragiti Sarani (Notun Bazar to Badda Link),ROAD_21,Pragiti Sarani (Notun Bazar to Badda Link),Baridhara,Bhatara,23.784315,90.427593,The Daily Star,https://www.thedailystar.net/crime/incident-2023-05-0289,news,Rickshaw passenger,Paper cutter,1,Private car,A rickshaw passenger had their smartphone snatched by 1 perpetrators on a private car along the poorly lit section of Pragiti Sarani (Notun Bazar to Badda Link) around 22:19.,INTERSECTION,PROBABLE,0.85
DHK-2023-1165,2023-05-18,09:31,2023,5,Thursday,9,Robbery,Baridhara - near the intersection approaching Badda Link Road,ROAD_21,Pragiti Sarani (Notun Bazar to Badda Link),Baridhara,Bhatara,23.786892,90.42667,bdnews24,https://bdnews24.com/bangladesh/incident-2023-05-1165,news,Office worker,Unarmed / Speed snatch,2,Motorcycle (Pulsar/FZ),Police blotter recorded a swift snatching incident near the intersection approaching Badda Link Road during Thursday night hours.,AREA,PROBABLE,0.9
DHK-2023-0420,2023-05-18,20:16,2023,5,Thursday,20,Snatching,Mirpur - in front of the commercial complex at Mirpur,ROAD_31,Mirpur-1 to Mirpur-10 Connector,Mirpur,Mirpur,23.796314,90.355416,Prothom Alo,https://en.prothomalo.com/bangladesh/crime-and-law/incident-2023-05-0420,news,Female commuter,Unarmed / Speed snatch,2,On foot (sprint),"Muggers armed with a unarmed / speed snatch intercepted a female commuter in front of the commercial complex at Mirpur, fleeing with cash and bag.",AREA,VERIFIED,0.77
DHK-2023-0212,2023-05-18,21:06,2023,5,Thursday,21,Snatching,Shahbagh - in front of the commercial complex at Shahbagh,ROAD_42,Shahbagh to Kakrail VIP Road,Shahbagh,Shahbagh,23.738887,90.402515,Daily Sun,https://www.daily-sun.com/post/crime/incident-2023-05-0212,news,Pedestrian,Unarmed / Speed snatch,2,Motorcycle (Pulsar/FZ),A pedestrian had their smartphone snatched by 2 perpetrators on a motorcycle (pulsar/fz) in front of the commercial complex at Shahbagh around 21:06.,INTERSECTION,VERIFIED,0.84
DHK-2023-0159,2023-05-18,21:15,2023,5,Thursday,21,Mugging,Rampura - under the Rampura footover bridge,ROAD_23,Hatirjheel Bypass (Rampura to Karwan Bazar),Rampura,Rampura,23.754,90.400751,DMP Monthly Blotter,https://dmp.gov.bd/crime-statistics/incident-2023-05-0159,police_report,Pedestrian,Sharp knife (Chhuri),3,CNG auto-rickshaw,Police blotter recorded a swift snatching incident under the Rampura footover bridge during Thursday night hours.,EXACT,VERIFIED,0.97
DHK-2023-0859,2023-05-20,01:05,2023,5,Saturday,1,Robbery,Mirpur - under the Mirpur footover bridge,ROAD_31,Mirpur-1 to Mirpur-10 Connector,Mirpur,Mirpur,23.801427,90.362222,Dhaka Tribune,https://www.dhakatribune.com/bangladesh/crime/incident-2023-05-0859,news,University student,Sharp knife (Chhuri),2,CNG auto-rickshaw,"Muggers armed with a sharp knife (chhuri) intercepted a university student under the Mirpur footover bridge, fleeing with cash and bag.",ROAD,UNCONFIRMED,0.67
DHK-2023-0015,2023-05-20,02:43,2023,5,Saturday,2,Snatching,Dhanmondi - near the intersection approaching Asad Gate,ROAD_03,Mirpur Road (Russell Square to Asad Gate),Dhanmondi,Dhanmondi,23.758023,90.372405,DMP Monthly Blotter,https://dmp.gov.bd/crime-statistics/incident-2023-05-0015,police_report,Rickshaw passenger,Paper cutter,3,Motorcycle (Pulsar/FZ),A rickshaw passenger had their smartphone snatched by 3 perpetrators on a motorcycle (pulsar/fz) near the intersection approaching Asad Gate around 02:43.,INTERSECTION,PROBABLE,0.89
DHK-2023-0128,2023-05-20,20:30,2023,5,Saturday,20,Theft,Tejgaon - near Tejgaon bus stop,ROAD_13,Airport Road (Jahangir Gate to Mohakhali),Tejgaon,Cantonment,23.774079,90.396181,The Daily Star,https://www.thedailystar.net/crime/incident-2023-05-0128,news,Female commuter,Unarmed / Speed snatch,3,Motorcycle (Pulsar/FZ),Reported incident of theft involving a female commuter at near Tejgaon bus stop. Suspects fled using a motorcycle (pulsar/fz).,ROAD,VERIFIED,0.86
DHK-2023-0676,2023-05-20,22:06,2023,5,Saturday,22,Theft,Dhanmondi - under the Dhanmondi footover bridge,ROAD_01,Mirpur Road (Science Lab to Kalabagan),Dhanmondi,New Market,23.744985,90.380649,The Business Standard,https://tbsnews.net/bangladesh/crime/incident-2023-05-0676,news,Rickshaw passenger,Pepper spray,2,Motorcycle (Pulsar/FZ),A rickshaw passenger had their smartphone snatched by 2 perpetrators on a motorcycle (pulsar/fz) under the Dhanmondi footover bridge around 22:06.,EXACT,VERIFIED,0.97
DHK-2023-0421,2023-05-23,19:57,2023,5,Tuesday,19,Snatching,Gulshan - near the intersection approaching Gulshan 2 Circle,ROAD_16,Gulshan Avenue (Gulshan-1 to Gulshan-2),Gulshan,Gulshan,23.781442,90.416826,The Business Standard,https://tbsnews.net/bangladesh/crime/incident-2023-05-0421,news,Female commuter,Pepper spray,4,CNG auto-rickshaw,"Muggers armed with a pepper spray intercepted a female commuter near the intersection approaching Gulshan 2 Circle, fleeing with cash and bag.",EXACT,VERIFIED,0.88
DHK-2023-0637,2023-05-25,21:24,2023,5,Thursday,21,Theft,Malibagh - in front of the commercial complex at Malibagh,ROAD_48,Mouchak to Kakrail Road,Malibagh,Shahjahanpur,23.739752,90.407199,bdnews24,https://bdnews24.com/bangladesh/incident-2023-05-0637,news,Small shopkeeper,Sharp knife (Chhuri),2,On foot (sprint),"Muggers armed with a sharp knife (chhuri) intercepted a small shopkeeper in front of the commercial complex at Malibagh, fleeing with cash and bag.",EXACT,VERIFIED,0.93
DHK-2023-0360,2023-05-26,19:30,2023,5,Friday,19,Theft,Shyamoli - along the poorly lit section of Mirpur Road (Shyamoli to Mirpur-1),ROAD_30,Mirpur Road (Shyamoli to Mirpur-1),Shyamoli,Adabor,23.792369,90.355216,bdnews24,https://bdnews24.com/bangladesh/incident-2023-05-0360,news,Motorcyclist,Sharp knife (Chhuri),2,Motorcycle (Pulsar/FZ),A motorcyclist had their smartphone snatched by 2 perpetrators on a motorcycle (pulsar/fz) along the poorly lit section of Mirpur Road (Shyamoli to Mirpur-1) around 19:30.,ROAD,VERIFIED,0.95
DHK-2023-0285,2023-05-26,20:33,2023,5,Friday,20,Mugging,Tejgaon - near the intersection approaching Farmgate Intersection,ROAD_26,Tejgaon Industrial to Farmgate Link,Tejgaon,Tejgaon Industrial,23.757542,90.390541,Prothom Alo,https://en.prothomalo.com/bangladesh/crime-and-law/incident-2023-05-0285,news,Rickshaw passenger,Sharp knife (Chhuri),2,On foot (sprint),Police blotter recorded a swift snatching incident near the intersection approaching Farmgate Intersection during Friday night hours.,EXACT,PROBABLE,0.83
DHK-2023-0585,2023-05-27,00:41,2023,5,Saturday,0,Mugging,Motijheel - under the Motijheel footover bridge,ROAD_49,Motijheel to Sayedabad Bus Terminal,Motijheel,Motijheel,23.727436,90.419165,bdnews24,https://bdnews24.com/bangladesh/incident-2023-05-0585,news,Rickshaw passenger,Sharp knife (Chhuri),1,Motorcycle (Pulsar/FZ),Police blotter recorded a swift snatching incident under the Motijheel footover bridge during Saturday night hours.,AREA,VERIFIED,0.95
DHK-2023-0473,2023-05-27,12:05,2023,5,Saturday,12,Snatching,Farmgate - near the intersection approaching Bijoy Sarani Chottor,ROAD_11,Airport Road (Farmgate to Bijoy Sarani),Farmgate,Tejgaon,23.758295,90.388815,Prothom Alo,https://en.prothomalo.com/bangladesh/crime-and-law/incident-2023-05-0473,news,Office worker,Sharp knife (Chhuri),2,Motorcycle (Pulsar/FZ),Police blotter recorded a swift snatching incident near the intersection approaching Bijoy Sarani Chottor during Saturday night hours.,INTERSECTION,VERIFIED,0.81
DHK-2023-0488,2023-05-27,15:34,2023,5,Saturday,15,Snatching,Dhanmondi - near Dhanmondi bus stop,ROAD_03,Mirpur Road (Russell Square to Asad Gate),Dhanmondi,Dhanmondi,23.754724,90.375008,Daily Sun,https://www.daily-sun.com/post/crime/incident-2023-05-0488,news,University student,Sharp knife (Chhuri),1,Motorcycle (Pulsar/FZ),"Muggers armed with a sharp knife (chhuri) intercepted a university student near Dhanmondi bus stop, fleeing with cash and bag.",ROAD,VERIFIED,0.84
DHK-2023-0327,2023-05-31,00:51,2023,5,Wednesday,0,Snatching,Mirpur - under the Mirpur footover bridge,ROAD_29,Begum Rokeya Sarani (Kazipara to Mirpur-10),Mirpur,Kafrul,23.804718,90.368854,The Daily Star,https://www.thedailystar.net/crime/incident-2023-05-0327,news,Pedestrian,Sharp knife (Chhuri),2,Private car,Police blotter recorded a swift snatching incident under the Mirpur footover bridge during Wednesday night hours.,INTERSECTION,VERIFIED,0.79
DHK-2023-0166,2023-06-01,04:08,2023,6,Thursday,4,Theft,Uttara - under the Uttara footover bridge,ROAD_41,Dhaka-Mymensingh Hwy (Jasimuddin to House Building),Uttara,Uttara East,23.872809,90.398039,The Business Standard,https://tbsnews.net/bangladesh/crime/incident-2023-06-0166,news,Motorcyclist,Unarmed / Speed snatch,2,Motorcycle (Pulsar/FZ),"Muggers armed with a unarmed / speed snatch intercepted a motorcyclist under the Uttara footover bridge, fleeing with cash and bag.",ROAD,VERIFIED,0.93
DHK-2023-0605,2023-06-01,06:17,2023,6,Thursday,6,Mugging,Mirpur - under the Mirpur footover bridge,ROAD_28,Begum Rokeya Sarani (Shewrapara to Kazipara),Mirpur,Kafrul,23.791035,90.371845,The Daily Star,https://www.thedailystar.net/crime/incident-2023-06-0605,news,Female commuter,Firearm / Pistol,2,Motorcycle (Pulsar/FZ),Police blotter recorded a swift snatching incident under the Mirpur footover bridge during Thursday night hours.,AREA,VERIFIED,0.77
DHK-2023-0226,2023-06-02,00:52,2023,6,Friday,0,Robbery,Mohammadpur - near Mohammadpur bus stop,ROAD_06,Mirpur Road (Asad Gate to Farmgate Connector),Mohammadpur,Mohammadpur,23.757889,90.383175,Daily Sun,https://www.daily-sun.com/post/crime/incident-2023-06-0226,news,Office worker,Paper cutter,2,Motorcycle (Pulsar/FZ),"Muggers armed with a paper cutter intercepted a office worker near Mohammadpur bus stop, fleeing with cash and bag.",EXACT,VERIFIED,0.75
DHK-2023-1005,2023-06-03,03:09,2023,6,Saturday,3,Mugging,Badda - near the intersection approaching Rampura Bridge,ROAD_22,Pragiti Sarani (Badda Link to Rampura Bridge),Badda,Badda,23.76968,90.426558,The Daily Star,https://www.thedailystar.net/crime/incident-2023-06-1005,news,Rickshaw passenger,Sharp knife (Chhuri),2,On foot (sprint),A rickshaw passenger had their smartphone snatched by 2 perpetrators on a on foot (sprint) near the intersection approaching Rampura Bridge around 03:09.,INTERSECTION,VERIFIED,0.86
DHK-2023-0328,2023-06-03,19:35,2023,6,Saturday,19,Snatching,Dhanmondi - near Dhanmondi bus stop,ROAD_10,Science Lab to Nilkhet / New Market,Dhanmondi,New Market,23.733665,90.383874,DMP Monthly Blotter,https://dmp.gov.bd/crime-statistics/incident-2023-06-0328,police_report,University student,Sharp knife (Chhuri),4,Motorcycle (Pulsar/FZ),Police blotter recorded a swift snatching incident near Dhanmondi bus stop during Saturday night hours.,EXACT,VERIFIED,0.97
DHK-2023-0011,2023-06-04,07:28,2023,6,Sunday,7,Snatching,Paltan - near Paltan bus stop,ROAD_44,Paltan to Motijheel Commercial Area,Paltan,Paltan,23.72829,90.417069,The Business Standard,https://tbsnews.net/bangladesh/crime/incident-2023-06-0011,news,Motorcyclist,Unarmed / Speed snatch,1,On foot (sprint),"Muggers armed with a unarmed / speed snatch intercepted a motorcyclist near Paltan bus stop, fleeing with cash and bag.",ROAD,PROBABLE,0.79
DHK-2023-0670,2023-06-06,21:07,2023,6,Tuesday,21,Snatching,Gulshan - under the Gulshan footover bridge,ROAD_20,Madani Avenue (Gulshan-2 to Notun Bazar),Gulshan,Gulshan,23.797667,90.423157,Prothom Alo,https://en.prothomalo.com/bangladesh/crime-and-law/incident-2023-06-0670,news,Office worker,Sharp knife (Chhuri),2,Motorcycle (Pulsar/FZ),Police blotter recorded a swift snatching incident under the Gulshan footover bridge during Tuesday night hours.,INTERSECTION,UNCONFIRMED,0.68
DHK-2023-0243,2023-06-07,01:23,2023,6,Wednesday,1,Snatching,Badda - along the poorly lit section of Pragiti Sarani (Badda Link to Rampura Bridge),ROAD_22,Pragiti Sarani (Badda Link to Rampura Bridge),Badda,Badda,23.774022,90.42782,DMP Monthly Blotter,https://dmp.gov.bd/crime-statistics/incident-2023-06-0243,police_report,Motorcyclist,Sharp knife (Chhuri),2,Private car,A motorcyclist had their smartphone snatched by 2 perpetrators on a private car along the poorly lit section of Pragiti Sarani (Badda Link to Rampura Bridge) around 01:23.,INTERSECTION,UNCONFIRMED,0.53
DHK-2023-0593,2023-06-07,19:54,2023,6,Wednesday,19,Snatching,Sayedabad - near Sayedabad bus stop,ROAD_50,Sayedabad to Jatrabari Flyover Entrance,Sayedabad,Jatrabari,23.711716,90.433988,Prothom Alo,https://en.prothomalo.com/bangladesh/crime-and-law/incident-2023-06-0593,news,Small shopkeeper,Sharp knife (Chhuri),2,On foot (sprint),A small shopkeeper had their smartphone snatched by 2 perpetrators on a on foot (sprint) near Sayedabad bus stop around 19:54.,ROAD,VERIFIED,0.89
DHK-2023-0804,2023-06-08,21:34,2023,6,Thursday,21,Mugging,Sayedabad - along the poorly lit section of Sayedabad to Jatrabari Flyover Entrance,ROAD_50,Sayedabad to Jatrabari Flyover Entrance,Sayedabad,Jatrabari,23.715075,90.430258,The Business Standard,https://tbsnews.net/bangladesh/crime/incident-2023-06-0804,news,Pedestrian,Sharp knife (Chhuri),2,CNG auto-rickshaw,Reported incident of mugging involving a pedestrian at along the poorly lit section of Sayedabad to Jatrabari Flyover Entrance. Suspects fled using a cng auto-rickshaw.,INTERSECTION,VERIFIED,0.84
DHK-2023-1138,2023-06-08,22:32,2023,6,Thursday,22,Snatching,Dhanmondi - in front of the commercial complex at Dhanmondi,ROAD_03,Mirpur Road (Russell Square to Asad Gate),Dhanmondi,Dhanmondi,23.754702,90.374824,Prothom Alo,https://en.prothomalo.com/bangladesh/crime-and-law/incident-2023-06-1138,news,Motorcyclist,Sharp knife (Chhuri),2,Motorcycle (Pulsar/FZ),Police blotter recorded a swift snatching incident in front of the commercial complex at Dhanmondi during Thursday night hours.,INTERSECTION,VERIFIED,0.77
DHK-2023-0296,2023-06-09,07:36,2023,6,Friday,7,Snatching,Karwan Bazar - near Karwan Bazar bus stop,ROAD_45,Mogbazar Flyover Road (Karwan Bazar to Mogbazar),Karwan Bazar,Tejgaon,23.751005,90.398217,Dhaka Tribune,https://www.dhakatribune.com/bangladesh/crime/incident-2023-06-0296,news,Rickshaw passenger,Sharp knife (Chhuri),3,Motorcycle (Pulsar/FZ),Police blotter recorded a swift snatching incident near Karwan Bazar bus stop during Friday night hours.,ROAD,VERIFIED,0.77
DHK-2023-0589,2023-06-10,14:33,2023,6,Saturday,14,Snatching,Sayedabad - near Sayedabad bus stop,ROAD_50,Sayedabad to Jatrabari Flyover Entrance,Sayedabad,Jatrabari,23.711193,90.434433,The Business Standard,https://tbsnews.net/bangladesh/crime/incident-2023-06-0589,news,Office worker,Pepper spray,4,Motorcycle (Pulsar/FZ),Reported incident of snatching involving a office worker at near Sayedabad bus stop. Suspects fled using a motorcycle (pulsar/fz).,INTERSECTION,VERIFIED,0.89
DHK-2023-0749,2023-06-10,19:47,2023,6,Saturday,19,Snatching,Mohammadpur - near Mohammadpur bus stop,ROAD_35,Mohammadpur Beribadh Outer Road,Mohammadpur,Mohammadpur,23.783339,90.347122,bdnews24,https://bdnews24.com/bangladesh/incident-2023-06-0749,news,Motorcyclist,Sharp knife (Chhuri),1,Private car,Police blotter recorded a swift snatching incident near Mohammadpur bus stop during Saturday night hours.,INTERSECTION,VERIFIED,0.78
DHK-2023-0230,2023-06-11,01:23,2023,6,Sunday,1,Robbery,Badda - in front of the commercial complex at Badda,ROAD_22,Pragiti Sarani (Badda Link to Rampura Bridge),Badda,Badda,23.763394,90.425468,The Business Standard,https://tbsnews.net/bangladesh/crime/incident-2023-06-0230,news,Rickshaw passenger,Sharp knife (Chhuri),2,CNG auto-rickshaw,A rickshaw passenger had their smartphone snatched by 2 perpetrators on a cng auto-rickshaw in front of the commercial complex at Badda around 01:23.,EXACT,VERIFIED,0.9
DHK-2023-0004,2023-06-11,11:05,2023,6,Sunday,11,Snatching,Farmgate - under the Farmgate footover bridge,ROAD_07,Kazi Nazrul Islam Ave (Farmgate to Karwan Bazar),Farmgate,Tejgaon,23.753237,90.392854,DMP Monthly Blotter,https://dmp.gov.bd/crime-statistics/incident-2023-06-0004,police_report,Small shopkeeper,Firearm / Pistol,2,CNG auto-rickshaw,Police blotter recorded a swift snatching incident under the Farmgate footover bridge during Sunday night hours.,EXACT,VERIFIED,0.97
DHK-2023-0502,2023-06-13,22:29,2023,6,Tuesday,22,Snatching,Mirpur - in front of the commercial complex at Mirpur,ROAD_28,Begum Rokeya Sarani (Shewrapara to Kazipara),Mirpur,Kafrul,23.791045,90.371933,bdnews24,https://bdnews24.com/bangladesh/incident-2023-06-0502,news,Small shopkeeper,Sharp knife (Chhuri),2,Motorcycle (Pulsar/FZ),A small shopkeeper had their smartphone snatched by 2 perpetrators on a motorcycle (pulsar/fz) in front of the commercial complex at Mirpur around 22:29.,AREA,PROBABLE,0.94
DHK-2023-0638,2023-06-15,14:39,2023,6,Thursday,14,Robbery,Mirpur - near Mirpur bus stop,ROAD_31,Mirpur-1 to Mirpur-10 Connector,Mirpur,Mirpur,23.805712,90.366505,The Business Standard,https://tbsnews.net/bangladesh/crime/incident-2023-06-0638,news,Female commuter,Iron rod,1,Motorcycle (Pulsar/FZ),Police blotter recorded a swift snatching incident near Mirpur bus stop during Thursday night hours.,ROAD,VERIFIED,0.83
DHK-2023-0833,2023-06-16,13:50,2023,6,Friday,13,Robbery,Dhanmondi - near the intersection approaching New Market Nilkhet,ROAD_10,Science Lab to Nilkhet / New Market,Dhanmondi,New Market,23.736539,90.383474,DMP Monthly Blotter,https://dmp.gov.bd/crime-statistics/incident-2023-06-0833,police_report,University student,Sharp knife (Chhuri),4,Motorcycle (Pulsar/FZ),Reported incident of robbery involving a university student at near the intersection approaching New Market Nilkhet. Suspects fled using a motorcycle (pulsar/fz).,INTERSECTION,UNCONFIRMED,0.6
DHK-2023-0424,2023-06-17,12:53,2023,6,Saturday,12,Pickpocketing,Baridhara - in front of the commercial complex at Baridhara,ROAD_21,Pragiti Sarani (Notun Bazar to Badda Link),Baridhara,Bhatara,23.792943,90.426073,Dhaka Tribune,https://www.dhakatribune.com/bangladesh/crime/incident-2023-06-0424,news,Female commuter,Unarmed / Speed snatch,4,On foot (sprint),A female commuter had their smartphone snatched by 4 perpetrators on a on foot (sprint) in front of the commercial complex at Baridhara around 12:53.,ROAD,VERIFIED,0.92
DHK-2023-0144,2023-06-17,22:23,2023,6,Saturday,22,Mugging,Mirpur - under the Mirpur footover bridge,ROAD_31,Mirpur-1 to Mirpur-10 Connector,Mirpur,Mirpur,23.797586,90.357015,The Business Standard,https://tbsnews.net/bangladesh/crime/incident-2023-06-0144,news,Office worker,Unarmed / Speed snatch,2,On foot (sprint),"Muggers armed with a unarmed / speed snatch intercepted a office worker under the Mirpur footover bridge, fleeing with cash and bag.",ROAD,PROBABLE,0.76
DHK-2023-0410,2023-06-18,15:06,2023,6,Sunday,15,Robbery,Mirpur - under the Mirpur footover bridge,ROAD_32,Mirpur-10 to Mirpur-11 Strip,Mirpur,Mirpur,23.809115,90.368104,The Daily Star,https://www.thedailystar.net/crime/incident-2023-06-0410,news,Office worker,Firearm / Pistol,1,CNG auto-rickshaw,"Muggers armed with a firearm / pistol intercepted a office worker under the Mirpur footover bridge, fleeing with cash and bag.",INTERSECTION,VERIFIED,0.95
DHK-2023-0976,2023-06-21,07:17,2023,6,Wednesday,7,Snatching,Malibagh - near the intersection approaching Khilgaon Taltola,ROAD_47,Mouchak to Khilgaon Flyover,Malibagh,Shahjahanpur,23.74779,90.412848,The Daily Star,https://www.thedailystar.net/crime/incident-2023-06-0976,news,Small shopkeeper,Paper cutter,1,Motorcycle (Pulsar/FZ),Reported incident of snatching involving a small shopkeeper at near the intersection approaching Khilgaon Taltola. Suspects fled using a motorcycle (pulsar/fz).,AREA,VERIFIED,0.95
DHK-2023-0595,2023-06-22,18:09,2023,6,Thursday,18,Robbery,Nilkhet - under the Nilkhet footover bridge,ROAD_52,New Market to Sadarghat Riverfront Connector,Nilkhet,New Market,23.718304,90.400878,Daily Sun,https://www.daily-sun.com/post/crime/incident-2023-06-0595,news,University student,Sharp knife (Chhuri),2,Motorcycle (Pulsar/FZ),Police blotter recorded a swift snatching incident under the Nilkhet footover bridge during Thursday night hours.,INTERSECTION,VERIFIED,0.92
DHK-2023-0260,2023-06-23,01:43,2023,6,Friday,1,Pickpocketing,Kalabagan - under the Kalabagan footover bridge,ROAD_02,Mirpur Road (Kalabagan to Russell Square),Kalabagan,Kalabagan,23.746454,90.379615,Dhaka Tribune,https://www.dhakatribune.com/bangladesh/crime/incident-2023-06-0260,news,Female commuter,Sharp knife (Chhuri),4,CNG auto-rickshaw,Police blotter recorded a swift snatching incident under the Kalabagan footover bridge during Friday night hours.,INTERSECTION,VERIFIED,0.85
DHK-2023-0999,2023-06-24,16:36,2023,6,Saturday,16,Snatching,Tejgaon - near Tejgaon bus stop,ROAD_25,Tejgaon-Gulshan Link Road,Tejgaon,Tejgaon Industrial,23.772615,90.410759,The Daily Star,https://www.thedailystar.net/crime/incident-2023-06-0999,news,Pedestrian,Sharp knife (Chhuri),2,Leguna van,Reported incident of snatching involving a pedestrian at near Tejgaon bus stop. Suspects fled using a leguna van.,EXACT,VERIFIED,0.75
DHK-2023-0543,2023-06-24,19:33,2023,6,Saturday,19,Robbery,Dhanmondi - near the intersection approaching Asad Gate,ROAD_03,Mirpur Road (Russell Square to Asad Gate),Dhanmondi,Dhanmondi,23.756965,90.373476,DMP Monthly Blotter,https://dmp.gov.bd/crime-statistics/incident-2023-06-0543,police_report,Rickshaw passenger,Sharp knife (Chhuri),2,Motorcycle (Pulsar/FZ),Police blotter recorded a swift snatching incident near the intersection approaching Asad Gate during Saturday night hours.,INTERSECTION,VERIFIED,0.76
DHK-2023-0977,2023-06-24,22:12,2023,6,Saturday,22,Theft,Shyamoli - close to the Shyamoli market square,ROAD_30,Mirpur Road (Shyamoli to Mirpur-1),Shyamoli,Adabor,23.774669,90.361982,Daily Sun,https://www.daily-sun.com/post/crime/incident-2023-06-0977,news,Rickshaw passenger,Sharp knife (Chhuri),2,Motorcycle (Pulsar/FZ),Police blotter recorded a swift snatching incident close to the Shyamoli market square during Saturday night hours.,INTERSECTION,VERIFIED,0.79
DHK-2023-0253,2023-06-25,12:07,2023,6,Sunday,12,Mugging,Farmgate - near the intersection approaching Karwan Bazar Chottor,ROAD_07,Kazi Nazrul Islam Ave (Farmgate to Karwan Bazar),Farmgate,Tejgaon,23.752649,90.392933,Prothom Alo,https://en.prothomalo.com/bangladesh/crime-and-law/incident-2023-06-0253,news,University student,Firearm / Pistol,2,Motorcycle (Pulsar/FZ),Police blotter recorded a swift snatching incident near the intersection approaching Karwan Bazar Chottor during Sunday night hours.,INTERSECTION,VERIFIED,0.83
DHK-2023-0570,2023-06-26,21:27,2023,6,Monday,21,Theft,Tejgaon - in front of the commercial complex at Tejgaon,ROAD_12,Jahangir Gate VIP Link,Tejgaon,Tejgaon,23.768278,90.38989,The Business Standard,https://tbsnews.net/bangladesh/crime/incident-2023-06-0570,news,Small shopkeeper,Sharp knife (Chhuri),4,Motorcycle (Pulsar/FZ),Police blotter recorded a swift snatching incident in front of the commercial complex at Tejgaon during Monday night hours.,INTERSECTION,PROBABLE,0.89
DHK-2023-0937,2023-06-28,00:19,2023,6,Wednesday,0,Mugging,Mirpur - under the Mirpur footover bridge,ROAD_32,Mirpur-10 to Mirpur-11 Strip,Mirpur,Mirpur,23.811359,90.367238,The Daily Star,https://www.thedailystar.net/crime/incident-2023-06-0937,news,Pedestrian,Pepper spray,4,Motorcycle (Pulsar/FZ),A pedestrian had their smartphone snatched by 4 perpetrators on a motorcycle (pulsar/fz) under the Mirpur footover bridge around 00:19.,EXACT,PROBABLE,0.79
DHK-2023-0267,2023-06-28,18:28,2023,6,Wednesday,18,Pickpocketing,Dhanmondi - near the intersection approaching New Market Nilkhet,ROAD_10,Science Lab to Nilkhet / New Market,Dhanmondi,New Market,23.733646,90.38412,Dhaka Tribune,https://www.dhakatribune.com/bangladesh/crime/incident-2023-06-0267,news,Small shopkeeper,Unarmed / Speed snatch,4,Motorcycle (Pulsar/FZ),Reported incident of pickpocketing involving a small shopkeeper at near the intersection approaching New Market Nilkhet. Suspects fled using a motorcycle (pulsar/fz).,EXACT,VERIFIED,0.95
DHK-2023-0900,2023-06-28,22:19,2023,6,Wednesday,22,Theft,Baridhara - near Baridhara bus stop,ROAD_21,Pragiti Sarani (Notun Bazar to Badda Link),Baridhara,Bhatara,23.781735,90.428172,bdnews24,https://bdnews24.com/bangladesh/incident-2023-06-0900,news,Rickshaw passenger,Sharp knife (Chhuri),2,Motorcycle (Pulsar/FZ),Police blotter recorded a swift snatching incident near Baridhara bus stop during Wednesday night hours.,ROAD,VERIFIED,0.9
DHK-2023-0324,2023-07-01,22:52,2023,7,Saturday,22,Snatching,Mirpur - under the Mirpur footover bridge,ROAD_32,Mirpur-10 to Mirpur-11 Strip,Mirpur,Mirpur,23.814882,90.36696,bdnews24,https://bdnews24.com/bangladesh/incident-2023-07-0324,news,Pedestrian,Paper cutter,2,On foot (sprint),"Muggers armed with a paper cutter intercepted a pedestrian under the Mirpur footover bridge, fleeing with cash and bag.",INTERSECTION,VERIFIED,0.91
DHK-2023-0887,2023-07-02,19:06,2023,7,Sunday,19,Snatching,Sayedabad - under the Sayedabad footover bridge,ROAD_50,Sayedabad to Jatrabari Flyover Entrance,Sayedabad,Jatrabari,23.712621,90.433088,Dhaka Tribune,https://www.dhakatribune.com/bangladesh/crime/incident-2023-07-0887,news,Female commuter,Unarmed / Speed snatch,4,Motorcycle (Pulsar/FZ),Police blotter recorded a swift snatching incident under the Sayedabad footover bridge during Sunday night hours.,INTERSECTION,VERIFIED,0.91
DHK-2023-0793,2023-07-03,01:09,2023,7,Monday,1,Snatching,Mirpur - near Mirpur bus stop,ROAD_34,Mirpur-1 to Gabtoli Highway,Mirpur,Mirpur,23.79157,90.351654,DMP Monthly Blotter,https://dmp.gov.bd/crime-statistics/incident-2023-07-0793,police_report,Female commuter,Sharp knife (Chhuri),2,Motorcycle (Pulsar/FZ),A female commuter had their smartphone snatched by 2 perpetrators on a motorcycle (pulsar/fz) near Mirpur bus stop around 01:09.,EXACT,VERIFIED,0.82
DHK-2023-0493,2023-07-03,19:15,2023,7,Monday,19,Mugging,Nilkhet - near Nilkhet bus stop,ROAD_52,New Market to Sadarghat Riverfront Connector,Nilkhet,New Market,23.728812,90.388487,Daily Sun,https://www.daily-sun.com/post/crime/incident-2023-07-0493,news,Office worker,Pepper spray,1,On foot (sprint),Reported incident of mugging involving a office worker at near Nilkhet bus stop. Suspects fled using a on foot (sprint).,EXACT,VERIFIED,0.9
DHK-2023-0635,2023-07-05,09:01,2023,7,Wednesday,9,Theft,Mohammadpur - near the intersection approaching Asad Gate,ROAD_54,Mohammadpur Town Hall to Asad Gate,Mohammadpur,Mohammadpur,23.759603,90.366848,Daily Sun,https://www.daily-sun.com/post/crime/incident-2023-07-0635,news,Motorcyclist,Unarmed / Speed snatch,4,Motorcycle (Pulsar/FZ),A motorcyclist had their smartphone snatched by 4 perpetrators on a motorcycle (pulsar/fz) near the intersection approaching Asad Gate around 09:01.,INTERSECTION,VERIFIED,0.97
DHK-2023-1211,2023-07-05,10:11,2023,7,Wednesday,10,Snatching,Farmgate - near Farmgate bus stop,ROAD_11,Airport Road (Farmgate to Bijoy Sarani),Farmgate,Tejgaon,23.763377,90.388014,The Daily Star,https://www.thedailystar.net/crime/incident-2023-07-1211,news,Small shopkeeper,Sharp knife (Chhuri),2,CNG auto-rickshaw,"Muggers armed with a sharp knife (chhuri) intercepted a small shopkeeper near Farmgate bus stop, fleeing with cash and bag.",ROAD,VERIFIED,0.9
DHK-2023-0995,2023-07-08,23:33,2023,7,Saturday,23,Robbery,Mohammadpur - under the Mohammadpur footover bridge,ROAD_36,Town Hall to Beribadh Link,Mohammadpur,Mohammadpur,23.758507,90.357234,bdnews24,https://bdnews24.com/bangladesh/incident-2023-07-0995,news,Motorcyclist,Sharp knife (Chhuri),1,Private car,Police blotter recorded a swift snatching incident under the Mohammadpur footover bridge during Saturday night hours.,INTERSECTION,VERIFIED,0.79
DHK-2023-0885,2023-07-09,03:41,2023,7,Sunday,3,Mugging,Farmgate - along the poorly lit section of Kazi Nazrul Islam Ave (Farmgate to Karwan Bazar),ROAD_07,Kazi Nazrul Islam Ave (Farmgate to Karwan Bazar),Farmgate,Tejgaon,23.753088,90.392597,The Daily Star,https://www.thedailystar.net/crime/incident-2023-07-0885,news,Motorcyclist,Paper cutter,2,CNG auto-rickshaw,"Muggers armed with a paper cutter intercepted a motorcyclist along the poorly lit section of Kazi Nazrul Islam Ave (Farmgate to Karwan Bazar), fleeing with cash and bag.",AREA,VERIFIED,0.94
DHK-2023-0273,2023-07-10,07:46,2023,7,Monday,7,Pickpocketing,Uttara - along the poorly lit section of Dhaka-Mymensingh Hwy (Jasimuddin to House Building),ROAD_41,Dhaka-Mymensingh Hwy (Jasimuddin to House Building),Uttara,Uttara East,23.872802,90.398188,Daily Sun,https://www.daily-sun.com/post/crime/incident-2023-07-0273,news,Pedestrian,Sharp knife (Chhuri),3,Motorcycle (Pulsar/FZ),"Muggers armed with a sharp knife (chhuri) intercepted a pedestrian along the poorly lit section of Dhaka-Mymensingh Hwy (Jasimuddin to House Building), fleeing with cash and bag.",EXACT,VERIFIED,0.97
DHK-2023-0272,2023-07-10,13:25,2023,7,Monday,13,Mugging,Dhanmondi - close to the Dhanmondi market square,ROAD_10,Science Lab to Nilkhet / New Market,Dhanmondi,New Market,23.736015,90.38402,Prothom Alo,https://en.prothomalo.com/bangladesh/crime-and-law/incident-2023-07-0272,news,University student,Firearm / Pistol,2,Motorcycle (Pulsar/FZ),A university student had their smartphone snatched by 2 perpetrators on a motorcycle (pulsar/fz) close to the Dhanmondi market square around 13:25.,ROAD,VERIFIED,0.95
DHK-2023-0458,2023-07-10,18:25,2023,7,Monday,18,Robbery,Badda - close to the Badda market square,ROAD_22,Pragiti Sarani (Badda Link to Rampura Bridge),Badda,Badda,23.767952,90.426225,Dhaka Tribune,https://www.dhakatribune.com/bangladesh/crime/incident-2023-07-0458,news,University student,Sharp knife (Chhuri),2,CNG auto-rickshaw,"Muggers armed with a sharp knife (chhuri) intercepted a university student close to the Badda market square, fleeing with cash and bag.",ROAD,PROBABLE,0.96
DHK-2023-1011,2023-07-11,15:22,2023,7,Tuesday,15,Robbery,Badda - under the Badda footover bridge,ROAD_22,Pragiti Sarani (Badda Link to Rampura Bridge),Badda,Badda,23.771004,90.427342,bdnews24,https://bdnews24.com/bangladesh/incident-2023-07-1011,news,Pedestrian,Sharp knife (Chhuri),1,Motorcycle (Pulsar/FZ),A pedestrian had their smartphone snatched by 1 perpetrators on a motorcycle (pulsar/fz) under the Badda footover bridge around 15:22.,EXACT,VERIFIED,0.96
DHK-2023-0278,2023-07-14,01:00,2023,7,Friday,1,Snatching,Dhanmondi - near Dhanmondi bus stop,ROAD_05,Dhanmondi 27 Inner Connector,Dhanmondi,Dhanmondi,23.754519,90.36832,DMP Monthly Blotter,https://dmp.gov.bd/crime-statistics/incident-2023-07-0278,police_report,Office worker,Unarmed / Speed snatch,2,On foot (sprint),A office worker had their smartphone snatched by 2 perpetrators on a on foot (sprint) near Dhanmondi bus stop around 01:00.,ROAD,VERIFIED,0.91
DHK-2023-1052,2023-07-14,07:53,2023,7,Friday,7,Theft,Paltan - near Paltan bus stop,ROAD_51,Paltan to Sadarghat (Old Dhaka Arterial),Paltan,Paltan,23.712577,90.411509,Daily Sun,https://www.daily-sun.com/post/crime/incident-2023-07-1052,news,Female commuter,Pepper spray,2,Motorcycle (Pulsar/FZ),Reported incident of theft involving a female commuter at near Paltan bus stop. Suspects fled using a motorcycle (pulsar/fz).,INTERSECTION,PROBABLE,0.86
DHK-2023-0868,2023-07-14,23:38,2023,7,Friday,23,Snatching,Tejgaon - close to the Tejgaon market square,ROAD_13,Airport Road (Jahangir Gate to Mohakhali),Tejgaon,Cantonment,23.773557,90.395366,Daily Sun,https://www.daily-sun.com/post/crime/incident-2023-07-0868,news,Office worker,Sharp knife (Chhuri),2,Motorcycle (Pulsar/FZ),"Muggers armed with a sharp knife (chhuri) intercepted a office worker close to the Tejgaon market square, fleeing with cash and bag.",INTERSECTION,VERIFIED,0.9
DHK-2023-0687,2023-07-17,06:48,2023,7,Monday,6,Mugging,Sayedabad - close to the Sayedabad market square,ROAD_50,Sayedabad to Jatrabari Flyover Entrance,Sayedabad,Jatrabari,23.714845,90.430543,Daily Sun,https://www.daily-sun.com/post/crime/incident-2023-07-0687,news,University student,Firearm / Pistol,2,Motorcycle (Pulsar/FZ),Police blotter recorded a swift snatching incident close to the Sayedabad market square during Monday night hours.,AREA,VERIFIED,0.86
DHK-2023-0334,2023-07-18,19:05,2023,7,Tuesday,19,Mugging,Dhanmondi - near the intersection approaching Mohammadpur Town Hall,ROAD_05,Dhanmondi 27 Inner Connector,Dhanmondi,Dhanmondi,23.758095,90.364938,Daily Sun,https://www.daily-sun.com/post/crime/incident-2023-07-0334,news,Motorcyclist,Sharp knife (Chhuri),2,Motorcycle (Pulsar/FZ),A motorcyclist had their smartphone snatched by 2 perpetrators on a motorcycle (pulsar/fz) near the intersection approaching Mohammadpur Town Hall around 19:05.,INTERSECTION,VERIFIED,0.94
DHK-2023-0813,2023-07-18,21:01,2023,7,Tuesday,21,Robbery,Farmgate - under the Farmgate footover bridge,ROAD_07,Kazi Nazrul Islam Ave (Farmgate to Karwan Bazar),Farmgate,Tejgaon,23.754593,90.391463,The Business Standard,https://tbsnews.net/bangladesh/crime/incident-2023-07-0813,news,Female commuter,Unarmed / Speed snatch,2,Motorcycle (Pulsar/FZ),A female commuter had their smartphone snatched by 2 perpetrators on a motorcycle (pulsar/fz) under the Farmgate footover bridge around 21:01.,INTERSECTION,VERIFIED,0.86
DHK-2023-1001,2023-07-19,06:21,2023,7,Wednesday,6,Theft,Dhanmondi - near Dhanmondi bus stop,ROAD_03,Mirpur Road (Russell Square to Asad Gate),Dhanmondi,Dhanmondi,23.754544,90.374991,Daily Sun,https://www.daily-sun.com/post/crime/incident-2023-07-1001,news,Small shopkeeper,Pepper spray,2,Motorcycle (Pulsar/FZ),Police blotter recorded a swift snatching incident near Dhanmondi bus stop during Wednesday night hours.,INTERSECTION,VERIFIED,0.86
DHK-2023-1091,2023-07-19,19:52,2023,7,Wednesday,19,Snatching,Shyamoli - near the intersection approaching Mirpur 1 Roundabout,ROAD_30,Mirpur Road (Shyamoli to Mirpur-1),Shyamoli,Adabor,23.778105,90.360284,The Daily Star,https://www.thedailystar.net/crime/incident-2023-07-1091,news,Pedestrian,Iron rod,4,On foot (sprint),A pedestrian had their smartphone snatched by 4 perpetrators on a on foot (sprint) near the intersection approaching Mirpur 1 Roundabout around 19:52.,EXACT,VERIFIED,0.91
DHK-2023-0254,2023-07-19,22:28,2023,7,Wednesday,22,Pickpocketing,Karwan Bazar - near Karwan Bazar bus stop,ROAD_45,Mogbazar Flyover Road (Karwan Bazar to Mogbazar),Karwan Bazar,Tejgaon,23.750416,90.401627,The Daily Star,https://www.thedailystar.net/crime/incident-2023-07-0254,news,Small shopkeeper,Unarmed / Speed snatch,4,Motorcycle (Pulsar/FZ),A small shopkeeper had their smartphone snatched by 4 perpetrators on a motorcycle (pulsar/fz) near Karwan Bazar bus stop around 22:28.,ROAD,VERIFIED,0.95
DHK-2023-0442,2023-07-20,18:27,2023,7,Thursday,18,Snatching,Kalabagan - near the intersection approaching Russell Square / Dhanmondi 32,ROAD_02,Mirpur Road (Kalabagan to Russell Square),Kalabagan,Kalabagan,23.746669,90.379572,Daily Sun,https://www.daily-sun.com/post/crime/incident-2023-07-0442,news,Pedestrian,Firearm / Pistol,2,Private car,Police blotter recorded a swift snatching incident near the intersection approaching Russell Square / Dhanmondi 32 during Thursday night hours.,INTERSECTION,PROBABLE,0.81
DHK-2023-0564,2023-07-21,01:52,2023,7,Friday,1,Snatching,Sayedabad - along the poorly lit section of Sayedabad to Jatrabari Flyover Entrance,ROAD_50,Sayedabad to Jatrabari Flyover Entrance,Sayedabad,Jatrabari,23.711081,90.435207,Dhaka Tribune,https://www.dhakatribune.com/bangladesh/crime/incident-2023-07-0564,news,Office worker,Sharp knife (Chhuri),1,Motorcycle (Pulsar/FZ),Police blotter recorded a swift snatching incident along the poorly lit section of Sayedabad to Jatrabari Flyover Entrance during Friday night hours.,ROAD,VERIFIED,0.91
DHK-2023-0600,2023-07-21,19:16,2023,7,Friday,19,Snatching,Kuril - in front of the commercial complex at Kuril,ROAD_39,Airport Road (Kuril Flyover to Airport),Kuril,Khilkhet,23.839528,90.411293,The Business Standard,https://tbsnews.net/bangladesh/crime/incident-2023-07-0600,news,Rickshaw passenger,Sharp knife (Chhuri),4,Motorcycle (Pulsar/FZ),"Muggers armed with a sharp knife (chhuri) intercepted a rickshaw passenger in front of the commercial complex at Kuril, fleeing with cash and bag.",INTERSECTION,VERIFIED,0.87
DHK-2023-0100,2023-07-22,02:53,2023,7,Saturday,2,Robbery,Tejgaon - under the Tejgaon footover bridge,ROAD_13,Airport Road (Jahangir Gate to Mohakhali),Tejgaon,Cantonment,23.77443,90.396941,The Daily Star,https://www.thedailystar.net/crime/incident-2023-07-0100,news,Office worker,Sharp knife (Chhuri),2,On foot (sprint),Police blotter recorded a swift snatching incident under the Tejgaon footover bridge during Saturday night hours.,EXACT,VERIFIED,0.85
DHK-2023-0794,2023-07-22,23:20,2023,7,Saturday,23,Robbery,Badda - under the Badda footover bridge,ROAD_22,Pragiti Sarani (Badda Link to Rampura Bridge),Badda,Badda,23.77607,90.427927,Daily Sun,https://www.daily-sun.com/post/crime/incident-2023-07-0794,news,Pedestrian,Unarmed / Speed snatch,1,On foot (sprint),"Muggers armed with a unarmed / speed snatch intercepted a pedestrian under the Badda footover bridge, fleeing with cash and bag.",EXACT,VERIFIED,0.92
DHK-2023-0677,2023-07-22,23:59,2023,7,Saturday,23,Snatching,Banani - under the Banani footover bridge,ROAD_38,Dhaka-Mymensingh Hwy (Banani to Kuril),Banani,Banani,23.798903,90.407278,Prothom Alo,https://en.prothomalo.com/bangladesh/crime-and-law/incident-2023-07-0677,news,Office worker,Sharp knife (Chhuri),3,Motorcycle (Pulsar/FZ),Police blotter recorded a swift snatching incident under the Banani footover bridge during Saturday night hours.,INTERSECTION,VERIFIED,0.9
DHK-2023-0065,2023-07-23,01:48,2023,7,Sunday,1,Mugging,Badda - near the intersection approaching Rampura Bridge,ROAD_22,Pragiti Sarani (Badda Link to Rampura Bridge),Badda,Badda,23.774668,90.427973,Dhaka Tribune,https://www.dhakatribune.com/bangladesh/crime/incident-2023-07-0065,news,Rickshaw passenger,Firearm / Pistol,2,Motorcycle (Pulsar/FZ),A rickshaw passenger had their smartphone snatched by 2 perpetrators on a motorcycle (pulsar/fz) near the intersection approaching Rampura Bridge around 01:48.,AREA,VERIFIED,0.79
DHK-2023-0282,2023-07-25,12:08,2023,7,Tuesday,12,Snatching,Badda - under the Badda footover bridge,ROAD_22,Pragiti Sarani (Badda Link to Rampura Bridge),Badda,Badda,23.766617,90.426173,bdnews24,https://bdnews24.com/bangladesh/incident-2023-07-0282,news,Female commuter,Sharp knife (Chhuri),2,CNG auto-rickshaw,Reported incident of snatching involving a female commuter at under the Badda footover bridge. Suspects fled using a cng auto-rickshaw.,INTERSECTION,VERIFIED,0.9
DHK-2023-0315,2023-07-25,13:15,2023,7,Tuesday,13,Pickpocketing,Mirpur - near the intersection approaching Mirpur 10 Roundabout,ROAD_31,Mirpur-1 to Mirpur-10 Connector,Mirpur,Mirpur,23.802742,90.363714,The Business Standard,https://tbsnews.net/bangladesh/crime/incident-2023-07-0315,news,Pedestrian,Sharp knife (Chhuri),2,Motorcycle (Pulsar/FZ),Police blotter recorded a swift snatching incident near the intersection approaching Mirpur 10 Roundabout during Tuesday night hours.,EXACT,VERIFIED,0.83
DHK-2023-0193,2023-07-25,15:43,2023,7,Tuesday,15,Snatching,Airport - along the poorly lit section of Dhaka-Mymensingh Hwy (Airport to Jasimuddin),ROAD_40,Dhaka-Mymensingh Hwy (Airport to Jasimuddin),Airport,Airport,23.859952,90.402135,Dhaka Tribune,https://www.dhakatribune.com/bangladesh/crime/incident-2023-07-0193,news,University student,Sharp knife (Chhuri),4,Private car,Police blotter recorded a swift snatching incident along the poorly lit section of Dhaka-Mymensingh Hwy (Airport to Jasimuddin) during Tuesday night hours.,EXACT,PROBABLE,0.9
DHK-2023-0860,2023-07-25,16:11,2023,7,Tuesday,16,Mugging,Shyamoli - in front of the commercial complex at Shyamoli,ROAD_30,Mirpur Road (Shyamoli to Mirpur-1),Shyamoli,Adabor,23.778221,90.360287,The Daily Star,https://www.thedailystar.net/crime/incident-2023-07-0860,news,Office worker,Sharp knife (Chhuri),1,Motorcycle (Pulsar/FZ),Reported incident of mugging involving a office worker at in front of the commercial complex at Shyamoli. Suspects fled using a motorcycle (pulsar/fz).,INTERSECTION,VERIFIED,0.79
DHK-2023-0340,2023-07-25,20:59,2023,7,Tuesday,20,Snatching,Tejgaon - along the poorly lit section of Tejgaon-Gulshan Link Road,ROAD_25,Tejgaon-Gulshan Link Road,Tejgaon,Tejgaon Industrial,23.766178,90.403777,Daily Sun,https://www.daily-sun.com/post/crime/incident-2023-07-0340,news,Motorcyclist,Sharp knife (Chhuri),2,CNG auto-rickshaw,Reported incident of snatching involving a motorcyclist at along the poorly lit section of Tejgaon-Gulshan Link Road. Suspects fled using a cng auto-rickshaw.,INTERSECTION,PROBABLE,0.84
DHK-2023-0761,2023-07-26,10:50,2023,7,Wednesday,10,Snatching,Banani - near Banani bus stop,ROAD_18,Banani Road 11 (Commercial Strip),Banani,Banani,23.793705,90.406495,Dhaka Tribune,https://www.dhakatribune.com/bangladesh/crime/incident-2023-07-0761,news,Motorcyclist,Iron rod,1,Motorcycle (Pulsar/FZ),Reported incident of snatching involving a motorcyclist at near Banani bus stop. Suspects fled using a motorcycle (pulsar/fz).,INTERSECTION,VERIFIED,0.95
DHK-2023-0371,2023-07-26,21:42,2023,7,Wednesday,21,Robbery,Malibagh - near the intersection approaching Khilgaon Taltola,ROAD_47,Mouchak to Khilgaon Flyover,Malibagh,Shahjahanpur,23.749675,90.417604,bdnews24,https://bdnews24.com/bangladesh/incident-2023-07-0371,news,Small shopkeeper,Firearm / Pistol,1,Motorcycle (Pulsar/FZ),A small shopkeeper had their smartphone snatched by 1 perpetrators on a motorcycle (pulsar/fz) near the intersection approaching Khilgaon Taltola around 21:42.,ROAD,VERIFIED,0.82
DHK-2023-0892,2023-07-26,22:00,2023,7,Wednesday,22,Theft,Mirpur - near Mirpur bus stop,ROAD_34,Mirpur-1 to Gabtoli Highway,Mirpur,Mirpur,23.794479,90.353277,DMP Monthly Blotter,https://dmp.gov.bd/crime-statistics/incident-2023-07-0892,police_report,Small shopkeeper,Unarmed / Speed snatch,1,Motorcycle (Pulsar/FZ),"Muggers armed with a unarmed / speed snatch intercepted a small shopkeeper near Mirpur bus stop, fleeing with cash and bag.",INTERSECTION,VERIFIED,0.87
DHK-2023-0765,2023-07-28,20:52,2023,7,Friday,20,Mugging,Tejgaon - close to the Tejgaon market square,ROAD_26,Tejgaon Industrial to Farmgate Link,Tejgaon,Tejgaon Industrial,23.760286,90.394601,The Daily Star,https://www.thedailystar.net/crime/incident-2023-07-0765,news,Small shopkeeper,Iron rod,2,Motorcycle (Pulsar/FZ),"Muggers armed with a iron rod intercepted a small shopkeeper close to the Tejgaon market square, fleeing with cash and bag.",INTERSECTION,VERIFIED,0.92
DHK-2023-0915,2023-07-28,22:43,2023,7,Friday,22,Mugging,Tejgaon - near Tejgaon bus stop,ROAD_26,Tejgaon Industrial to Farmgate Link,Tejgaon,Tejgaon Industrial,23.758824,90.391872,bdnews24,https://bdnews24.com/bangladesh/incident-2023-07-0915,news,Office worker,Unarmed / Speed snatch,2,Motorcycle (Pulsar/FZ),A office worker had their smartphone snatched by 2 perpetrators on a motorcycle (pulsar/fz) near Tejgaon bus stop around 22:43.,ROAD,VERIFIED,0.83
DHK-2023-0755,2023-07-30,12:40,2023,7,Sunday,12,Pickpocketing,Paltan - near the intersection approaching Sadarghat Launch Terminal,ROAD_51,Paltan to Sadarghat (Old Dhaka Arterial),Paltan,Paltan,23.711387,90.411675,bdnews24,https://bdnews24.com/bangladesh/incident-2023-07-0755,news,Office worker,Firearm / Pistol,3,Motorcycle (Pulsar/FZ),Reported incident of pickpocketing involving a office worker at near the intersection approaching Sadarghat Launch Terminal. Suspects fled using a motorcycle (pulsar/fz).,ROAD,VERIFIED,0.76
DHK-2023-1043,2023-07-30,23:37,2023,7,Sunday,23,Snatching,Shahbagh - along the poorly lit section of Shahbagh to Science Lab (Elephant Road),ROAD_09,Shahbagh to Science Lab (Elephant Road),Shahbagh,Shahbagh,23.739408,90.385823,Dhaka Tribune,https://www.dhakatribune.com/bangladesh/crime/incident-2023-07-1043,news,Office worker,Firearm / Pistol,2,Motorcycle (Pulsar/FZ),Police blotter recorded a swift snatching incident along the poorly lit section of Shahbagh to Science Lab (Elephant Road) during Sunday night hours.,INTERSECTION,VERIFIED,0.85
DHK-2023-0566,2023-07-31,22:33,2023,7,Monday,22,Snatching,Motijheel - under the Motijheel footover bridge,ROAD_49,Motijheel to Sayedabad Bus Terminal,Motijheel,Motijheel,23.71807,90.427141,Daily Sun,https://www.daily-sun.com/post/crime/incident-2023-07-0566,news,Female commuter,Sharp knife (Chhuri),4,Motorcycle (Pulsar/FZ),Reported incident of snatching involving a female commuter at under the Motijheel footover bridge. Suspects fled using a motorcycle (pulsar/fz).,INTERSECTION,VERIFIED,0.8
DHK-2023-1094,2023-08-01,01:30,2023,8,Tuesday,1,Mugging,Farmgate - along the poorly lit section of Kazi Nazrul Islam Ave (Farmgate to Karwan Bazar),ROAD_07,Kazi Nazrul Islam Ave (Farmgate to Karwan Bazar),Farmgate,Tejgaon,23.75687,90.389248,The Daily Star,https://www.thedailystar.net/crime/incident-2023-08-1094,news,Female commuter,Pepper spray,2,CNG auto-rickshaw,"Muggers armed with a pepper spray intercepted a female commuter along the poorly lit section of Kazi Nazrul Islam Ave (Farmgate to Karwan Bazar), fleeing with cash and bag.",ROAD,VERIFIED,0.94
DHK-2023-1025,2023-08-01,09:05,2023,8,Tuesday,9,Robbery,Mohakhali - near the intersection approaching Gulshan 1 Circle,ROAD_15,Mohakhali to Gulshan-1 (Gulshan South Ave),Mohakhali,Banani,23.778449,90.411295,bdnews24,https://bdnews24.com/bangladesh/incident-2023-08-1025,news,Office worker,Unarmed / Speed snatch,3,Motorcycle (Pulsar/FZ),A office worker had their smartphone snatched by 3 perpetrators on a motorcycle (pulsar/fz) near the intersection approaching Gulshan 1 Circle around 09:05.,ROAD,VERIFIED,0.9
DHK-2023-0848,2023-08-02,01:43,2023,8,Wednesday,1,Snatching,Sayedabad - under the Sayedabad footover bridge,ROAD_50,Sayedabad to Jatrabari Flyover Entrance,Sayedabad,Jatrabari,23.712508,90.432878,bdnews24,https://bdnews24.com/bangladesh/incident-2023-08-0848,news,Pedestrian,Sharp knife (Chhuri),2,Private car,A pedestrian had their smartphone snatched by 2 perpetrators on a private car under the Sayedabad footover bridge around 01:43.,INTERSECTION,VERIFIED,0.96
DHK-2023-0124,2023-08-05,17:15,2023,8,Saturday,17,Snatching,Tejgaon - close to the Tejgaon market square,ROAD_26,Tejgaon Industrial to Farmgate Link,Tejgaon,Tejgaon Industrial,23.761173,90.396171,Daily Sun,https://www.daily-sun.com/post/crime/incident-2023-08-0124,news,Female commuter,Sharp knife (Chhuri),4,On foot (sprint),"Muggers armed with a sharp knife (chhuri) intercepted a female commuter close to the Tejgaon market square, fleeing with cash and bag.",EXACT,VERIFIED,0.83
DHK-2023-0372,2023-08-06,10:31,2023,8,Sunday,10,Snatching,Shyamoli - in front of the commercial complex at Shyamoli,ROAD_30,Mirpur Road (Shyamoli to Mirpur-1),Shyamoli,Adabor,23.775748,90.36107,DMP Monthly Blotter,https://dmp.gov.bd/crime-statistics/incident-2023-08-0372,police_report,Rickshaw passenger,Paper cutter,2,Motorcycle (Pulsar/FZ),Police blotter recorded a swift snatching incident in front of the commercial complex at Shyamoli during Sunday night hours.,ROAD,VERIFIED,0.82
DHK-2023-0737,2023-08-06,21:53,2023,8,Sunday,21,Mugging,Sayedabad - along the poorly lit section of Sayedabad to Jatrabari Flyover Entrance,ROAD_50,Sayedabad to Jatrabari Flyover Entrance,Sayedabad,Jatrabari,23.713423,90.431594,The Business Standard,https://tbsnews.net/bangladesh/crime/incident-2023-08-0737,news,Office worker,Sharp knife (Chhuri),2,Motorcycle (Pulsar/FZ),Reported incident of mugging involving a office worker at along the poorly lit section of Sayedabad to Jatrabari Flyover Entrance. Suspects fled using a motorcycle (pulsar/fz).,ROAD,VERIFIED,0.89
DHK-2023-0090,2023-08-07,19:15,2023,8,Monday,19,Snatching,Mirpur - in front of the commercial complex at Mirpur,ROAD_29,Begum Rokeya Sarani (Kazipara to Mirpur-10),Mirpur,Kafrul,23.798254,90.370233,The Business Standard,https://tbsnews.net/bangladesh/crime/incident-2023-08-0090,news,Female commuter,Firearm / Pistol,1,On foot (sprint),Police blotter recorded a swift snatching incident in front of the commercial complex at Mirpur during Monday night hours.,EXACT,VERIFIED,0.81
DHK-2023-0678,2023-08-08,20:11,2023,8,Tuesday,20,Snatching,Mirpur - near Mirpur bus stop,ROAD_34,Mirpur-1 to Gabtoli Highway,Mirpur,Mirpur,23.786107,90.348111,DMP Monthly Blotter,https://dmp.gov.bd/crime-statistics/incident-2023-08-0678,police_report,Rickshaw passenger,Sharp knife (Chhuri),2,Private car,Reported incident of snatching involving a rickshaw passenger at near Mirpur bus stop. Suspects fled using a private car.,EXACT,VERIFIED,0.78
DHK-2023-0950,2023-08-09,10:50,2023,8,Wednesday,10,Snatching,Sayedabad - near Sayedabad bus stop,ROAD_50,Sayedabad to Jatrabari Flyover Entrance,Sayedabad,Jatrabari,23.714709,90.430106,Daily Sun,https://www.daily-sun.com/post/crime/incident-2023-08-0950,news,Office worker,Unarmed / Speed snatch,2,CNG auto-rickshaw,Reported incident of snatching involving a office worker at near Sayedabad bus stop. Suspects fled using a cng auto-rickshaw.,ROAD,PROBABLE,0.85
DHK-2023-0819,2023-08-10,01:06,2023,8,Thursday,1,Snatching,Dhanmondi - under the Dhanmondi footover bridge,ROAD_10,Science Lab to Nilkhet / New Market,Dhanmondi,New Market,23.739548,90.383562,Daily Sun,https://www.daily-sun.com/post/crime/incident-2023-08-0819,news,Rickshaw passenger,Unarmed / Speed snatch,3,CNG auto-rickshaw,Reported incident of snatching involving a rickshaw passenger at under the Dhanmondi footover bridge. Suspects fled using a cng auto-rickshaw.,INTERSECTION,VERIFIED,0.83
DHK-2023-0255,2023-08-12,22:43,2023,8,Saturday,22,Snatching,Tejgaon - under the Tejgaon footover bridge,ROAD_14,Bijoy Sarani to Agargaon Connector,Tejgaon,Tejgaon,23.775699,90.378044,DMP Monthly Blotter,https://dmp.gov.bd/crime-statistics/incident-2023-08-0255,police_report,Rickshaw passenger,Unarmed / Speed snatch,3,Motorcycle (Pulsar/FZ),Reported incident of snatching involving a rickshaw passenger at under the Tejgaon footover bridge. Suspects fled using a motorcycle (pulsar/fz).,INTERSECTION,VERIFIED,0.88
DHK-2023-0183,2023-08-13,02:26,2023,8,Sunday,2,Snatching,Mirpur - near the intersection approaching Mirpur 10 Roundabout,ROAD_29,Begum Rokeya Sarani (Kazipara to Mirpur-10),Mirpur,Kafrul,23.80135,90.369884,The Business Standard,https://tbsnews.net/bangladesh/crime/incident-2023-08-0183,news,Office worker,Iron rod,1,Motorcycle (Pulsar/FZ),Police blotter recorded a swift snatching incident near the intersection approaching Mirpur 10 Roundabout during Sunday night hours.,INTERSECTION,VERIFIED,0.81
DHK-2023-0679,2023-08-14,00:33,2023,8,Monday,0,Snatching,Dhanmondi - near Dhanmondi bus stop,ROAD_10,Science Lab to Nilkhet / New Market,Dhanmondi,New Market,23.738774,90.383691,DMP Monthly Blotter,https://dmp.gov.bd/crime-statistics/incident-2023-08-0679,police_report,Office worker,Unarmed / Speed snatch,1,Motorcycle (Pulsar/FZ),Reported incident of snatching involving a office worker at near Dhanmondi bus stop. Suspects fled using a motorcycle (pulsar/fz).,INTERSECTION,VERIFIED,0.86
DHK-2023-0185,2023-08-14,01:12,2023,8,Monday,1,Snatching,Dhanmondi - near the intersection approaching Asad Gate,ROAD_03,Mirpur Road (Russell Square to Asad Gate),Dhanmondi,Dhanmondi,23.751142,90.377662,The Business Standard,https://tbsnews.net/bangladesh/crime/incident-2023-08-0185,news,Rickshaw passenger,Sharp knife (Chhuri),2,On foot (sprint),Police blotter recorded a swift snatching incident near the intersection approaching Asad Gate during Monday night hours.,ROAD,PROBABLE,0.95
DHK-2023-1113,2023-08-16,17:37,2023,8,Wednesday,17,Snatching,Paltan - along the poorly lit section of Paltan to Sadarghat (Old Dhaka Arterial),ROAD_51,Paltan to Sadarghat (Old Dhaka Arterial),Paltan,Paltan,23.720153,90.410906,The Daily Star,https://www.thedailystar.net/crime/incident-2023-08-1113,news,Pedestrian,Unarmed / Speed snatch,2,Motorcycle (Pulsar/FZ),Reported incident of snatching involving a pedestrian at along the poorly lit section of Paltan to Sadarghat (Old Dhaka Arterial). Suspects fled using a motorcycle (pulsar/fz).,INTERSECTION,VERIFIED,0.8
DHK-2023-0905,2023-08-17,00:05,2023,8,Thursday,0,Snatching,Mirpur - under the Mirpur footover bridge,ROAD_28,Begum Rokeya Sarani (Shewrapara to Kazipara),Mirpur,Kafrul,23.787447,90.372632,The Daily Star,https://www.thedailystar.net/crime/incident-2023-08-0905,news,Motorcyclist,Pepper spray,2,Motorcycle (Pulsar/FZ),Reported incident of snatching involving a motorcyclist at under the Mirpur footover bridge. Suspects fled using a motorcycle (pulsar/fz).,INTERSECTION,VERIFIED,0.97
DHK-2023-0734,2023-08-19,01:54,2023,8,Saturday,1,Snatching,Mirpur - under the Mirpur footover bridge,ROAD_31,Mirpur-1 to Mirpur-10 Connector,Mirpur,Mirpur,23.803426,90.364346,Dhaka Tribune,https://www.dhakatribune.com/bangladesh/crime/incident-2023-08-0734,news,Small shopkeeper,Iron rod,2,Motorcycle (Pulsar/FZ),"Muggers armed with a iron rod intercepted a small shopkeeper under the Mirpur footover bridge, fleeing with cash and bag.",INTERSECTION,VERIFIED,0.92
DHK-2023-0265,2023-08-20,19:36,2023,8,Sunday,19,Snatching,Sayedabad - in front of the commercial complex at Sayedabad,ROAD_50,Sayedabad to Jatrabari Flyover Entrance,Sayedabad,Jatrabari,23.714708,90.430765,Prothom Alo,https://en.prothomalo.com/bangladesh/crime-and-law/incident-2023-08-0265,news,Motorcyclist,Unarmed / Speed snatch,1,CNG auto-rickshaw,Police blotter recorded a swift snatching incident in front of the commercial complex at Sayedabad during Sunday night hours.,ROAD,PROBABLE,0.88
DHK-2023-0711,2023-08-20,22:20,2023,8,Sunday,22,Robbery,Mirpur - close to the Mirpur market square,ROAD_29,Begum Rokeya Sarani (Kazipara to Mirpur-10),Mirpur,Kafrul,23.800625,90.369711,Prothom Alo,https://en.prothomalo.com/bangladesh/crime-and-law/incident-2023-08-0711,news,Small shopkeeper,Pepper spray,2,Motorcycle (Pulsar/FZ),Police blotter recorded a swift snatching incident close to the Mirpur market square during Sunday night hours.,INTERSECTION,VERIFIED,0.91
DHK-2023-0704,2023-08-21,19:09,2023,8,Monday,19,Theft,Airport - along the poorly lit section of Dhaka-Mymensingh Hwy (Airport to Jasimuddin),ROAD_40,Dhaka-Mymensingh Hwy (Airport to Jasimuddin),Airport,Airport,23.85315,90.406353,bdnews24,https://bdnews24.com/bangladesh/incident-2023-08-0704,news,University student,Sharp knife (Chhuri),3,Motorcycle (Pulsar/FZ),Police blotter recorded a swift snatching incident along the poorly lit section of Dhaka-Mymensingh Hwy (Airport to Jasimuddin) during Monday night hours.,INTERSECTION,VERIFIED,0.9
DHK-2023-0640,2023-08-21,20:41,2023,8,Monday,20,Robbery,Badda - under the Badda footover bridge,ROAD_22,Pragiti Sarani (Badda Link to Rampura Bridge),Badda,Badda,23.77099,90.427113,The Business Standard,https://tbsnews.net/bangladesh/crime/incident-2023-08-0640,news,Rickshaw passenger,Sharp knife (Chhuri),4,Motorcycle (Pulsar/FZ),Reported incident of robbery involving a rickshaw passenger at under the Badda footover bridge. Suspects fled using a motorcycle (pulsar/fz).,INTERSECTION,VERIFIED,0.83
DHK-2023-0119,2023-08-22,12:22,2023,8,Tuesday,12,Mugging,Baridhara - close to the Baridhara market square,ROAD_21,Pragiti Sarani (Notun Bazar to Badda Link),Baridhara,Bhatara,23.789557,90.426498,bdnews24,https://bdnews24.com/bangladesh/incident-2023-08-0119,news,Motorcyclist,Firearm / Pistol,4,Motorcycle (Pulsar/FZ),A motorcyclist had their smartphone snatched by 4 perpetrators on a motorcycle (pulsar/fz) close to the Baridhara market square around 12:22.,INTERSECTION,VERIFIED,0.8
DHK-2023-0827,2023-08-24,02:09,2023,8,Thursday,2,Snatching,Mirpur - near Mirpur bus stop,ROAD_32,Mirpur-10 to Mirpur-11 Strip,Mirpur,Mirpur,23.810013,90.367825,Daily Sun,https://www.daily-sun.com/post/crime/incident-2023-08-0827,news,Female commuter,Unarmed / Speed snatch,1,Motorcycle (Pulsar/FZ),"Muggers armed with a unarmed / speed snatch intercepted a female commuter near Mirpur bus stop, fleeing with cash and bag.",ROAD,UNCONFIRMED,0.54
DHK-2023-0952,2023-08-24,02:55,2023,8,Thursday,2,Snatching,Baridhara - in front of the commercial complex at Baridhara,ROAD_21,Pragiti Sarani (Notun Bazar to Badda Link),Baridhara,Bhatara,23.793218,90.425875,bdnews24,https://bdnews24.com/bangladesh/incident-2023-08-0952,news,Rickshaw passenger,Firearm / Pistol,2,Motorcycle (Pulsar/FZ),A rickshaw passenger had their smartphone snatched by 2 perpetrators on a motorcycle (pulsar/fz) in front of the commercial complex at Baridhara around 02:55.,INTERSECTION,VERIFIED,0.91
DHK-2023-0029,2023-08-25,22:56,2023,8,Friday,22,Theft,Banani - near the intersection approaching Kuril Flyover / Bishwa Road,ROAD_38,Dhaka-Mymensingh Hwy (Banani to Kuril),Banani,Banani,23.817088,90.417869,Prothom Alo,https://en.prothomalo.com/bangladesh/crime-and-law/incident-2023-08-0029,news,Pedestrian,Pepper spray,1,On foot (sprint),Police blotter recorded a swift snatching incident near the intersection approaching Kuril Flyover / Bishwa Road during Friday night hours.,EXACT,VERIFIED,0.83
DHK-2023-0376,2023-08-26,01:06,2023,8,Saturday,1,Mugging,Nilkhet - under the Nilkhet footover bridge,ROAD_52,New Market to Sadarghat Riverfront Connector,Nilkhet,New Market,23.711953,90.407541,Dhaka Tribune,https://www.dhakatribune.com/bangladesh/crime/incident-2023-08-0376,news,Office worker,Firearm / Pistol,4,Motorcycle (Pulsar/FZ),Reported incident of mugging involving a office worker at under the Nilkhet footover bridge. Suspects fled using a motorcycle (pulsar/fz).,INTERSECTION,VERIFIED,0.83
DHK-2023-0649,2023-08-28,19:02,2023,8,Monday,19,Snatching,Tejgaon - near the intersection approaching Gulshan 1 Circle,ROAD_25,Tejgaon-Gulshan Link Road,Tejgaon,Tejgaon Industrial,23.778756,90.41707,Prothom Alo,https://en.prothomalo.com/bangladesh/crime-and-law/incident-2023-08-0649,news,Rickshaw passenger,Sharp knife (Chhuri),2,Motorcycle (Pulsar/FZ),A rickshaw passenger had their smartphone snatched by 2 perpetrators on a motorcycle (pulsar/fz) near the intersection approaching Gulshan 1 Circle around 19:02.,INTERSECTION,VERIFIED,0.9
DHK-2023-0917,2023-09-01,14:15,2023,9,Friday,14,Snatching,Motijheel - along the poorly lit section of Motijheel to Sayedabad Bus Terminal,ROAD_49,Motijheel to Sayedabad Bus Terminal,Motijheel,Motijheel,23.722424,90.423421,Dhaka Tribune,https://www.dhakatribune.com/bangladesh/crime/incident-2023-09-0917,news,Office worker,Sharp knife (Chhuri),4,Motorcycle (Pulsar/FZ),A office worker had their smartphone snatched by 4 perpetrators on a motorcycle (pulsar/fz) along the poorly lit section of Motijheel to Sayedabad Bus Terminal around 14:15.,AREA,PROBABLE,0.93
DHK-2023-0305,2023-09-03,15:05,2023,9,Sunday,15,Snatching,Motijheel - under the Motijheel footover bridge,ROAD_49,Motijheel to Sayedabad Bus Terminal,Motijheel,Motijheel,23.725641,90.42093,The Business Standard,https://tbsnews.net/bangladesh/crime/incident-2023-09-0305,news,Motorcyclist,Sharp knife (Chhuri),1,On foot (sprint),Reported incident of snatching involving a motorcyclist at under the Motijheel footover bridge. Suspects fled using a on foot (sprint).,INTERSECTION,VERIFIED,0.78
DHK-2023-1057,2023-09-03,18:08,2023,9,Sunday,18,Snatching,Malibagh - along the poorly lit section of Mouchak to Khilgaon Flyover,ROAD_47,Mouchak to Khilgaon Flyover,Malibagh,Shahjahanpur,23.748385,90.415223,Daily Sun,https://www.daily-sun.com/post/crime/incident-2023-09-1057,news,University student,Sharp knife (Chhuri),4,Motorcycle (Pulsar/FZ),A university student had their smartphone snatched by 4 perpetrators on a motorcycle (pulsar/fz) along the poorly lit section of Mouchak to Khilgaon Flyover around 18:08.,ROAD,VERIFIED,0.87
DHK-2023-0279,2023-09-04,03:55,2023,9,Monday,3,Snatching,Tejgaon - near Tejgaon bus stop,ROAD_26,Tejgaon Industrial to Farmgate Link,Tejgaon,Tejgaon Industrial,23.761112,90.396337,bdnews24,https://bdnews24.com/bangladesh/incident-2023-09-0279,news,Pedestrian,Sharp knife (Chhuri),4,Motorcycle (Pulsar/FZ),A pedestrian had their smartphone snatched by 4 perpetrators on a motorcycle (pulsar/fz) near Tejgaon bus stop around 03:55.,EXACT,VERIFIED,0.82
DHK-2023-0513,2023-09-04,12:55,2023,9,Monday,12,Robbery,Rampura - along the poorly lit section of Hatirjheel Expressway (Rampura to Mohakhali),ROAD_24,Hatirjheel Expressway (Rampura to Mohakhali),Rampura,Rampura,23.77435,90.40645,The Daily Star,https://www.thedailystar.net/crime/incident-2023-09-0513,news,Office worker,Pepper spray,4,Motorcycle (Pulsar/FZ),A office worker had their smartphone snatched by 4 perpetrators on a motorcycle (pulsar/fz) along the poorly lit section of Hatirjheel Expressway (Rampura to Mohakhali) around 12:55.,EXACT,UNCONFIRMED,0.56
DHK-2023-0051,2023-09-05,22:50,2023,9,Tuesday,22,Mugging,Shyamoli - near Shyamoli bus stop,ROAD_30,Mirpur Road (Shyamoli to Mirpur-1),Shyamoli,Adabor,23.794785,90.354054,bdnews24,https://bdnews24.com/bangladesh/incident-2023-09-0051,news,Office worker,Sharp knife (Chhuri),2,Motorcycle (Pulsar/FZ),Reported incident of mugging involving a office worker at near Shyamoli bus stop. Suspects fled using a motorcycle (pulsar/fz).,INTERSECTION,VERIFIED,0.75
DHK-2023-0619,2023-09-05,23:17,2023,9,Tuesday,23,Snatching,Kalabagan - under the Kalabagan footover bridge,ROAD_02,Mirpur Road (Kalabagan to Russell Square),Kalabagan,Kalabagan,23.746669,90.379835,DMP Monthly Blotter,https://dmp.gov.bd/crime-statistics/incident-2023-09-0619,police_report,Rickshaw passenger,Unarmed / Speed snatch,2,Motorcycle (Pulsar/FZ),A rickshaw passenger had their smartphone snatched by 2 perpetrators on a motorcycle (pulsar/fz) under the Kalabagan footover bridge around 23:17.,EXACT,VERIFIED,0.78
DHK-2023-1143,2023-09-06,10:54,2023,9,Wednesday,10,Snatching,Farmgate - along the poorly lit section of Kazi Nazrul Islam Ave (Farmgate to Karwan Bazar),ROAD_07,Kazi Nazrul Islam Ave (Farmgate to Karwan Bazar),Farmgate,Tejgaon,23.752435,90.393305,The Business Standard,https://tbsnews.net/bangladesh/crime/incident-2023-09-1143,news,Motorcyclist,Firearm / Pistol,3,Leguna van,Reported incident of snatching involving a motorcyclist at along the poorly lit section of Kazi Nazrul Islam Ave (Farmgate to Karwan Bazar). Suspects fled using a leguna van.,EXACT,VERIFIED,0.81
DHK-2023-0603,2023-09-07,21:45,2023,9,Thursday,21,Snatching,Mirpur - near the intersection approaching Gabtoli Bus Terminal,ROAD_34,Mirpur-1 to Gabtoli Highway,Mirpur,Mirpur,23.784216,90.347358,bdnews24,https://bdnews24.com/bangladesh/incident-2023-09-0603,news,Office worker,Firearm / Pistol,4,On foot (sprint),"Muggers armed with a firearm / pistol intercepted a office worker near the intersection approaching Gabtoli Bus Terminal, fleeing with cash and bag.",INTERSECTION,VERIFIED,0.96
DHK-2023-1122,2023-09-08,02:42,2023,9,Friday,2,Snatching,Shyamoli - close to the Shyamoli market square,ROAD_30,Mirpur Road (Shyamoli to Mirpur-1),Shyamoli,Adabor,23.772878,90.362335,bdnews24,https://bdnews24.com/bangladesh/incident-2023-09-1122,news,Office worker,Sharp knife (Chhuri),4,On foot (sprint),"Muggers armed with a sharp knife (chhuri) intercepted a office worker close to the Shyamoli market square, fleeing with cash and bag.",ROAD,VERIFIED,0.85
DHK-2023-0102,2023-09-08,09:54,2023,9,Friday,9,Mugging,Malibagh - near Malibagh bus stop,ROAD_47,Mouchak to Khilgaon Flyover,Malibagh,Shahjahanpur,23.750876,90.420805,The Business Standard,https://tbsnews.net/bangladesh/crime/incident-2023-09-0102,news,Motorcyclist,Pepper spray,1,On foot (sprint),Reported incident of mugging involving a motorcyclist at near Malibagh bus stop. Suspects fled using a on foot (sprint).,INTERSECTION,VERIFIED,0.81
DHK-2023-0709,2023-09-08,19:49,2023,9,Friday,19,Snatching,Badda - in front of the commercial complex at Badda,ROAD_22,Pragiti Sarani (Badda Link to Rampura Bridge),Badda,Badda,23.765636,90.426131,bdnews24,https://bdnews24.com/bangladesh/incident-2023-09-0709,news,Small shopkeeper,Pepper spray,4,Motorcycle (Pulsar/FZ),"Muggers armed with a pepper spray intercepted a small shopkeeper in front of the commercial complex at Badda, fleeing with cash and bag.",EXACT,VERIFIED,0.97
DHK-2023-1079,2023-09-09,09:27,2023,9,Saturday,9,Mugging,Paltan - near Paltan bus stop,ROAD_44,Paltan to Motijheel Commercial Area,Paltan,Paltan,23.728154,90.417374,Prothom Alo,https://en.prothomalo.com/bangladesh/crime-and-law/incident-2023-09-1079,news,Female commuter,Pepper spray,1,Leguna van,Police blotter recorded a swift snatching incident near Paltan bus stop during Saturday night hours.,INTERSECTION,VERIFIED,0.96
DHK-2023-1036,2023-09-09,20:06,2023,9,Saturday,20,Theft,Dhanmondi - under the Dhanmondi footover bridge,ROAD_04,Satmasjid Road (Dhanmondi 27 to 32 Link),Dhanmondi,Dhanmondi,23.752845,90.370771,The Daily Star,https://www.thedailystar.net/crime/incident-2023-09-1036,news,University student,Sharp knife (Chhuri),2,CNG auto-rickshaw,Police blotter recorded a swift snatching incident under the Dhanmondi footover bridge during Saturday night hours.,ROAD,PROBABLE,0.77
DHK-2023-0909,2023-09-10,16:17,2023,9,Sunday,16,Theft,Mirpur - close to the Mirpur market square,ROAD_31,Mirpur-1 to Mirpur-10 Connector,Mirpur,Mirpur,23.807086,90.368441,Daily Sun,https://www.daily-sun.com/post/crime/incident-2023-09-0909,news,Rickshaw passenger,Paper cutter,2,Motorcycle (Pulsar/FZ),Police blotter recorded a swift snatching incident close to the Mirpur market square during Sunday night hours.,INTERSECTION,VERIFIED,0.76
DHK-2023-0932,2023-09-10,23:11,2023,9,Sunday,23,Snatching,Banani - near the intersection approaching Kuril Flyover / Bishwa Road,ROAD_38,Dhaka-Mymensingh Hwy (Banani to Kuril),Banani,Banani,23.806719,90.411519,Daily Sun,https://www.daily-sun.com/post/crime/incident-2023-09-0932,news,University student,Sharp knife (Chhuri),1,Motorcycle (Pulsar/FZ),Reported incident of snatching involving a university student at near the intersection approaching Kuril Flyover / Bishwa Road. Suspects fled using a motorcycle (pulsar/fz).,ROAD,VERIFIED,0.91
DHK-2023-1263,2023-09-12,00:06,2023,9,Tuesday,0,Robbery,Paltan - in front of the commercial complex at Paltan,ROAD_51,Paltan to Sadarghat (Old Dhaka Arterial),Paltan,Paltan,23.727073,90.410658,Daily Sun,https://www.daily-sun.com/post/crime/incident-2023-09-1263,news,Small shopkeeper,Firearm / Pistol,1,Leguna van,"Muggers armed with a firearm / pistol intercepted a small shopkeeper in front of the commercial complex at Paltan, fleeing with cash and bag.",EXACT,VERIFIED,0.83
DHK-2023-0882,2023-09-12,01:24,2023,9,Tuesday,1,Snatching,Mohammadpur - close to the Mohammadpur market square,ROAD_53,Asad Gate to Shyamoli (Mirpur Road),Mohammadpur,Mohammadpur,23.770183,90.363714,Prothom Alo,https://en.prothomalo.com/bangladesh/crime-and-law/incident-2023-09-0882,news,Small shopkeeper,Sharp knife (Chhuri),4,On foot (sprint),Police blotter recorded a swift snatching incident close to the Mohammadpur market square during Tuesday night hours.,EXACT,PROBABLE,0.9
DHK-2023-0777,2023-09-13,01:28,2023,9,Wednesday,1,Robbery,Mohammadpur - near the intersection approaching Gabtoli Bus Terminal,ROAD_35,Mohammadpur Beribadh Outer Road,Mohammadpur,Mohammadpur,23.763783,90.347674,Dhaka Tribune,https://www.dhakatribune.com/bangladesh/crime/incident-2023-09-0777,news,Small shopkeeper,Pepper spray,4,Motorcycle (Pulsar/FZ),"Muggers armed with a pepper spray intercepted a small shopkeeper near the intersection approaching Gabtoli Bus Terminal, fleeing with cash and bag.",ROAD,VERIFIED,0.83
DHK-2023-0032,2023-09-13,19:46,2023,9,Wednesday,19,Theft,Uttara - close to the Uttara market square,ROAD_41,Dhaka-Mymensingh Hwy (Jasimuddin to House Building),Uttara,Uttara East,23.872005,90.39835,Prothom Alo,https://en.prothomalo.com/bangladesh/crime-and-law/incident-2023-09-0032,news,University student,Paper cutter,4,On foot (sprint),"Muggers armed with a paper cutter intercepted a university student close to the Uttara market square, fleeing with cash and bag.",EXACT,VERIFIED,0.79
DHK-2023-0920,2023-09-14,21:06,2023,9,Thursday,21,Robbery,Mirpur - in front of the commercial complex at Mirpur,ROAD_31,Mirpur-1 to Mirpur-10 Connector,Mirpur,Mirpur,23.799031,90.358933,DMP Monthly Blotter,https://dmp.gov.bd/crime-statistics/incident-2023-09-0920,police_report,Rickshaw passenger,Firearm / Pistol,2,Motorcycle (Pulsar/FZ),A rickshaw passenger had their smartphone snatched by 2 perpetrators on a motorcycle (pulsar/fz) in front of the commercial complex at Mirpur around 21:06.,EXACT,VERIFIED,0.84
DHK-2023-0486,2023-09-14,21:45,2023,9,Thursday,21,Theft,Mohammadpur - close to the Mohammadpur market square,ROAD_54,Mohammadpur Town Hall to Asad Gate,Mohammadpur,Mohammadpur,23.759467,90.366125,The Daily Star,https://www.thedailystar.net/crime/incident-2023-09-0486,news,University student,Sharp knife (Chhuri),2,On foot (sprint),Police blotter recorded a swift snatching incident close to the Mohammadpur market square during Thursday night hours.,EXACT,VERIFIED,0.82
DHK-2023-1020,2023-09-15,17:40,2023,9,Friday,17,Mugging,Shahbagh - along the poorly lit section of Shahbagh to Science Lab (Elephant Road),ROAD_09,Shahbagh to Science Lab (Elephant Road),Shahbagh,Shahbagh,23.739396,90.389977,Dhaka Tribune,https://www.dhakatribune.com/bangladesh/crime/incident-2023-09-1020,news,Office worker,Unarmed / Speed snatch,2,On foot (sprint),"Muggers armed with a unarmed / speed snatch intercepted a office worker along the poorly lit section of Shahbagh to Science Lab (Elephant Road), fleeing with cash and bag.",ROAD,VERIFIED,0.89
DHK-2023-0797,2023-09-15,19:19,2023,9,Friday,19,Robbery,Malibagh - close to the Malibagh market square,ROAD_47,Mouchak to Khilgaon Flyover,Malibagh,Shahjahanpur,23.749809,90.418243,DMP Monthly Blotter,https://dmp.gov.bd/crime-statistics/incident-2023-09-0797,police_report,Rickshaw passenger,Sharp knife (Chhuri),2,On foot (sprint),"Muggers armed with a sharp knife (chhuri) intercepted a rickshaw passenger close to the Malibagh market square, fleeing with cash and bag.",AREA,PROBABLE,0.93
DHK-2023-0103,2023-09-15,23:50,2023,9,Friday,23,Theft,Badda - under the Badda footover bridge,ROAD_22,Pragiti Sarani (Badda Link to Rampura Bridge),Badda,Badda,23.76916,90.426965,Dhaka Tribune,https://www.dhakatribune.com/bangladesh/crime/incident-2023-09-0103,news,Motorcyclist,Iron rod,2,Motorcycle (Pulsar/FZ),Reported incident of theft involving a motorcyclist at under the Badda footover bridge. Suspects fled using a motorcycle (pulsar/fz).,ROAD,PROBABLE,0.93
DHK-2023-0061,2023-09-16,21:40,2023,9,Saturday,21,Snatching,Mogbazar - along the poorly lit section of Mogbazar to Mouchak Flyover,ROAD_46,Mogbazar to Mouchak Flyover,Mogbazar,Ramna,23.747389,90.410869,DMP Monthly Blotter,https://dmp.gov.bd/crime-statistics/incident-2023-09-0061,police_report,Female commuter,Firearm / Pistol,2,Motorcycle (Pulsar/FZ),Police blotter recorded a swift snatching incident along the poorly lit section of Mogbazar to Mouchak Flyover during Saturday night hours.,INTERSECTION,VERIFIED,0.83
DHK-2023-1041,2023-09-17,00:17,2023,9,Sunday,0,Snatching,Mirpur - close to the Mirpur market square,ROAD_32,Mirpur-10 to Mirpur-11 Strip,Mirpur,Mirpur,23.80983,90.367571,The Business Standard,https://tbsnews.net/bangladesh/crime/incident-2023-09-1041,news,Motorcyclist,Paper cutter,4,Motorcycle (Pulsar/FZ),Police blotter recorded a swift snatching incident close to the Mirpur market square during Sunday night hours.,INTERSECTION,VERIFIED,0.92
DHK-2023-0745,2023-09-19,06:43,2023,9,Tuesday,6,Theft,Motijheel - near the intersection approaching Sayedabad Bus Terminal,ROAD_49,Motijheel to Sayedabad Bus Terminal,Motijheel,Motijheel,23.716419,90.428946,Prothom Alo,https://en.prothomalo.com/bangladesh/crime-and-law/incident-2023-09-0745,news,Motorcyclist,Sharp knife (Chhuri),1,Motorcycle (Pulsar/FZ),A motorcyclist had their smartphone snatched by 1 perpetrators on a motorcycle (pulsar/fz) near the intersection approaching Sayedabad Bus Terminal around 06:43.,ROAD,VERIFIED,0.96
DHK-2023-0808,2023-09-20,20:47,2023,9,Wednesday,20,Mugging,Mirpur - close to the Mirpur market square,ROAD_32,Mirpur-10 to Mirpur-11 Strip,Mirpur,Mirpur,23.807571,90.368379,Dhaka Tribune,https://www.dhakatribune.com/bangladesh/crime/incident-2023-09-0808,news,Motorcyclist,Sharp knife (Chhuri),4,Motorcycle (Pulsar/FZ),"Muggers armed with a sharp knife (chhuri) intercepted a motorcyclist close to the Mirpur market square, fleeing with cash and bag.",EXACT,VERIFIED,0.94
DHK-2023-0393,2023-09-20,21:06,2023,9,Wednesday,21,Robbery,Mirpur - near the intersection approaching Gabtoli Bus Terminal,ROAD_34,Mirpur-1 to Gabtoli Highway,Mirpur,Mirpur,23.790799,90.351518,DMP Monthly Blotter,https://dmp.gov.bd/crime-statistics/incident-2023-09-0393,police_report,University student,Sharp knife (Chhuri),2,CNG auto-rickshaw,"Muggers armed with a sharp knife (chhuri) intercepted a university student near the intersection approaching Gabtoli Bus Terminal, fleeing with cash and bag.",INTERSECTION,VERIFIED,0.81
DHK-2023-0923,2023-09-21,07:36,2023,9,Thursday,7,Robbery,Sayedabad - near Sayedabad bus stop,ROAD_50,Sayedabad to Jatrabari Flyover Entrance,Sayedabad,Jatrabari,23.713972,90.431069,Daily Sun,https://www.daily-sun.com/post/crime/incident-2023-09-0923,news,Small shopkeeper,Sharp knife (Chhuri),1,Motorcycle (Pulsar/FZ),A small shopkeeper had their smartphone snatched by 1 perpetrators on a motorcycle (pulsar/fz) near Sayedabad bus stop around 07:36.,INTERSECTION,VERIFIED,0.87
DHK-2023-0963,2023-09-22,18:18,2023,9,Friday,18,Theft,Shahbagh - along the poorly lit section of Shahbagh to Science Lab (Elephant Road),ROAD_09,Shahbagh to Science Lab (Elephant Road),Shahbagh,Shahbagh,23.738872,90.395322,The Business Standard,https://tbsnews.net/bangladesh/crime/incident-2023-09-0963,news,Rickshaw passenger,Sharp knife (Chhuri),4,Motorcycle (Pulsar/FZ),Police blotter recorded a swift snatching incident along the poorly lit section of Shahbagh to Science Lab (Elephant Road) during Friday night hours.,AREA,VERIFIED,0.91
DHK-2023-0167,2023-09-22,20:27,2023,9,Friday,20,Snatching,Baridhara - under the Baridhara footover bridge,ROAD_21,Pragiti Sarani (Notun Bazar to Badda Link),Baridhara,Bhatara,23.788412,90.426859,DMP Monthly Blotter,https://dmp.gov.bd/crime-statistics/incident-2023-09-0167,police_report,Rickshaw passenger,Unarmed / Speed snatch,2,CNG auto-rickshaw,"Muggers armed with a unarmed / speed snatch intercepted a rickshaw passenger under the Baridhara footover bridge, fleeing with cash and bag.",INTERSECTION,VERIFIED,0.82
DHK-2023-0500,2023-09-23,19:11,2023,9,Saturday,19,Snatching,Motijheel - in front of the commercial complex at Motijheel,ROAD_49,Motijheel to Sayedabad Bus Terminal,Motijheel,Motijheel,23.716403,90.4286,The Daily Star,https://www.thedailystar.net/crime/incident-2023-09-0500,news,Pedestrian,Unarmed / Speed snatch,3,CNG auto-rickshaw,Police blotter recorded a swift snatching incident in front of the commercial complex at Motijheel during Saturday night hours.,EXACT,VERIFIED,0.9
DHK-2023-1034,2023-09-25,00:29,2023,9,Monday,0,Robbery,Tejgaon - under the Tejgaon footover bridge,ROAD_26,Tejgaon Industrial to Farmgate Link,Tejgaon,Tejgaon Industrial,23.759908,90.393691,The Business Standard,https://tbsnews.net/bangladesh/crime/incident-2023-09-1034,news,Rickshaw passenger,Sharp knife (Chhuri),2,Motorcycle (Pulsar/FZ),"Muggers armed with a sharp knife (chhuri) intercepted a rickshaw passenger under the Tejgaon footover bridge, fleeing with cash and bag.",INTERSECTION,PROBABLE,0.92
DHK-2023-0022,2023-09-25,00:40,2023,9,Monday,0,Snatching,Shyamoli - near Shyamoli bus stop,ROAD_30,Mirpur Road (Shyamoli to Mirpur-1),Shyamoli,Adabor,23.794316,90.354147,The Business Standard,https://tbsnews.net/bangladesh/crime/incident-2023-09-0022,news,University student,Unarmed / Speed snatch,3,Motorcycle (Pulsar/FZ),A university student had their smartphone snatched by 3 perpetrators on a motorcycle (pulsar/fz) near Shyamoli bus stop around 00:40.,EXACT,VERIFIED,0.77
DHK-2023-0831,2023-09-25,23:50,2023,9,Monday,23,Mugging,Shahbagh - in front of the commercial complex at Shahbagh,ROAD_09,Shahbagh to Science Lab (Elephant Road),Shahbagh,Shahbagh,23.738952,90.393503,Prothom Alo,https://en.prothomalo.com/bangladesh/crime-and-law/incident-2023-09-0831,news,Motorcyclist,Sharp knife (Chhuri),2,Motorcycle (Pulsar/FZ),"Muggers armed with a sharp knife (chhuri) intercepted a motorcyclist in front of the commercial complex at Shahbagh, fleeing with cash and bag.",EXACT,VERIFIED,0.96
DHK-2023-0138,2023-09-26,01:38,2023,9,Tuesday,1,Robbery,Airport - in front of the commercial complex at Airport,ROAD_40,Dhaka-Mymensingh Hwy (Airport to Jasimuddin),Airport,Airport,23.855318,90.405062,Daily Sun,https://www.daily-sun.com/post/crime/incident-2023-09-0138,news,Motorcyclist,Sharp knife (Chhuri),2,Motorcycle (Pulsar/FZ),Police blotter recorded a swift snatching incident in front of the commercial complex at Airport during Tuesday night hours.,INTERSECTION,VERIFIED,0.76
DHK-2023-0368,2023-09-26,14:13,2023,9,Tuesday,14,Theft,Sayedabad - near Sayedabad bus stop,ROAD_50,Sayedabad to Jatrabari Flyover Entrance,Sayedabad,Jatrabari,23.712118,90.433472,Prothom Alo,https://en.prothomalo.com/bangladesh/crime-and-law/incident-2023-09-0368,news,Office worker,Sharp knife (Chhuri),4,Motorcycle (Pulsar/FZ),Police blotter recorded a swift snatching incident near Sayedabad bus stop during Tuesday night hours.,EXACT,VERIFIED,0.95
DHK-2023-0017,2023-09-26,21:42,2023,9,Tuesday,21,Robbery,Sayedabad - near the intersection approaching Jatrabari Chottor,ROAD_50,Sayedabad to Jatrabari Flyover Entrance,Sayedabad,Jatrabari,23.712392,90.433485,The Daily Star,https://www.thedailystar.net/crime/incident-2023-09-0017,news,Pedestrian,Unarmed / Speed snatch,2,CNG auto-rickshaw,A pedestrian had their smartphone snatched by 2 perpetrators on a cng auto-rickshaw near the intersection approaching Jatrabari Chottor around 21:42.,EXACT,PROBABLE,0.77
DHK-2023-1004,2023-09-26,23:21,2023,9,Tuesday,23,Mugging,Malibagh - along the poorly lit section of Mouchak to Khilgaon Flyover,ROAD_47,Mouchak to Khilgaon Flyover,Malibagh,Shahjahanpur,23.748528,90.415109,The Daily Star,https://www.thedailystar.net/crime/incident-2023-09-1004,news,Office worker,Paper cutter,4,Motorcycle (Pulsar/FZ),"Muggers armed with a paper cutter intercepted a office worker along the poorly lit section of Mouchak to Khilgaon Flyover, fleeing with cash and bag.",EXACT,UNCONFIRMED,0.54
DHK-2023-1206,2023-09-27,16:05,2023,9,Wednesday,16,Snatching,Tejgaon - close to the Tejgaon market square,ROAD_13,Airport Road (Jahangir Gate to Mohakhali),Tejgaon,Cantonment,23.774267,90.39588,The Business Standard,https://tbsnews.net/bangladesh/crime/incident-2023-09-1206,news,Office worker,Paper cutter,1,Motorcycle (Pulsar/FZ),A office worker had their smartphone snatched by 1 perpetrators on a motorcycle (pulsar/fz) close to the Tejgaon market square around 16:05.,INTERSECTION,VERIFIED,0.95
DHK-2023-0094,2023-09-28,18:50,2023,9,Thursday,18,Mugging,Mirpur - close to the Mirpur market square,ROAD_31,Mirpur-1 to Mirpur-10 Connector,Mirpur,Mirpur,23.801756,90.36184,Prothom Alo,https://en.prothomalo.com/bangladesh/crime-and-law/incident-2023-09-0094,news,Small shopkeeper,Sharp knife (Chhuri),2,Motorcycle (Pulsar/FZ),Police blotter recorded a swift snatching incident close to the Mirpur market square during Thursday night hours.,INTERSECTION,VERIFIED,0.97
DHK-2023-0647,2023-09-28,19:57,2023,9,Thursday,19,Mugging,Sayedabad - near Sayedabad bus stop,ROAD_50,Sayedabad to Jatrabari Flyover Entrance,Sayedabad,Jatrabari,23.711646,90.433803,bdnews24,https://bdnews24.com/bangladesh/incident-2023-09-0647,news,Female commuter,Sharp knife (Chhuri),2,On foot (sprint),"Muggers armed with a sharp knife (chhuri) intercepted a female commuter near Sayedabad bus stop, fleeing with cash and bag.",AREA,VERIFIED,0.83
DHK-2023-1276,2023-09-29,19:33,2023,9,Friday,19,Snatching,Mirpur - along the poorly lit section of Mirpur-10 to Mirpur-11 Strip,ROAD_32,Mirpur-10 to Mirpur-11 Strip,Mirpur,Mirpur,23.810155,90.367589,Daily Sun,https://www.daily-sun.com/post/crime/incident-2023-09-1276,news,Motorcyclist,Sharp knife (Chhuri),2,Private car,A motorcyclist had their smartphone snatched by 2 perpetrators on a private car along the poorly lit section of Mirpur-10 to Mirpur-11 Strip around 19:33.,INTERSECTION,VERIFIED,0.87
DHK-2023-1227,2023-10-01,08:25,2023,10,Sunday,8,Robbery,Sayedabad - near the intersection approaching Jatrabari Chottor,ROAD_50,Sayedabad to Jatrabari Flyover Entrance,Sayedabad,Jatrabari,23.712146,90.434058,The Business Standard,https://tbsnews.net/bangladesh/crime/incident-2023-10-1227,news,Small shopkeeper,Firearm / Pistol,2,CNG auto-rickshaw,Police blotter recorded a swift snatching incident near the intersection approaching Jatrabari Chottor during Sunday night hours.,ROAD,VERIFIED,0.87
DHK-2023-0948,2023-10-01,15:25,2023,10,Sunday,15,Snatching,Mohammadpur - in front of the commercial complex at Mohammadpur,ROAD_35,Mohammadpur Beribadh Outer Road,Mohammadpur,Mohammadpur,23.767109,90.347298,The Business Standard,https://tbsnews.net/bangladesh/crime/incident-2023-10-0948,news,Rickshaw passenger,Paper cutter,2,Motorcycle (Pulsar/FZ),Reported incident of snatching involving a rickshaw passenger at in front of the commercial complex at Mohammadpur. Suspects fled using a motorcycle (pulsar/fz).,INTERSECTION,VERIFIED,0.78
DHK-2023-0197,2023-10-02,17:54,2023,10,Monday,17,Snatching,Motijheel - along the poorly lit section of Motijheel to Sayedabad Bus Terminal,ROAD_49,Motijheel to Sayedabad Bus Terminal,Motijheel,Motijheel,23.721061,90.424732,Prothom Alo,https://en.prothomalo.com/bangladesh/crime-and-law/incident-2023-10-0197,news,Rickshaw passenger,Unarmed / Speed snatch,4,Motorcycle (Pulsar/FZ),Reported incident of snatching involving a rickshaw passenger at along the poorly lit section of Motijheel to Sayedabad Bus Terminal. Suspects fled using a motorcycle (pulsar/fz).,INTERSECTION,VERIFIED,0.92
DHK-2023-0551,2023-10-03,02:07,2023,10,Tuesday,2,Robbery,Tejgaon - under the Tejgaon footover bridge,ROAD_25,Tejgaon-Gulshan Link Road,Tejgaon,Tejgaon Industrial,23.774298,90.412574,DMP Monthly Blotter,https://dmp.gov.bd/crime-statistics/incident-2023-10-0551,police_report,Rickshaw passenger,Unarmed / Speed snatch,4,On foot (sprint),A rickshaw passenger had their smartphone snatched by 4 perpetrators on a on foot (sprint) under the Tejgaon footover bridge around 02:07.,EXACT,VERIFIED,0.78
DHK-2023-0686,2023-10-03,05:01,2023,10,Tuesday,5,Mugging,Baridhara - along the poorly lit section of Pragiti Sarani (Notun Bazar to Badda Link),ROAD_21,Pragiti Sarani (Notun Bazar to Badda Link),Baridhara,Bhatara,23.79619,90.424909,The Business Standard,https://tbsnews.net/bangladesh/crime/incident-2023-10-0686,news,Pedestrian,Sharp knife (Chhuri),2,On foot (sprint),Reported incident of mugging involving a pedestrian at along the poorly lit section of Pragiti Sarani (Notun Bazar to Badda Link). Suspects fled using a on foot (sprint).,EXACT,VERIFIED,0.79
DHK-2023-0468,2023-10-03,09:57,2023,10,Tuesday,9,Snatching,Mohammadpur - close to the Mohammadpur market square,ROAD_35,Mohammadpur Beribadh Outer Road,Mohammadpur,Mohammadpur,23.779643,90.347283,Daily Sun,https://www.daily-sun.com/post/crime/incident-2023-10-0468,news,University student,Pepper spray,2,Motorcycle (Pulsar/FZ),A university student had their smartphone snatched by 2 perpetrators on a motorcycle (pulsar/fz) close to the Mohammadpur market square around 09:57.,ROAD,PROBABLE,0.84
DHK-2023-0690,2023-10-03,18:19,2023,10,Tuesday,18,Snatching,Badda - near the intersection approaching Rampura Bridge,ROAD_22,Pragiti Sarani (Badda Link to Rampura Bridge),Badda,Badda,23.767113,90.426118,The Business Standard,https://tbsnews.net/bangladesh/crime/incident-2023-10-0690,news,University student,Paper cutter,4,Motorcycle (Pulsar/FZ),Police blotter recorded a swift snatching incident near the intersection approaching Rampura Bridge during Tuesday night hours.,INTERSECTION,VERIFIED,0.86
DHK-2023-0020,2023-10-03,23:16,2023,10,Tuesday,23,Snatching,Baridhara - under the Baridhara footover bridge,ROAD_21,Pragiti Sarani (Notun Bazar to Badda Link),Baridhara,Bhatara,23.795898,90.425259,Prothom Alo,https://en.prothomalo.com/bangladesh/crime-and-law/incident-2023-10-0020,news,Female commuter,Firearm / Pistol,3,On foot (sprint),Reported incident of snatching involving a female commuter at under the Baridhara footover bridge. Suspects fled using a on foot (sprint).,INTERSECTION,UNCONFIRMED,0.54
DHK-2023-0718,2023-10-06,20:00,2023,10,Friday,20,Snatching,Motijheel - under the Motijheel footover bridge,ROAD_49,Motijheel to Sayedabad Bus Terminal,Motijheel,Motijheel,23.722569,90.423296,The Daily Star,https://www.thedailystar.net/crime/incident-2023-10-0718,news,Pedestrian,Iron rod,2,On foot (sprint),"Muggers armed with a iron rod intercepted a pedestrian under the Motijheel footover bridge, fleeing with cash and bag.",AREA,VERIFIED,0.94
DHK-2023-0481,2023-10-07,10:22,2023,10,Saturday,10,Mugging,Mogbazar - close to the Mogbazar market square,ROAD_46,Mogbazar to Mouchak Flyover,Mogbazar,Ramna,23.749161,90.406977,bdnews24,https://bdnews24.com/bangladesh/incident-2023-10-0481,news,Small shopkeeper,Sharp knife (Chhuri),2,Leguna van,A small shopkeeper had their smartphone snatched by 2 perpetrators on a leguna van close to the Mogbazar market square around 10:22.,INTERSECTION,VERIFIED,0.93
DHK-2023-0261,2023-10-10,02:36,2023,10,Tuesday,2,Robbery,Dhanmondi - near the intersection approaching New Market Nilkhet,ROAD_10,Science Lab to Nilkhet / New Market,Dhanmondi,New Market,23.736817,90.383773,The Business Standard,https://tbsnews.net/bangladesh/crime/incident-2023-10-0261,news,Office worker,Pepper spray,2,On foot (sprint),"Muggers armed with a pepper spray intercepted a office worker near the intersection approaching New Market Nilkhet, fleeing with cash and bag.",INTERSECTION,VERIFIED,0.86
DHK-2023-1223,2023-10-13,20:08,2023,10,Friday,20,Snatching,Rampura - close to the Rampura market square,ROAD_24,Hatirjheel Expressway (Rampura to Mohakhali),Rampura,Rampura,23.772792,90.408647,The Daily Star,https://www.thedailystar.net/crime/incident-2023-10-1223,news,Female commuter,Firearm / Pistol,2,CNG auto-rickshaw,Police blotter recorded a swift snatching incident close to the Rampura market square during Friday night hours.,ROAD,VERIFIED,0.84
DHK-2023-1101,2023-10-14,21:17,2023,10,Saturday,21,Robbery,Mohammadpur - along the poorly lit section of Mohammadpur Town Hall to Asad Gate,ROAD_54,Mohammadpur Town Hall to Asad Gate,Mohammadpur,Mohammadpur,23.75951,90.369605,The Daily Star,https://www.thedailystar.net/crime/incident-2023-10-1101,news,Small shopkeeper,Sharp knife (Chhuri),4,Motorcycle (Pulsar/FZ),Police blotter recorded a swift snatching incident along the poorly lit section of Mohammadpur Town Hall to Asad Gate during Saturday night hours.,EXACT,VERIFIED,0.97
DHK-2023-1108,2023-10-15,04:57,2023,10,Sunday,4,Mugging,Mohammadpur - under the Mohammadpur footover bridge,ROAD_35,Mohammadpur Beribadh Outer Road,Mohammadpur,Mohammadpur,23.755316,90.348036,Daily Sun,https://www.daily-sun.com/post/crime/incident-2023-10-1108,news,Pedestrian,Sharp knife (Chhuri),2,Motorcycle (Pulsar/FZ),Police blotter recorded a swift snatching incident under the Mohammadpur footover bridge during Sunday night hours.,EXACT,VERIFIED,0.79
DHK-2023-0428,2023-10-15,06:28,2023,10,Sunday,6,Mugging,Motijheel - in front of the commercial complex at Motijheel,ROAD_49,Motijheel to Sayedabad Bus Terminal,Motijheel,Motijheel,23.72555,90.420791,Daily Sun,https://www.daily-sun.com/post/crime/incident-2023-10-0428,news,Rickshaw passenger,Firearm / Pistol,4,Motorcycle (Pulsar/FZ),Police blotter recorded a swift snatching incident in front of the commercial complex at Motijheel during Sunday night hours.,EXACT,PROBABLE,0.97
DHK-2023-0262,2023-10-15,21:11,2023,10,Sunday,21,Snatching,Nilkhet - under the Nilkhet footover bridge,ROAD_52,New Market to Sadarghat Riverfront Connector,Nilkhet,New Market,23.725106,90.39254,Prothom Alo,https://en.prothomalo.com/bangladesh/crime-and-law/incident-2023-10-0262,news,Pedestrian,Iron rod,2,On foot (sprint),"Muggers armed with a iron rod intercepted a pedestrian under the Nilkhet footover bridge, fleeing with cash and bag.",INTERSECTION,VERIFIED,0.94
DHK-2023-1003,2023-10-16,22:49,2023,10,Monday,22,Snatching,Shyamoli - near the intersection approaching Mirpur 1 Roundabout,ROAD_30,Mirpur Road (Shyamoli to Mirpur-1),Shyamoli,Adabor,23.788598,90.356534,The Business Standard,https://tbsnews.net/bangladesh/crime/incident-2023-10-1003,news,Motorcyclist,Sharp knife (Chhuri),4,Motorcycle (Pulsar/FZ),Reported incident of snatching involving a motorcyclist at near the intersection approaching Mirpur 1 Roundabout. Suspects fled using a motorcycle (pulsar/fz).,ROAD,VERIFIED,0.85
DHK-2023-0522,2023-10-17,19:44,2023,10,Tuesday,19,Pickpocketing,Tejgaon - close to the Tejgaon market square,ROAD_25,Tejgaon-Gulshan Link Road,Tejgaon,Tejgaon Industrial,23.774203,90.412671,The Business Standard,https://tbsnews.net/bangladesh/crime/incident-2023-10-0522,news,Motorcyclist,Pepper spray,1,Motorcycle (Pulsar/FZ),"Muggers armed with a pepper spray intercepted a motorcyclist close to the Tejgaon market square, fleeing with cash and bag.",ROAD,VERIFIED,0.76
DHK-2023-0875,2023-10-17,20:13,2023,10,Tuesday,20,Snatching,Gulshan - near the intersection approaching Gulshan 2 Circle,ROAD_16,Gulshan Avenue (Gulshan-1 to Gulshan-2),Gulshan,Gulshan,23.780324,90.417054,Daily Sun,https://www.daily-sun.com/post/crime/incident-2023-10-0875,news,Rickshaw passenger,Sharp knife (Chhuri),2,Motorcycle (Pulsar/FZ),A rickshaw passenger had their smartphone snatched by 2 perpetrators on a motorcycle (pulsar/fz) near the intersection approaching Gulshan 2 Circle around 20:13.,AREA,PROBABLE,0.85
DHK-2023-0134,2023-10-17,23:58,2023,10,Tuesday,23,Robbery,Malibagh - in front of the commercial complex at Malibagh,ROAD_48,Mouchak to Kakrail Road,Malibagh,Shahjahanpur,23.744482,90.410045,bdnews24,https://bdnews24.com/bangladesh/incident-2023-10-0134,news,Rickshaw passenger,Sharp knife (Chhuri),3,Motorcycle (Pulsar/FZ),A rickshaw passenger had their smartphone snatched by 3 perpetrators on a motorcycle (pulsar/fz) in front of the commercial complex at Malibagh around 23:58.,EXACT,PROBABLE,0.82
DHK-2023-0672,2023-10-19,03:44,2023,10,Thursday,3,Pickpocketing,Shyamoli - near Shyamoli bus stop,ROAD_30,Mirpur Road (Shyamoli to Mirpur-1),Shyamoli,Adabor,23.776368,90.360739,The Daily Star,https://www.thedailystar.net/crime/incident-2023-10-0672,news,University student,Sharp knife (Chhuri),4,Motorcycle (Pulsar/FZ),A university student had their smartphone snatched by 4 perpetrators on a motorcycle (pulsar/fz) near Shyamoli bus stop around 03:44.,ROAD,VERIFIED,0.75
DHK-2023-0935,2023-10-20,19:24,2023,10,Friday,19,Snatching,Agargaon - under the Agargaon footover bridge,ROAD_27,Begum Rokeya Sarani (Agargaon to Shewrapara),Agargaon,Sher-e-Bangla Nagar,23.781463,90.374616,The Business Standard,https://tbsnews.net/bangladesh/crime/incident-2023-10-0935,news,Female commuter,Unarmed / Speed snatch,4,Private car,Police blotter recorded a swift snatching incident under the Agargaon footover bridge during Friday night hours.,INTERSECTION,VERIFIED,0.91
DHK-2023-0083,2023-10-23,23:26,2023,10,Monday,23,Snatching,Motijheel - near the intersection approaching Sayedabad Bus Terminal,ROAD_49,Motijheel to Sayedabad Bus Terminal,Motijheel,Motijheel,23.716895,90.428325,Daily Sun,https://www.daily-sun.com/post/crime/incident-2023-10-0083,news,Female commuter,Unarmed / Speed snatch,2,Motorcycle (Pulsar/FZ),Police blotter recorded a swift snatching incident near the intersection approaching Sayedabad Bus Terminal during Monday night hours.,INTERSECTION,VERIFIED,0.9
DHK-2023-1239,2023-10-24,06:40,2023,10,Tuesday,6,Snatching,Mohammadpur - under the Mohammadpur footover bridge,ROAD_36,Town Hall to Beribadh Link,Mohammadpur,Mohammadpur,23.75787,90.355303,bdnews24,https://bdnews24.com/bangladesh/incident-2023-10-1239,news,Office worker,Unarmed / Speed snatch,3,Leguna van,Police blotter recorded a swift snatching incident under the Mohammadpur footover bridge during Tuesday night hours.,EXACT,VERIFIED,0.76
DHK-2023-0598,2023-10-25,14:33,2023,10,Wednesday,14,Mugging,Baridhara - close to the Baridhara market square,ROAD_21,Pragiti Sarani (Notun Bazar to Badda Link),Baridhara,Bhatara,23.780366,90.428276,bdnews24,https://bdnews24.com/bangladesh/incident-2023-10-0598,news,University student,Paper cutter,4,Motorcycle (Pulsar/FZ),A university student had their smartphone snatched by 4 perpetrators on a motorcycle (pulsar/fz) close to the Baridhara market square around 14:33.,EXACT,VERIFIED,0.77
DHK-2023-0725,2023-10-26,00:01,2023,10,Thursday,0,Robbery,Sayedabad - in front of the commercial complex at Sayedabad,ROAD_50,Sayedabad to Jatrabari Flyover Entrance,Sayedabad,Jatrabari,23.713696,90.431522,Dhaka Tribune,https://www.dhakatribune.com/bangladesh/crime/incident-2023-10-0725,news,Female commuter,Pepper spray,3,Motorcycle (Pulsar/FZ),Police blotter recorded a swift snatching incident in front of the commercial complex at Sayedabad during Thursday night hours.,EXACT,UNCONFIRMED,0.52
DHK-2023-0126,2023-10-27,20:16,2023,10,Friday,20,Mugging,Karwan Bazar - in front of the commercial complex at Karwan Bazar,ROAD_08,Kazi Nazrul Islam Ave (Karwan Bazar to Shahbagh),Karwan Bazar,Tejgaon,23.749136,90.394331,The Business Standard,https://tbsnews.net/bangladesh/crime/incident-2023-10-0126,news,Pedestrian,Sharp knife (Chhuri),2,Motorcycle (Pulsar/FZ),Police blotter recorded a swift snatching incident in front of the commercial complex at Karwan Bazar during Friday night hours.,EXACT,VERIFIED,0.86
DHK-2023-0908,2023-10-29,00:38,2023,10,Sunday,0,Robbery,Mohammadpur - near the intersection approaching Mohammadpur Beribadh Mor,ROAD_36,Town Hall to Beribadh Link,Mohammadpur,Mohammadpur,23.758875,90.358672,Daily Sun,https://www.daily-sun.com/post/crime/incident-2023-10-0908,news,Office worker,Sharp knife (Chhuri),1,On foot (sprint),Reported incident of robbery involving a office worker at near the intersection approaching Mohammadpur Beribadh Mor. Suspects fled using a on foot (sprint).,AREA,UNCONFIRMED,0.56
DHK-2023-1080,2023-10-29,19:29,2023,10,Sunday,19,Snatching,Mirpur - close to the Mirpur market square,ROAD_28,Begum Rokeya Sarani (Shewrapara to Kazipara),Mirpur,Kafrul,23.790302,90.372012,DMP Monthly Blotter,https://dmp.gov.bd/crime-statistics/incident-2023-10-1080,police_report,Office worker,Sharp knife (Chhuri),2,Motorcycle (Pulsar/FZ),Police blotter recorded a swift snatching incident close to the Mirpur market square during Sunday night hours.,INTERSECTION,PROBABLE,0.82
DHK-2023-0548,2023-10-31,13:03,2023,10,Tuesday,13,Mugging,Farmgate - close to the Farmgate market square,ROAD_11,Airport Road (Farmgate to Bijoy Sarani),Farmgate,Tejgaon,23.762602,90.388302,The Business Standard,https://tbsnews.net/bangladesh/crime/incident-2023-10-0548,news,Motorcyclist,Unarmed / Speed snatch,3,Motorcycle (Pulsar/FZ),Reported incident of mugging involving a motorcyclist at close to the Farmgate market square. Suspects fled using a motorcycle (pulsar/fz).,INTERSECTION,VERIFIED,0.96
DHK-2023-0023,2023-11-02,09:34,2023,11,Thursday,9,Mugging,Mohammadpur - close to the Mohammadpur market square,ROAD_53,Asad Gate to Shyamoli (Mirpur Road),Mohammadpur,Mohammadpur,23.759554,90.370936,bdnews24,https://bdnews24.com/bangladesh/incident-2023-11-0023,news,Rickshaw passenger,Pepper spray,1,Motorcycle (Pulsar/FZ),Reported incident of mugging involving a rickshaw passenger at close to the Mohammadpur market square. Suspects fled using a motorcycle (pulsar/fz).,ROAD,VERIFIED,0.96
DHK-2023-0722,2023-11-02,12:05,2023,11,Thursday,12,Robbery,Mirpur - along the poorly lit section of Mirpur-1 to Mirpur-10 Connector,ROAD_31,Mirpur-1 to Mirpur-10 Connector,Mirpur,Mirpur,23.806298,90.367932,The Daily Star,https://www.thedailystar.net/crime/incident-2023-11-0722,news,Office worker,Sharp knife (Chhuri),3,CNG auto-rickshaw,Police blotter recorded a swift snatching incident along the poorly lit section of Mirpur-1 to Mirpur-10 Connector during Thursday night hours.,EXACT,VERIFIED,0.94
DHK-2023-0146,2023-11-03,06:35,2023,11,Friday,6,Robbery,Sayedabad - close to the Sayedabad market square,ROAD_50,Sayedabad to Jatrabari Flyover Entrance,Sayedabad,Jatrabari,23.711304,90.434655,Daily Sun,https://www.daily-sun.com/post/crime/incident-2023-11-0146,news,Female commuter,Unarmed / Speed snatch,2,Motorcycle (Pulsar/FZ),A female commuter had their smartphone snatched by 2 perpetrators on a motorcycle (pulsar/fz) close to the Sayedabad market square around 06:35.,ROAD,VERIFIED,0.76
DHK-2023-1142,2023-11-04,21:24,2023,11,Saturday,21,Theft,Tejgaon - near the intersection approaching Farmgate Intersection,ROAD_26,Tejgaon Industrial to Farmgate Link,Tejgaon,Tejgaon Industrial,23.75887,90.392512,Dhaka Tribune,https://www.dhakatribune.com/bangladesh/crime/incident-2023-11-1142,news,Motorcyclist,Paper cutter,3,Motorcycle (Pulsar/FZ),Police blotter recorded a swift snatching incident near the intersection approaching Farmgate Intersection during Saturday night hours.,INTERSECTION,VERIFIED,0.87
DHK-2023-0361,2023-11-05,02:08,2023,11,Sunday,2,Snatching,Mohammadpur - in front of the commercial complex at Mohammadpur,ROAD_35,Mohammadpur Beribadh Outer Road,Mohammadpur,Mohammadpur,23.783684,90.3473,bdnews24,https://bdnews24.com/bangladesh/incident-2023-11-0361,news,Rickshaw passenger,Sharp knife (Chhuri),2,CNG auto-rickshaw,"Muggers armed with a sharp knife (chhuri) intercepted a rickshaw passenger in front of the commercial complex at Mohammadpur, fleeing with cash and bag.",INTERSECTION,VERIFIED,0.93
DHK-2023-0594,2023-11-06,20:42,2023,11,Monday,20,Snatching,Dhanmondi - under the Dhanmondi footover bridge,ROAD_01,Mirpur Road (Science Lab to Kalabagan),Dhanmondi,New Market,23.742588,90.381793,The Business Standard,https://tbsnews.net/bangladesh/crime/incident-2023-11-0594,news,Rickshaw passenger,Sharp knife (Chhuri),2,Motorcycle (Pulsar/FZ),A rickshaw passenger had their smartphone snatched by 2 perpetrators on a motorcycle (pulsar/fz) under the Dhanmondi footover bridge around 20:42.,INTERSECTION,PROBABLE,0.83
DHK-2023-0732,2023-11-06,21:35,2023,11,Monday,21,Snatching,Mirpur - near Mirpur bus stop,ROAD_29,Begum Rokeya Sarani (Kazipara to Mirpur-10),Mirpur,Kafrul,23.805037,90.36912,The Daily Star,https://www.thedailystar.net/crime/incident-2023-11-0732,news,Rickshaw passenger,Sharp knife (Chhuri),2,Leguna van,"Muggers armed with a sharp knife (chhuri) intercepted a rickshaw passenger near Mirpur bus stop, fleeing with cash and bag.",EXACT,VERIFIED,0.79
DHK-2023-0529,2023-11-09,20:27,2023,11,Thursday,20,Theft,Nilkhet - in front of the commercial complex at Nilkhet,ROAD_52,New Market to Sadarghat Riverfront Connector,Nilkhet,New Market,23.708982,90.411073,DMP Monthly Blotter,https://dmp.gov.bd/crime-statistics/incident-2023-11-0529,police_report,Rickshaw passenger,Sharp knife (Chhuri),2,On foot (sprint),"Muggers armed with a sharp knife (chhuri) intercepted a rickshaw passenger in front of the commercial complex at Nilkhet, fleeing with cash and bag.",ROAD,VERIFIED,0.88
DHK-2023-0111,2023-11-09,22:43,2023,11,Thursday,22,Snatching,Farmgate - in front of the commercial complex at Farmgate,ROAD_07,Kazi Nazrul Islam Ave (Farmgate to Karwan Bazar),Farmgate,Tejgaon,23.751756,90.393645,The Daily Star,https://www.thedailystar.net/crime/incident-2023-11-0111,news,University student,Sharp knife (Chhuri),1,CNG auto-rickshaw,Reported incident of snatching involving a university student at in front of the commercial complex at Farmgate. Suspects fled using a cng auto-rickshaw.,EXACT,VERIFIED,0.94
DHK-2023-0784,2023-11-10,16:07,2023,11,Friday,16,Mugging,Banani - under the Banani footover bridge,ROAD_19,Banani 11 to Gulshan-2 Bridge Link,Banani,Banani,23.793109,90.412036,bdnews24,https://bdnews24.com/bangladesh/incident-2023-11-0784,news,Pedestrian,Paper cutter,2,Private car,Police blotter recorded a swift snatching incident under the Banani footover bridge during Friday night hours.,EXACT,VERIFIED,0.76
DHK-2023-0412,2023-11-11,19:01,2023,11,Saturday,19,Snatching,Dhanmondi - near the intersection approaching New Market Nilkhet,ROAD_10,Science Lab to Nilkhet / New Market,Dhanmondi,New Market,23.736414,90.383482,The Daily Star,https://www.thedailystar.net/crime/incident-2023-11-0412,news,Rickshaw passenger,Sharp knife (Chhuri),2,CNG auto-rickshaw,A rickshaw passenger had their smartphone snatched by 2 perpetrators on a cng auto-rickshaw near the intersection approaching New Market Nilkhet around 19:01.,EXACT,VERIFIED,0.88
DHK-2023-0741,2023-11-12,21:07,2023,11,Sunday,21,Snatching,Badda - under the Badda footover bridge,ROAD_22,Pragiti Sarani (Badda Link to Rampura Bridge),Badda,Badda,23.773643,90.427746,Prothom Alo,https://en.prothomalo.com/bangladesh/crime-and-law/incident-2023-11-0741,news,Office worker,Unarmed / Speed snatch,3,CNG auto-rickshaw,Reported incident of snatching involving a office worker at under the Badda footover bridge. Suspects fled using a cng auto-rickshaw.,AREA,VERIFIED,0.9
DHK-2023-0239,2023-11-12,23:47,2023,11,Sunday,23,Snatching,Dhanmondi - close to the Dhanmondi market square,ROAD_10,Science Lab to Nilkhet / New Market,Dhanmondi,New Market,23.736884,90.38345,Prothom Alo,https://en.prothomalo.com/bangladesh/crime-and-law/incident-2023-11-0239,news,University student,Unarmed / Speed snatch,2,Motorcycle (Pulsar/FZ),A university student had their smartphone snatched by 2 perpetrators on a motorcycle (pulsar/fz) close to the Dhanmondi market square around 23:47.,ROAD,PROBABLE,0.78
DHK-2023-0744,2023-11-14,19:59,2023,11,Tuesday,19,Mugging,Mohammadpur - near Mohammadpur bus stop,ROAD_53,Asad Gate to Shyamoli (Mirpur Road),Mohammadpur,Mohammadpur,23.765222,90.367153,Prothom Alo,https://en.prothomalo.com/bangladesh/crime-and-law/incident-2023-11-0744,news,University student,Iron rod,2,Motorcycle (Pulsar/FZ),Police blotter recorded a swift snatching incident near Mohammadpur bus stop during Tuesday night hours.,ROAD,VERIFIED,0.82
DHK-2023-0497,2023-11-14,20:28,2023,11,Tuesday,20,Theft,Mirpur - near the intersection approaching Mirpur 12 Terminus,ROAD_33,Mirpur-11 to Mirpur-12 Avenue,Mirpur,Pallabi,23.820223,90.365033,The Daily Star,https://www.thedailystar.net/crime/incident-2023-11-0497,news,Small shopkeeper,Unarmed / Speed snatch,4,Private car,Police blotter recorded a swift snatching incident near the intersection approaching Mirpur 12 Terminus during Tuesday night hours.,INTERSECTION,VERIFIED,0.92
DHK-2023-0137,2023-11-14,22:04,2023,11,Tuesday,22,Snatching,Dhanmondi - near the intersection approaching New Market Nilkhet,ROAD_10,Science Lab to Nilkhet / New Market,Dhanmondi,New Market,23.73775,90.383653,DMP Monthly Blotter,https://dmp.gov.bd/crime-statistics/incident-2023-11-0137,police_report,Small shopkeeper,Sharp knife (Chhuri),4,Motorcycle (Pulsar/FZ),A small shopkeeper had their smartphone snatched by 4 perpetrators on a motorcycle (pulsar/fz) near the intersection approaching New Market Nilkhet around 22:04.,EXACT,VERIFIED,0.9
DHK-2023-0993,2023-11-16,21:03,2023,11,Thursday,21,Snatching,Mirpur - along the poorly lit section of Mirpur-10 to Mirpur-11 Strip,ROAD_32,Mirpur-10 to Mirpur-11 Strip,Mirpur,Mirpur,23.816412,90.366448,DMP Monthly Blotter,https://dmp.gov.bd/crime-statistics/incident-2023-11-0993,police_report,Rickshaw passenger,Sharp knife (Chhuri),1,CNG auto-rickshaw,Police blotter recorded a swift snatching incident along the poorly lit section of Mirpur-10 to Mirpur-11 Strip during Thursday night hours.,EXACT,PROBABLE,0.91
DHK-2023-0691,2023-11-17,20:32,2023,11,Friday,20,Robbery,Mogbazar - close to the Mogbazar market square,ROAD_46,Mogbazar to Mouchak Flyover,Mogbazar,Ramna,23.749691,90.405417,bdnews24,https://bdnews24.com/bangladesh/incident-2023-11-0691,news,Motorcyclist,Sharp knife (Chhuri),4,Motorcycle (Pulsar/FZ),Reported incident of robbery involving a motorcyclist at close to the Mogbazar market square. Suspects fled using a motorcycle (pulsar/fz).,EXACT,VERIFIED,0.82
DHK-2023-0783,2023-11-18,15:35,2023,11,Saturday,15,Snatching,Kalabagan - close to the Kalabagan market square,ROAD_02,Mirpur Road (Kalabagan to Russell Square),Kalabagan,Kalabagan,23.748155,90.379322,bdnews24,https://bdnews24.com/bangladesh/incident-2023-11-0783,news,Pedestrian,Paper cutter,1,CNG auto-rickshaw,Reported incident of snatching involving a pedestrian at close to the Kalabagan market square. Suspects fled using a cng auto-rickshaw.,INTERSECTION,PROBABLE,0.76
DHK-2023-0117,2023-11-19,22:23,2023,11,Sunday,22,Theft,Farmgate - under the Farmgate footover bridge,ROAD_07,Kazi Nazrul Islam Ave (Farmgate to Karwan Bazar),Farmgate,Tejgaon,23.755212,90.390898,DMP Monthly Blotter,https://dmp.gov.bd/crime-statistics/incident-2023-11-0117,police_report,Pedestrian,Firearm / Pistol,1,On foot (sprint),"Muggers armed with a firearm / pistol intercepted a pedestrian under the Farmgate footover bridge, fleeing with cash and bag.",INTERSECTION,VERIFIED,0.92
DHK-2023-0506,2023-11-20,09:34,2023,11,Monday,9,Snatching,Farmgate - close to the Farmgate market square,ROAD_07,Kazi Nazrul Islam Ave (Farmgate to Karwan Bazar),Farmgate,Tejgaon,23.751574,90.393704,Prothom Alo,https://en.prothomalo.com/bangladesh/crime-and-law/incident-2023-11-0506,news,Motorcyclist,Paper cutter,2,Motorcycle (Pulsar/FZ),Police blotter recorded a swift snatching incident close to the Farmgate market square during Monday night hours.,EXACT,PROBABLE,0.93
DHK-2023-1112,2023-11-20,22:18,2023,11,Monday,22,Robbery,Mogbazar - along the poorly lit section of Mogbazar to Mouchak Flyover,ROAD_46,Mogbazar to Mouchak Flyover,Mogbazar,Ramna,23.749821,90.405698,DMP Monthly Blotter,https://dmp.gov.bd/crime-statistics/incident-2023-11-1112,police_report,Motorcyclist,Firearm / Pistol,2,Motorcycle (Pulsar/FZ),A motorcyclist had their smartphone snatched by 2 perpetrators on a motorcycle (pulsar/fz) along the poorly lit section of Mogbazar to Mouchak Flyover around 22:18.,ROAD,VERIFIED,0.88
DHK-2023-1267,2023-11-21,19:36,2023,11,Tuesday,19,Snatching,Motijheel - in front of the commercial complex at Motijheel,ROAD_49,Motijheel to Sayedabad Bus Terminal,Motijheel,Motijheel,23.719561,90.425937,Prothom Alo,https://en.prothomalo.com/bangladesh/crime-and-law/incident-2023-11-1267,news,Rickshaw passenger,Paper cutter,4,Motorcycle (Pulsar/FZ),"Muggers armed with a paper cutter intercepted a rickshaw passenger in front of the commercial complex at Motijheel, fleeing with cash and bag.",INTERSECTION,VERIFIED,0.78
DHK-2023-0363,2023-11-21,21:31,2023,11,Tuesday,21,Mugging,Airport - along the poorly lit section of Dhaka-Mymensingh Hwy (Airport to Jasimuddin),ROAD_40,Dhaka-Mymensingh Hwy (Airport to Jasimuddin),Airport,Airport,23.86059,90.401781,bdnews24,https://bdnews24.com/bangladesh/incident-2023-11-0363,news,Office worker,Sharp knife (Chhuri),2,CNG auto-rickshaw,Police blotter recorded a swift snatching incident along the poorly lit section of Dhaka-Mymensingh Hwy (Airport to Jasimuddin) during Tuesday night hours.,ROAD,VERIFIED,0.97
DHK-2023-0175,2023-11-24,10:52,2023,11,Friday,10,Pickpocketing,Mirpur - near the intersection approaching Gabtoli Bus Terminal,ROAD_34,Mirpur-1 to Gabtoli Highway,Mirpur,Mirpur,23.791445,90.351596,Daily Sun,https://www.daily-sun.com/post/crime/incident-2023-11-0175,news,Rickshaw passenger,Sharp knife (Chhuri),2,Motorcycle (Pulsar/FZ),Police blotter recorded a swift snatching incident near the intersection approaching Gabtoli Bus Terminal during Friday night hours.,AREA,VERIFIED,0.86
DHK-2023-0715,2023-11-25,19:58,2023,11,Saturday,19,Snatching,Malibagh - close to the Malibagh market square,ROAD_47,Mouchak to Khilgaon Flyover,Malibagh,Shahjahanpur,23.749085,90.416734,The Business Standard,https://tbsnews.net/bangladesh/crime/incident-2023-11-0715,news,University student,Firearm / Pistol,1,CNG auto-rickshaw,A university student had their smartphone snatched by 1 perpetrators on a cng auto-rickshaw close to the Malibagh market square around 19:58.,INTERSECTION,PROBABLE,0.94
DHK-2023-0398,2023-11-26,00:18,2023,11,Sunday,0,Theft,Dhanmondi - near the intersection approaching New Market Nilkhet,ROAD_10,Science Lab to Nilkhet / New Market,Dhanmondi,New Market,23.734846,90.383579,Daily Sun,https://www.daily-sun.com/post/crime/incident-2023-11-0398,news,Female commuter,Iron rod,2,CNG auto-rickshaw,A female commuter had their smartphone snatched by 2 perpetrators on a cng auto-rickshaw near the intersection approaching New Market Nilkhet around 00:18.,ROAD,VERIFIED,0.83
DHK-2023-1107,2023-11-28,11:27,2023,11,Tuesday,11,Robbery,Kuril - in front of the commercial complex at Kuril,ROAD_39,Airport Road (Kuril Flyover to Airport),Kuril,Khilkhet,23.845042,90.40927,DMP Monthly Blotter,https://dmp.gov.bd/crime-statistics/incident-2023-11-1107,police_report,Pedestrian,Firearm / Pistol,4,Motorcycle (Pulsar/FZ),A pedestrian had their smartphone snatched by 4 perpetrators on a motorcycle (pulsar/fz) in front of the commercial complex at Kuril around 11:27.,ROAD,VERIFIED,0.8
DHK-2023-0447,2023-11-28,16:06,2023,11,Tuesday,16,Mugging,Dhanmondi - in front of the commercial complex at Dhanmondi,ROAD_05,Dhanmondi 27 Inner Connector,Dhanmondi,Dhanmondi,23.75472,90.368159,DMP Monthly Blotter,https://dmp.gov.bd/crime-statistics/incident-2023-11-0447,police_report,Motorcyclist,Paper cutter,4,On foot (sprint),A motorcyclist had their smartphone snatched by 4 perpetrators on a on foot (sprint) in front of the commercial complex at Dhanmondi around 16:06.,EXACT,UNCONFIRMED,0.53
DHK-2023-0760,2023-11-28,17:39,2023,11,Tuesday,17,Robbery,Nilkhet - under the Nilkhet footover bridge,ROAD_52,New Market to Sadarghat Riverfront Connector,Nilkhet,New Market,23.727934,90.389554,bdnews24,https://bdnews24.com/bangladesh/incident-2023-11-0760,news,Rickshaw passenger,Sharp knife (Chhuri),2,Private car,"Muggers armed with a sharp knife (chhuri) intercepted a rickshaw passenger under the Nilkhet footover bridge, fleeing with cash and bag.",EXACT,VERIFIED,0.89
DHK-2023-0469,2023-12-01,17:03,2023,12,Friday,17,Snatching,Motijheel - close to the Motijheel market square,ROAD_49,Motijheel to Sayedabad Bus Terminal,Motijheel,Motijheel,23.724659,90.421574,The Daily Star,https://www.thedailystar.net/crime/incident-2023-12-0469,news,University student,Unarmed / Speed snatch,4,Motorcycle (Pulsar/FZ),Reported incident of snatching involving a university student at close to the Motijheel market square. Suspects fled using a motorcycle (pulsar/fz).,EXACT,PROBABLE,0.83
DHK-2023-0281,2023-12-03,15:28,2023,12,Sunday,15,Theft,Farmgate - along the poorly lit section of Kazi Nazrul Islam Ave (Farmgate to Karwan Bazar),ROAD_07,Kazi Nazrul Islam Ave (Farmgate to Karwan Bazar),Farmgate,Tejgaon,23.754931,90.390964,bdnews24,https://bdnews24.com/bangladesh/incident-2023-12-0281,news,Motorcyclist,Sharp knife (Chhuri),4,On foot (sprint),"Muggers armed with a sharp knife (chhuri) intercepted a motorcyclist along the poorly lit section of Kazi Nazrul Islam Ave (Farmgate to Karwan Bazar), fleeing with cash and bag.",INTERSECTION,VERIFIED,0.77
DHK-2023-1063,2023-12-03,22:43,2023,12,Sunday,22,Snatching,Kalabagan - in front of the commercial complex at Kalabagan,ROAD_02,Mirpur Road (Kalabagan to Russell Square),Kalabagan,Kalabagan,23.747788,90.379475,Dhaka Tribune,https://www.dhakatribune.com/bangladesh/crime/incident-2023-12-1063,news,University student,Sharp knife (Chhuri),1,Motorcycle (Pulsar/FZ),A university student had their smartphone snatched by 1 perpetrators on a motorcycle (pulsar/fz) in front of the commercial complex at Kalabagan around 22:43.,EXACT,VERIFIED,0.81
DHK-2023-0304,2023-12-03,23:28,2023,12,Sunday,23,Snatching,Shyamoli - close to the Shyamoli market square,ROAD_30,Mirpur Road (Shyamoli to Mirpur-1),Shyamoli,Adabor,23.782236,90.358827,Daily Sun,https://www.daily-sun.com/post/crime/incident-2023-12-0304,news,Rickshaw passenger,Iron rod,2,On foot (sprint),Police blotter recorded a swift snatching incident close to the Shyamoli market square during Sunday night hours.,INTERSECTION,VERIFIED,0.81
DHK-2023-0329,2023-12-04,00:38,2023,12,Monday,0,Snatching,Farmgate - in front of the commercial complex at Farmgate,ROAD_11,Airport Road (Farmgate to Bijoy Sarani),Farmgate,Tejgaon,23.764802,90.387448,Dhaka Tribune,https://www.dhakatribune.com/bangladesh/crime/incident-2023-12-0329,news,Rickshaw passenger,Sharp knife (Chhuri),2,CNG auto-rickshaw,Reported incident of snatching involving a rickshaw passenger at in front of the commercial complex at Farmgate. Suspects fled using a cng auto-rickshaw.,INTERSECTION,VERIFIED,0.9
DHK-2023-0384,2023-12-05,00:04,2023,12,Tuesday,0,Snatching,Malibagh - under the Malibagh footover bridge,ROAD_48,Mouchak to Kakrail Road,Malibagh,Shahjahanpur,23.740881,90.408017,Prothom Alo,https://en.prothomalo.com/bangladesh/crime-and-law/incident-2023-12-0384,news,Pedestrian,Sharp knife (Chhuri),3,Motorcycle (Pulsar/FZ),Police blotter recorded a swift snatching incident under the Malibagh footover bridge during Tuesday night hours.,EXACT,VERIFIED,0.84
DHK-2023-0005,2023-12-05,00:16,2023,12,Tuesday,0,Robbery,Mirpur - in front of the commercial complex at Mirpur,ROAD_32,Mirpur-10 to Mirpur-11 Strip,Mirpur,Mirpur,23.812868,90.367459,DMP Monthly Blotter,https://dmp.gov.bd/crime-statistics/incident-2023-12-0005,police_report,Small shopkeeper,Sharp knife (Chhuri),4,Motorcycle (Pulsar/FZ),"Muggers armed with a sharp knife (chhuri) intercepted a small shopkeeper in front of the commercial complex at Mirpur, fleeing with cash and bag.",AREA,UNCONFIRMED,0.64
DHK-2023-0891,2023-12-07,22:05,2023,12,Thursday,22,Robbery,Mirpur - under the Mirpur footover bridge,ROAD_32,Mirpur-10 to Mirpur-11 Strip,Mirpur,Mirpur,23.810151,90.367633,Prothom Alo,https://en.prothomalo.com/bangladesh/crime-and-law/incident-2023-12-0891,news,Pedestrian,Sharp knife (Chhuri),3,Motorcycle (Pulsar/FZ),Police blotter recorded a swift snatching incident under the Mirpur footover bridge during Thursday night hours.,ROAD,VERIFIED,0.86
DHK-2023-1249,2023-12-08,01:39,2023,12,Friday,1,Snatching,Badda - near the intersection approaching Rampura Bridge,ROAD_22,Pragiti Sarani (Badda Link to Rampura Bridge),Badda,Badda,23.772614,90.427743,The Daily Star,https://www.thedailystar.net/crime/incident-2023-12-1249,news,Small shopkeeper,Firearm / Pistol,2,On foot (sprint),Police blotter recorded a swift snatching incident near the intersection approaching Rampura Bridge during Friday night hours.,INTERSECTION,VERIFIED,0.98
DHK-2023-1172,2023-12-08,18:34,2023,12,Friday,18,Snatching,Banani - under the Banani footover bridge,ROAD_19,Banani 11 to Gulshan-2 Bridge Link,Banani,Banani,23.792972,90.411465,DMP Monthly Blotter,https://dmp.gov.bd/crime-statistics/incident-2023-12-1172,police_report,Motorcyclist,Sharp knife (Chhuri),2,Motorcycle (Pulsar/FZ),A motorcyclist had their smartphone snatched by 2 perpetrators on a motorcycle (pulsar/fz) under the Banani footover bridge around 18:34.,AREA,VERIFIED,0.97
DHK-2023-0596,2023-12-09,09:13,2023,12,Saturday,9,Snatching,Badda - near Badda bus stop,ROAD_22,Pragiti Sarani (Badda Link to Rampura Bridge),Badda,Badda,23.769423,90.426499,Prothom Alo,https://en.prothomalo.com/bangladesh/crime-and-law/incident-2023-12-0596,news,Small shopkeeper,Sharp knife (Chhuri),1,Motorcycle (Pulsar/FZ),"Muggers armed with a sharp knife (chhuri) intercepted a small shopkeeper near Badda bus stop, fleeing with cash and bag.",EXACT,UNCONFIRMED,0.59
DHK-2023-0337,2023-12-09,22:13,2023,12,Saturday,22,Mugging,Mirpur - in front of the commercial complex at Mirpur,ROAD_33,Mirpur-11 to Mirpur-12 Avenue,Mirpur,Pallabi,23.824243,90.363529,The Business Standard,https://tbsnews.net/bangladesh/crime/incident-2023-12-0337,news,University student,Sharp knife (Chhuri),2,Leguna van,"Muggers armed with a sharp knife (chhuri) intercepted a university student in front of the commercial complex at Mirpur, fleeing with cash and bag.",EXACT,VERIFIED,0.94
DHK-2023-0864,2023-12-10,15:46,2023,12,Sunday,15,Snatching,Farmgate - in front of the commercial complex at Farmgate,ROAD_07,Kazi Nazrul Islam Ave (Farmgate to Karwan Bazar),Farmgate,Tejgaon,23.756047,90.389733,Prothom Alo,https://en.prothomalo.com/bangladesh/crime-and-law/incident-2023-12-0864,news,Female commuter,Pepper spray,3,CNG auto-rickshaw,"Muggers armed with a pepper spray intercepted a female commuter in front of the commercial complex at Farmgate, fleeing with cash and bag.",EXACT,VERIFIED,0.89
DHK-2023-0049,2023-12-10,20:38,2023,12,Sunday,20,Robbery,Motijheel - near Motijheel bus stop,ROAD_49,Motijheel to Sayedabad Bus Terminal,Motijheel,Motijheel,23.720058,90.425448,Daily Sun,https://www.daily-sun.com/post/crime/incident-2023-12-0049,news,Rickshaw passenger,Sharp knife (Chhuri),2,Motorcycle (Pulsar/FZ),A rickshaw passenger had their smartphone snatched by 2 perpetrators on a motorcycle (pulsar/fz) near Motijheel bus stop around 20:38.,INTERSECTION,VERIFIED,0.96
DHK-2023-0269,2023-12-11,17:20,2023,12,Monday,17,Snatching,Mirpur - near Mirpur bus stop,ROAD_32,Mirpur-10 to Mirpur-11 Strip,Mirpur,Mirpur,23.817645,90.366096,Daily Sun,https://www.daily-sun.com/post/crime/incident-2023-12-0269,news,Motorcyclist,Firearm / Pistol,4,On foot (sprint),"Muggers armed with a firearm / pistol intercepted a motorcyclist near Mirpur bus stop, fleeing with cash and bag.",ROAD,VERIFIED,0.97
DHK-2023-0125,2023-12-11,23:04,2023,12,Monday,23,Snatching,Motijheel - in front of the commercial complex at Motijheel,ROAD_49,Motijheel to Sayedabad Bus Terminal,Motijheel,Motijheel,23.720887,90.424621,Daily Sun,https://www.daily-sun.com/post/crime/incident-2023-12-0125,news,Female commuter,Sharp knife (Chhuri),2,On foot (sprint),"Muggers armed with a sharp knife (chhuri) intercepted a female commuter in front of the commercial complex at Motijheel, fleeing with cash and bag.",INTERSECTION,VERIFIED,0.8
DHK-2023-0683,2023-12-12,21:04,2023,12,Tuesday,21,Snatching,Baridhara - under the Baridhara footover bridge,ROAD_21,Pragiti Sarani (Notun Bazar to Badda Link),Baridhara,Bhatara,23.790863,90.425966,Daily Sun,https://www.daily-sun.com/post/crime/incident-2023-12-0683,news,University student,Sharp knife (Chhuri),1,Motorcycle (Pulsar/FZ),Police blotter recorded a swift snatching incident under the Baridhara footover bridge during Tuesday night hours.,EXACT,VERIFIED,0.92
DHK-2023-0941,2023-12-12,23:43,2023,12,Tuesday,23,Mugging,Motijheel - under the Motijheel footover bridge,ROAD_49,Motijheel to Sayedabad Bus Terminal,Motijheel,Motijheel,23.716031,90.429474,Dhaka Tribune,https://www.dhakatribune.com/bangladesh/crime/incident-2023-12-0941,news,Pedestrian,Sharp knife (Chhuri),2,On foot (sprint),Reported incident of mugging involving a pedestrian at under the Motijheel footover bridge. Suspects fled using a on foot (sprint).,INTERSECTION,VERIFIED,0.97
DHK-2023-0592,2023-12-13,20:36,2023,12,Wednesday,20,Robbery,Baridhara - along the poorly lit section of Pragiti Sarani (Notun Bazar to Badda Link),ROAD_21,Pragiti Sarani (Notun Bazar to Badda Link),Baridhara,Bhatara,23.797736,90.425176,DMP Monthly Blotter,https://dmp.gov.bd/crime-statistics/incident-2023-12-0592,police_report,Pedestrian,Sharp knife (Chhuri),2,Motorcycle (Pulsar/FZ),A pedestrian had their smartphone snatched by 2 perpetrators on a motorcycle (pulsar/fz) along the poorly lit section of Pragiti Sarani (Notun Bazar to Badda Link) around 20:36.,EXACT,PROBABLE,0.78
DHK-2023-0242,2023-12-14,19:08,2023,12,Thursday,19,Mugging,Mirpur - along the poorly lit section of Begum Rokeya Sarani (Kazipara to Mirpur-10),ROAD_29,Begum Rokeya Sarani (Kazipara to Mirpur-10),Mirpur,Kafrul,23.796626,90.370481,Dhaka Tribune,https://www.dhakatribune.com/bangladesh/crime/incident-2023-12-0242,news,University student,Sharp knife (Chhuri),2,Motorcycle (Pulsar/FZ),Reported incident of mugging involving a university student at along the poorly lit section of Begum Rokeya Sarani (Kazipara to Mirpur-10). Suspects fled using a motorcycle (pulsar/fz).,INTERSECTION,VERIFIED,0.86
DHK-2023-1215,2023-12-16,11:02,2023,12,Saturday,11,Snatching,Dhanmondi - along the poorly lit section of Science Lab to Nilkhet / New Market,ROAD_10,Science Lab to Nilkhet / New Market,Dhanmondi,New Market,23.733378,90.383768,DMP Monthly Blotter,https://dmp.gov.bd/crime-statistics/incident-2023-12-1215,police_report,Rickshaw passenger,Sharp knife (Chhuri),4,Motorcycle (Pulsar/FZ),Reported incident of snatching involving a rickshaw passenger at along the poorly lit section of Science Lab to Nilkhet / New Market. Suspects fled using a motorcycle (pulsar/fz).,AREA,VERIFIED,0.9
DHK-2023-0889,2023-12-16,13:11,2023,12,Saturday,13,Snatching,Karwan Bazar - along the poorly lit section of Kazi Nazrul Islam Ave (Karwan Bazar to Shahbagh),ROAD_08,Kazi Nazrul Islam Ave (Karwan Bazar to Shahbagh),Karwan Bazar,Tejgaon,23.746927,90.394331,Dhaka Tribune,https://www.dhakatribune.com/bangladesh/crime/incident-2023-12-0889,news,Motorcyclist,Sharp knife (Chhuri),1,CNG auto-rickshaw,"Muggers armed with a sharp knife (chhuri) intercepted a motorcyclist along the poorly lit section of Kazi Nazrul Islam Ave (Karwan Bazar to Shahbagh), fleeing with cash and bag.",ROAD,VERIFIED,0.79
DHK-2023-0544,2023-12-16,21:58,2023,12,Saturday,21,Pickpocketing,Paltan - under the Paltan footover bridge,ROAD_51,Paltan to Sadarghat (Old Dhaka Arterial),Paltan,Paltan,23.723181,90.411021,Dhaka Tribune,https://www.dhakatribune.com/bangladesh/crime/incident-2023-12-0544,news,Small shopkeeper,Sharp knife (Chhuri),2,Private car,A small shopkeeper had their smartphone snatched by 2 perpetrators on a private car under the Paltan footover bridge around 21:58.,INTERSECTION,VERIFIED,0.85
DHK-2023-1069,2023-12-17,00:50,2023,12,Sunday,0,Theft,Mohammadpur - near Mohammadpur bus stop,ROAD_35,Mohammadpur Beribadh Outer Road,Mohammadpur,Mohammadpur,23.760986,90.34792,Prothom Alo,https://en.prothomalo.com/bangladesh/crime-and-law/incident-2023-12-1069,news,Office worker,Sharp knife (Chhuri),1,Motorcycle (Pulsar/FZ),"Muggers armed with a sharp knife (chhuri) intercepted a office worker near Mohammadpur bus stop, fleeing with cash and bag.",EXACT,VERIFIED,0.87
DHK-2023-0750,2023-12-18,20:41,2023,12,Monday,20,Robbery,Sayedabad - along the poorly lit section of Sayedabad to Jatrabari Flyover Entrance,ROAD_50,Sayedabad to Jatrabari Flyover Entrance,Sayedabad,Jatrabari,23.713207,90.432607,The Business Standard,https://tbsnews.net/bangladesh/crime/incident-2023-12-0750,news,Motorcyclist,Unarmed / Speed snatch,4,CNG auto-rickshaw,Reported incident of robbery involving a motorcyclist at along the poorly lit section of Sayedabad to Jatrabari Flyover Entrance. Suspects fled using a cng auto-rickshaw.,INTERSECTION,VERIFIED,0.89
DHK-2023-0286,2023-12-20,23:48,2023,12,Wednesday,23,Snatching,Mirpur - close to the Mirpur market square,ROAD_34,Mirpur-1 to Gabtoli Highway,Mirpur,Mirpur,23.790111,90.350447,DMP Monthly Blotter,https://dmp.gov.bd/crime-statistics/incident-2023-12-0286,police_report,Pedestrian,Sharp knife (Chhuri),1,Motorcycle (Pulsar/FZ),"Muggers armed with a sharp knife (chhuri) intercepted a pedestrian close to the Mirpur market square, fleeing with cash and bag.",INTERSECTION,VERIFIED,0.76
DHK-2023-0316,2023-12-22,10:11,2023,12,Friday,10,Theft,Sayedabad - in front of the commercial complex at Sayedabad,ROAD_50,Sayedabad to Jatrabari Flyover Entrance,Sayedabad,Jatrabari,23.713945,90.431326,Prothom Alo,https://en.prothomalo.com/bangladesh/crime-and-law/incident-2023-12-0316,news,Motorcyclist,Sharp knife (Chhuri),1,Leguna van,Reported incident of theft involving a motorcyclist at in front of the commercial complex at Sayedabad. Suspects fled using a leguna van.,ROAD,PROBABLE,0.97
DHK-2023-0403,2023-12-22,21:47,2023,12,Friday,21,Robbery,Mirpur - under the Mirpur footover bridge,ROAD_32,Mirpur-10 to Mirpur-11 Strip,Mirpur,Mirpur,23.812579,90.367172,DMP Monthly Blotter,https://dmp.gov.bd/crime-statistics/incident-2023-12-0403,police_report,Female commuter,Sharp knife (Chhuri),2,Motorcycle (Pulsar/FZ),Reported incident of robbery involving a female commuter at under the Mirpur footover bridge. Suspects fled using a motorcycle (pulsar/fz).,INTERSECTION,PROBABLE,0.75
DHK-2023-0321,2023-12-23,00:45,2023,12,Saturday,0,Robbery,Mogbazar - in front of the commercial complex at Mogbazar,ROAD_46,Mogbazar to Mouchak Flyover,Mogbazar,Ramna,23.74721,90.411554,Daily Sun,https://www.daily-sun.com/post/crime/incident-2023-12-0321,news,Female commuter,Iron rod,2,CNG auto-rickshaw,"Muggers armed with a iron rod intercepted a female commuter in front of the commercial complex at Mogbazar, fleeing with cash and bag.",INTERSECTION,VERIFIED,0.84
DHK-2023-0828,2023-12-23,10:14,2023,12,Saturday,10,Mugging,Dhanmondi - under the Dhanmondi footover bridge,ROAD_10,Science Lab to Nilkhet / New Market,Dhanmondi,New Market,23.733876,90.383847,DMP Monthly Blotter,https://dmp.gov.bd/crime-statistics/incident-2023-12-0828,police_report,Rickshaw passenger,Iron rod,2,Leguna van,A rickshaw passenger had their smartphone snatched by 2 perpetrators on a leguna van under the Dhanmondi footover bridge around 10:14.,INTERSECTION,PROBABLE,0.79
DHK-2023-0431,2023-12-23,10:24,2023,12,Saturday,10,Snatching,Mirpur - close to the Mirpur market square,ROAD_31,Mirpur-1 to Mirpur-10 Connector,Mirpur,Mirpur,23.802763,90.36357,Daily Sun,https://www.daily-sun.com/post/crime/incident-2023-12-0431,news,Pedestrian,Sharp knife (Chhuri),3,On foot (sprint),Police blotter recorded a swift snatching incident close to the Mirpur market square during Saturday night hours.,INTERSECTION,VERIFIED,0.97
DHK-2023-0450,2023-12-25,10:40,2023,12,Monday,10,Snatching,Mirpur - under the Mirpur footover bridge,ROAD_31,Mirpur-1 to Mirpur-10 Connector,Mirpur,Mirpur,23.800639,90.361379,Daily Sun,https://www.daily-sun.com/post/crime/incident-2023-12-0450,news,Motorcyclist,Unarmed / Speed snatch,2,On foot (sprint),A motorcyclist had their smartphone snatched by 2 perpetrators on a on foot (sprint) under the Mirpur footover bridge around 10:40.,ROAD,VERIFIED,0.93
DHK-2023-0195,2023-12-25,19:26,2023,12,Monday,19,Theft,Banani - under the Banani footover bridge,ROAD_17,Kemal Ataturk Ave (Banani Kakoli to Gulshan-2),Banani,Banani,23.792447,90.414686,Daily Sun,https://www.daily-sun.com/post/crime/incident-2023-12-0195,news,University student,Sharp knife (Chhuri),2,On foot (sprint),Reported incident of theft involving a university student at under the Banani footover bridge. Suspects fled using a on foot (sprint).,INTERSECTION,VERIFIED,0.95
DHK-2023-0071,2023-12-25,19:30,2023,12,Monday,19,Snatching,Agargaon - along the poorly lit section of Begum Rokeya Sarani (Agargaon to Shewrapara),ROAD_27,Begum Rokeya Sarani (Agargaon to Shewrapara),Agargaon,Sher-e-Bangla Nagar,23.781242,90.374329,DMP Monthly Blotter,https://dmp.gov.bd/crime-statistics/incident-2023-12-0071,police_report,University student,Sharp knife (Chhuri),4,Motorcycle (Pulsar/FZ),A university student had their smartphone snatched by 4 perpetrators on a motorcycle (pulsar/fz) along the poorly lit section of Begum Rokeya Sarani (Agargaon to Shewrapara) around 19:30.,INTERSECTION,VERIFIED,0.86
DHK-2023-0854,2023-12-25,21:26,2023,12,Monday,21,Theft,Dhanmondi - under the Dhanmondi footover bridge,ROAD_10,Science Lab to Nilkhet / New Market,Dhanmondi,New Market,23.738121,90.383765,bdnews24,https://bdnews24.com/bangladesh/incident-2023-12-0854,news,University student,Sharp knife (Chhuri),4,Private car,A university student had their smartphone snatched by 4 perpetrators on a private car under the Dhanmondi footover bridge around 21:26.,EXACT,VERIFIED,0.84
DHK-2023-0215,2023-12-25,22:40,2023,12,Monday,22,Robbery,Badda - along the poorly lit section of Pragiti Sarani (Badda Link to Rampura Bridge),ROAD_22,Pragiti Sarani (Badda Link to Rampura Bridge),Badda,Badda,23.767717,90.426192,Prothom Alo,https://en.prothomalo.com/bangladesh/crime-and-law/incident-2023-12-0215,news,Office worker,Firearm / Pistol,4,Motorcycle (Pulsar/FZ),Reported incident of robbery involving a office worker at along the poorly lit section of Pragiti Sarani (Badda Link to Rampura Bridge). Suspects fled using a motorcycle (pulsar/fz).,INTERSECTION,VERIFIED,0.91
DHK-2023-0626,2023-12-27,14:10,2023,12,Wednesday,14,Theft,Mirpur - near the intersection approaching Mirpur 10 Roundabout,ROAD_29,Begum Rokeya Sarani (Kazipara to Mirpur-10),Mirpur,Kafrul,23.803988,90.368913,Dhaka Tribune,https://www.dhakatribune.com/bangladesh/crime/incident-2023-12-0626,news,Office worker,Sharp knife (Chhuri),2,Motorcycle (Pulsar/FZ),Reported incident of theft involving a office worker at near the intersection approaching Mirpur 10 Roundabout. Suspects fled using a motorcycle (pulsar/fz).,EXACT,VERIFIED,0.85
DHK-2023-0973,2023-12-27,21:12,2023,12,Wednesday,21,Mugging,Tejgaon - under the Tejgaon footover bridge,ROAD_26,Tejgaon Industrial to Farmgate Link,Tejgaon,Tejgaon Industrial,23.760494,90.394517,Prothom Alo,https://en.prothomalo.com/bangladesh/crime-and-law/incident-2023-12-0973,news,Pedestrian,Sharp knife (Chhuri),2,Motorcycle (Pulsar/FZ),"Muggers armed with a sharp knife (chhuri) intercepted a pedestrian under the Tejgaon footover bridge, fleeing with cash and bag.",INTERSECTION,PROBABLE,0.94
DHK-2023-1015,2023-12-27,22:05,2023,12,Wednesday,22,Snatching,Tejgaon - along the poorly lit section of Airport Road (Jahangir Gate to Mohakhali),ROAD_13,Airport Road (Jahangir Gate to Mohakhali),Tejgaon,Cantonment,23.772229,90.393812,Daily Sun,https://www.daily-sun.com/post/crime/incident-2023-12-1015,news,Office worker,Sharp knife (Chhuri),2,Private car,"Muggers armed with a sharp knife (chhuri) intercepted a office worker along the poorly lit section of Airport Road (Jahangir Gate to Mohakhali), fleeing with cash and bag.",INTERSECTION,VERIFIED,0.9
DHK-2023-0740,2023-12-31,16:15,2023,12,Sunday,16,Mugging,Dhanmondi - along the poorly lit section of Mirpur Road (Russell Square to Asad Gate),ROAD_03,Mirpur Road (Russell Square to Asad Gate),Dhanmondi,Dhanmondi,23.759136,90.371191,Daily Sun,https://www.daily-sun.com/post/crime/incident-2023-12-0740,news,Rickshaw passenger,Unarmed / Speed snatch,2,Motorcycle (Pulsar/FZ),Police blotter recorded a swift snatching incident along the poorly lit section of Mirpur Road (Russell Square to Asad Gate) during Sunday night hours.,INTERSECTION,PROBABLE,0.82
DHK-2024-1155,2024-01-01,17:09,2024,1,Monday,17,Snatching,Badda - near the intersection approaching Rampura Bridge,ROAD_22,Pragiti Sarani (Badda Link to Rampura Bridge),Badda,Badda,23.77763,90.428604,The Business Standard,https://tbsnews.net/bangladesh/crime/incident-2024-01-1155,news,Rickshaw passenger,Sharp knife (Chhuri),2,Motorcycle (Pulsar/FZ),Reported incident of snatching involving a rickshaw passenger at near the intersection approaching Rampura Bridge. Suspects fled using a motorcycle (pulsar/fz).,EXACT,VERIFIED,0.88
DHK-2024-0911,2024-01-02,12:54,2024,1,Tuesday,12,Theft,Mohammadpur - near Mohammadpur bus stop,ROAD_35,Mohammadpur Beribadh Outer Road,Mohammadpur,Mohammadpur,23.769073,90.347803,The Business Standard,https://tbsnews.net/bangladesh/crime/incident-2024-01-0911,news,Small shopkeeper,Unarmed / Speed snatch,2,Motorcycle (Pulsar/FZ),Police blotter recorded a swift snatching incident near Mohammadpur bus stop during Tuesday night hours.,EXACT,VERIFIED,0.83
DHK-2024-0229,2024-01-03,01:06,2024,1,Wednesday,1,Snatching,Banani - close to the Banani market square,ROAD_17,Kemal Ataturk Ave (Banani Kakoli to Gulshan-2),Banani,Banani,23.792613,90.414694,DMP Monthly Blotter,https://dmp.gov.bd/crime-statistics/incident-2024-01-0229,police_report,Motorcyclist,Unarmed / Speed snatch,2,Motorcycle (Pulsar/FZ),Reported incident of snatching involving a motorcyclist at close to the Banani market square. Suspects fled using a motorcycle (pulsar/fz).,INTERSECTION,VERIFIED,0.93
DHK-2024-0087,2024-01-04,01:10,2024,1,Thursday,1,Snatching,Dhanmondi - near the intersection approaching New Market Nilkhet,ROAD_10,Science Lab to Nilkhet / New Market,Dhanmondi,New Market,23.738428,90.383517,The Business Standard,https://tbsnews.net/bangladesh/crime/incident-2024-01-0087,news,Rickshaw passenger,Firearm / Pistol,2,Motorcycle (Pulsar/FZ),"Muggers armed with a firearm / pistol intercepted a rickshaw passenger near the intersection approaching New Market Nilkhet, fleeing with cash and bag.",INTERSECTION,VERIFIED,0.8
DHK-2024-0601,2024-01-04,07:20,2024,1,Thursday,7,Snatching,Motijheel - near the intersection approaching Sayedabad Bus Terminal,ROAD_49,Motijheel to Sayedabad Bus Terminal,Motijheel,Motijheel,23.720759,90.425223,The Daily Star,https://www.thedailystar.net/crime/incident-2024-01-0601,news,University student,Iron rod,1,Motorcycle (Pulsar/FZ),A university student had their smartphone snatched by 1 perpetrators on a motorcycle (pulsar/fz) near the intersection approaching Sayedabad Bus Terminal around 07:20.,INTERSECTION,VERIFIED,0.91
DHK-2024-1038,2024-01-04,09:19,2024,1,Thursday,9,Snatching,Tejgaon - near Tejgaon bus stop,ROAD_26,Tejgaon Industrial to Farmgate Link,Tejgaon,Tejgaon Industrial,23.764231,90.401911,DMP Monthly Blotter,https://dmp.gov.bd/crime-statistics/incident-2024-01-1038,police_report,Small shopkeeper,Paper cutter,1,Motorcycle (Pulsar/FZ),Reported incident of snatching involving a small shopkeeper at near Tejgaon bus stop. Suspects fled using a motorcycle (pulsar/fz).,ROAD,VERIFIED,0.98
DHK-2024-0436,2024-01-04,15:33,2024,1,Thursday,15,Snatching,Mohammadpur - in front of the commercial complex at Mohammadpur,ROAD_36,Town Hall to Beribadh Link,Mohammadpur,Mohammadpur,23.755277,90.348648,The Daily Star,https://www.thedailystar.net/crime/incident-2024-01-0436,news,Office worker,Sharp knife (Chhuri),4,Motorcycle (Pulsar/FZ),Reported incident of snatching involving a office worker at in front of the commercial complex at Mohammadpur. Suspects fled using a motorcycle (pulsar/fz).,EXACT,VERIFIED,0.97
DHK-2024-0208,2024-01-04,17:49,2024,1,Thursday,17,Robbery,Mohammadpur - along the poorly lit section of Mohammadpur Beribadh Outer Road,ROAD_35,Mohammadpur Beribadh Outer Road,Mohammadpur,Mohammadpur,23.759012,90.348002,bdnews24,https://bdnews24.com/bangladesh/incident-2024-01-0208,news,Female commuter,Unarmed / Speed snatch,2,On foot (sprint),Police blotter recorded a swift snatching incident along the poorly lit section of Mohammadpur Beribadh Outer Road during Thursday night hours.,EXACT,PROBABLE,0.84
DHK-2024-1121,2024-01-05,15:18,2024,1,Friday,15,Snatching,Mirpur - near the intersection approaching Mirpur 11 Bus Stand,ROAD_32,Mirpur-10 to Mirpur-11 Strip,Mirpur,Mirpur,23.807391,90.368484,Dhaka Tribune,https://www.dhakatribune.com/bangladesh/crime/incident-2024-01-1121,news,Female commuter,Firearm / Pistol,2,CNG auto-rickshaw,Police blotter recorded a swift snatching incident near the intersection approaching Mirpur 11 Bus Stand during Friday night hours.,INTERSECTION,PROBABLE,0.86
DHK-2024-1102,2024-01-05,18:36,2024,1,Friday,18,Theft,Shahbagh - close to the Shahbagh market square,ROAD_42,Shahbagh to Kakrail VIP Road,Shahbagh,Shahbagh,23.738946,90.403801,Prothom Alo,https://en.prothomalo.com/bangladesh/crime-and-law/incident-2024-01-1102,news,Rickshaw passenger,Sharp knife (Chhuri),4,Motorcycle (Pulsar/FZ),Reported incident of theft involving a rickshaw passenger at close to the Shahbagh market square. Suspects fled using a motorcycle (pulsar/fz).,EXACT,VERIFIED,0.88
DHK-2024-0156,2024-01-05,19:34,2024,1,Friday,19,Snatching,Mirpur - near the intersection approaching Kazipara Metro Station,ROAD_28,Begum Rokeya Sarani (Shewrapara to Kazipara),Mirpur,Kafrul,23.786759,90.372809,Prothom Alo,https://en.prothomalo.com/bangladesh/crime-and-law/incident-2024-01-0156,news,Female commuter,Iron rod,2,Motorcycle (Pulsar/FZ),Police blotter recorded a swift snatching incident near the intersection approaching Kazipara Metro Station during Friday night hours.,AREA,VERIFIED,0.79
DHK-2024-1244,2024-01-07,12:43,2024,1,Sunday,12,Snatching,Malibagh - under the Malibagh footover bridge,ROAD_47,Mouchak to Khilgaon Flyover,Malibagh,Shahjahanpur,23.748128,90.414601,Daily Sun,https://www.daily-sun.com/post/crime/incident-2024-01-1244,news,University student,Sharp knife (Chhuri),4,Motorcycle (Pulsar/FZ),Reported incident of snatching involving a university student at under the Malibagh footover bridge. Suspects fled using a motorcycle (pulsar/fz).,ROAD,VERIFIED,0.81
DHK-2024-0982,2024-01-07,18:43,2024,1,Sunday,18,Pickpocketing,Dhanmondi - close to the Dhanmondi market square,ROAD_10,Science Lab to Nilkhet / New Market,Dhanmondi,New Market,23.736972,90.383825,DMP Monthly Blotter,https://dmp.gov.bd/crime-statistics/incident-2024-01-0982,police_report,Small shopkeeper,Firearm / Pistol,2,Motorcycle (Pulsar/FZ),A small shopkeeper had their smartphone snatched by 2 perpetrators on a motorcycle (pulsar/fz) close to the Dhanmondi market square around 18:43.,INTERSECTION,VERIFIED,0.81
DHK-2024-0419,2024-01-07,23:42,2024,1,Sunday,23,Mugging,Mogbazar - near the intersection approaching Mouchak / Malibagh Crossing,ROAD_46,Mogbazar to Mouchak Flyover,Mogbazar,Ramna,23.747812,90.410409,DMP Monthly Blotter,https://dmp.gov.bd/crime-statistics/incident-2024-01-0419,police_report,University student,Sharp knife (Chhuri),4,On foot (sprint),A university student had their smartphone snatched by 4 perpetrators on a on foot (sprint) near the intersection approaching Mouchak / Malibagh Crossing around 23:42.,ROAD,VERIFIED,0.82
DHK-2024-0438,2024-01-08,11:39,2024,1,Monday,11,Snatching,Paltan - near the intersection approaching Sadarghat Launch Terminal,ROAD_51,Paltan to Sadarghat (Old Dhaka Arterial),Paltan,Paltan,23.715517,90.411522,Prothom Alo,https://en.prothomalo.com/bangladesh/crime-and-law/incident-2024-01-0438,news,University student,Firearm / Pistol,3,On foot (sprint),A university student had their smartphone snatched by 3 perpetrators on a on foot (sprint) near the intersection approaching Sadarghat Launch Terminal around 11:39.,INTERSECTION,VERIFIED,0.8
DHK-2024-0936,2024-01-10,18:28,2024,1,Wednesday,18,Robbery,Dhanmondi - in front of the commercial complex at Dhanmondi,ROAD_05,Dhanmondi 27 Inner Connector,Dhanmondi,Dhanmondi,23.760284,90.3627,Prothom Alo,https://en.prothomalo.com/bangladesh/crime-and-law/incident-2024-01-0936,news,University student,Sharp knife (Chhuri),3,Motorcycle (Pulsar/FZ),"Muggers armed with a sharp knife (chhuri) intercepted a university student in front of the commercial complex at Dhanmondi, fleeing with cash and bag.",INTERSECTION,VERIFIED,0.82
DHK-2024-0604,2024-01-13,22:16,2024,1,Saturday,22,Mugging,Mirpur - in front of the commercial complex at Mirpur,ROAD_33,Mirpur-11 to Mirpur-12 Avenue,Mirpur,Pallabi,23.820453,90.364862,bdnews24,https://bdnews24.com/bangladesh/incident-2024-01-0604,news,Female commuter,Firearm / Pistol,2,On foot (sprint),Reported incident of mugging involving a female commuter at in front of the commercial complex at Mirpur. Suspects fled using a on foot (sprint).,INTERSECTION,VERIFIED,0.81
DHK-2024-0155,2024-01-18,23:31,2024,1,Thursday,23,Mugging,Farmgate - in front of the commercial complex at Farmgate,ROAD_11,Airport Road (Farmgate to Bijoy Sarani),Farmgate,Tejgaon,23.763149,90.388202,Prothom Alo,https://en.prothomalo.com/bangladesh/crime-and-law/incident-2024-01-0155,news,Small shopkeeper,Sharp knife (Chhuri),1,Motorcycle (Pulsar/FZ),Police blotter recorded a swift snatching incident in front of the commercial complex at Farmgate during Thursday night hours.,ROAD,PROBABLE,0.77
DHK-2024-1164,2024-01-19,19:46,2024,1,Friday,19,Snatching,Mohammadpur - in front of the commercial complex at Mohammadpur,ROAD_36,Town Hall to Beribadh Link,Mohammadpur,Mohammadpur,23.757396,90.355429,The Daily Star,https://www.thedailystar.net/crime/incident-2024-01-1164,news,Motorcyclist,Iron rod,4,Motorcycle (Pulsar/FZ),"Muggers armed with a iron rod intercepted a motorcyclist in front of the commercial complex at Mohammadpur, fleeing with cash and bag.",INTERSECTION,PROBABLE,0.75
DHK-2024-0240,2024-01-19,21:27,2024,1,Friday,21,Snatching,Mogbazar - near the intersection approaching Mouchak / Malibagh Crossing,ROAD_46,Mogbazar to Mouchak Flyover,Mogbazar,Ramna,23.748686,90.407862,The Daily Star,https://www.thedailystar.net/crime/incident-2024-01-0240,news,Pedestrian,Sharp knife (Chhuri),2,Motorcycle (Pulsar/FZ),A pedestrian had their smartphone snatched by 2 perpetrators on a motorcycle (pulsar/fz) near the intersection approaching Mouchak / Malibagh Crossing around 21:27.,EXACT,VERIFIED,0.89
DHK-2024-0974,2024-01-20,00:04,2024,1,Saturday,0,Mugging,Dhanmondi - in front of the commercial complex at Dhanmondi,ROAD_05,Dhanmondi 27 Inner Connector,Dhanmondi,Dhanmondi,23.754246,90.36874,The Business Standard,https://tbsnews.net/bangladesh/crime/incident-2024-01-0974,news,University student,Firearm / Pistol,1,Motorcycle (Pulsar/FZ),"Muggers armed with a firearm / pistol intercepted a university student in front of the commercial complex at Dhanmondi, fleeing with cash and bag.",EXACT,PROBABLE,0.92
DHK-2024-0074,2024-01-20,23:33,2024,1,Saturday,23,Theft,Tejgaon - close to the Tejgaon market square,ROAD_25,Tejgaon-Gulshan Link Road,Tejgaon,Tejgaon Industrial,23.769827,90.407574,Daily Sun,https://www.daily-sun.com/post/crime/incident-2024-01-0074,news,Pedestrian,Sharp knife (Chhuri),2,Motorcycle (Pulsar/FZ),"Muggers armed with a sharp knife (chhuri) intercepted a pedestrian close to the Tejgaon market square, fleeing with cash and bag.",INTERSECTION,PROBABLE,0.96
DHK-2024-0219,2024-01-21,11:51,2024,1,Sunday,11,Mugging,Banani - close to the Banani market square,ROAD_18,Banani Road 11 (Commercial Strip),Banani,Banani,23.793301,90.408653,bdnews24,https://bdnews24.com/bangladesh/incident-2024-01-0219,news,Rickshaw passenger,Firearm / Pistol,2,Motorcycle (Pulsar/FZ),A rickshaw passenger had their smartphone snatched by 2 perpetrators on a motorcycle (pulsar/fz) close to the Banani market square around 11:51.,INTERSECTION,VERIFIED,0.8
DHK-2024-0669,2024-01-21,23:50,2024,1,Sunday,23,Mugging,Dhanmondi - in front of the commercial complex at Dhanmondi,ROAD_04,Satmasjid Road (Dhanmondi 27 to 32 Link),Dhanmondi,Dhanmondi,23.751395,90.377355,DMP Monthly Blotter,https://dmp.gov.bd/crime-statistics/incident-2024-01-0669,police_report,Small shopkeeper,Paper cutter,3,Motorcycle (Pulsar/FZ),A small shopkeeper had their smartphone snatched by 3 perpetrators on a motorcycle (pulsar/fz) in front of the commercial complex at Dhanmondi around 23:50.,EXACT,PROBABLE,0.85
DHK-2024-0832,2024-01-23,23:54,2024,1,Tuesday,23,Robbery,Mirpur - under the Mirpur footover bridge,ROAD_32,Mirpur-10 to Mirpur-11 Strip,Mirpur,Mirpur,23.813064,90.367058,The Daily Star,https://www.thedailystar.net/crime/incident-2024-01-0832,news,Office worker,Unarmed / Speed snatch,2,Motorcycle (Pulsar/FZ),Police blotter recorded a swift snatching incident under the Mirpur footover bridge during Tuesday night hours.,ROAD,VERIFIED,0.8
DHK-2024-0504,2024-01-24,10:12,2024,1,Wednesday,10,Snatching,Mirpur - near the intersection approaching Mirpur 10 Roundabout,ROAD_29,Begum Rokeya Sarani (Kazipara to Mirpur-10),Mirpur,Kafrul,23.800216,90.369997,Dhaka Tribune,https://www.dhakatribune.com/bangladesh/crime/incident-2024-01-0504,news,Motorcyclist,Sharp knife (Chhuri),4,Motorcycle (Pulsar/FZ),Police blotter recorded a swift snatching incident near the intersection approaching Mirpur 10 Roundabout during Wednesday night hours.,AREA,PROBABLE,0.92
DHK-2024-0009,2024-01-25,07:06,2024,1,Thursday,7,Snatching,Mohammadpur - near Mohammadpur bus stop,ROAD_06,Mirpur Road (Asad Gate to Farmgate Connector),Mohammadpur,Mohammadpur,23.758945,90.372899,bdnews24,https://bdnews24.com/bangladesh/incident-2024-01-0009,news,Small shopkeeper,Sharp knife (Chhuri),4,Motorcycle (Pulsar/FZ),A small shopkeeper had their smartphone snatched by 4 perpetrators on a motorcycle (pulsar/fz) near Mohammadpur bus stop around 07:06.,INTERSECTION,PROBABLE,0.76
DHK-2024-0092,2024-01-25,10:39,2024,1,Thursday,10,Snatching,Tejgaon - in front of the commercial complex at Tejgaon,ROAD_13,Airport Road (Jahangir Gate to Mohakhali),Tejgaon,Cantonment,23.773182,90.39504,The Business Standard,https://tbsnews.net/bangladesh/crime/incident-2024-01-0092,news,Small shopkeeper,Sharp knife (Chhuri),2,Motorcycle (Pulsar/FZ),A small shopkeeper had their smartphone snatched by 2 perpetrators on a motorcycle (pulsar/fz) in front of the commercial complex at Tejgaon around 10:39.,EXACT,VERIFIED,0.96
DHK-2024-0220,2024-01-25,15:47,2024,1,Thursday,15,Snatching,Banani - in front of the commercial complex at Banani,ROAD_17,Kemal Ataturk Ave (Banani Kakoli to Gulshan-2),Banani,Banani,23.793859,90.405548,Dhaka Tribune,https://www.dhakatribune.com/bangladesh/crime/incident-2024-01-0220,news,Office worker,Sharp knife (Chhuri),3,On foot (sprint),"Muggers armed with a sharp knife (chhuri) intercepted a office worker in front of the commercial complex at Banani, fleeing with cash and bag.",EXACT,VERIFIED,0.84
DHK-2024-0960,2024-01-26,22:12,2024,1,Friday,22,Snatching,Malibagh - close to the Malibagh market square,ROAD_47,Mouchak to Khilgaon Flyover,Malibagh,Shahjahanpur,23.750779,90.419349,DMP Monthly Blotter,https://dmp.gov.bd/crime-statistics/incident-2024-01-0960,police_report,Motorcyclist,Sharp knife (Chhuri),2,Motorcycle (Pulsar/FZ),Police blotter recorded a swift snatching incident close to the Malibagh market square during Friday night hours.,EXACT,VERIFIED,0.98
DHK-2024-1242,2024-01-28,08:36,2024,1,Sunday,8,Snatching,Mohammadpur - in front of the commercial complex at Mohammadpur,ROAD_06,Mirpur Road (Asad Gate to Farmgate Connector),Mohammadpur,Mohammadpur,23.758508,90.375906,Daily Sun,https://www.daily-sun.com/post/crime/incident-2024-01-1242,news,Small shopkeeper,Sharp knife (Chhuri),2,On foot (sprint),A small shopkeeper had their smartphone snatched by 2 perpetrators on a on foot (sprint) in front of the commercial complex at Mohammadpur around 08:36.,INTERSECTION,VERIFIED,0.84
DHK-2024-0188,2024-01-29,01:15,2024,1,Monday,1,Theft,Malibagh - in front of the commercial complex at Malibagh,ROAD_47,Mouchak to Khilgaon Flyover,Malibagh,Shahjahanpur,23.748274,90.414973,Prothom Alo,https://en.prothomalo.com/bangladesh/crime-and-law/incident-2024-01-0188,news,Small shopkeeper,Firearm / Pistol,2,CNG auto-rickshaw,"Muggers armed with a firearm / pistol intercepted a small shopkeeper in front of the commercial complex at Malibagh, fleeing with cash and bag.",INTERSECTION,VERIFIED,0.91
DHK-2024-0613,2024-01-31,19:01,2024,1,Wednesday,19,Theft,Mirpur - in front of the commercial complex at Mirpur,ROAD_31,Mirpur-1 to Mirpur-10 Connector,Mirpur,Mirpur,23.803693,90.36443,The Daily Star,https://www.thedailystar.net/crime/incident-2024-01-0613,news,Small shopkeeper,Firearm / Pistol,3,Motorcycle (Pulsar/FZ),Reported incident of theft involving a small shopkeeper at in front of the commercial complex at Mirpur. Suspects fled using a motorcycle (pulsar/fz).,ROAD,VERIFIED,0.86
DHK-2024-1257,2024-01-31,20:54,2024,1,Wednesday,20,Snatching,Farmgate - in front of the commercial complex at Farmgate,ROAD_07,Kazi Nazrul Islam Ave (Farmgate to Karwan Bazar),Farmgate,Tejgaon,23.752043,90.393535,Dhaka Tribune,https://www.dhakatribune.com/bangladesh/crime/incident-2024-01-1257,news,Rickshaw passenger,Sharp knife (Chhuri),2,Motorcycle (Pulsar/FZ),"Muggers armed with a sharp knife (chhuri) intercepted a rickshaw passenger in front of the commercial complex at Farmgate, fleeing with cash and bag.",INTERSECTION,VERIFIED,0.82
DHK-2024-0554,2024-02-01,04:00,2024,2,Thursday,4,Mugging,Dhanmondi - near the intersection approaching New Market Nilkhet,ROAD_10,Science Lab to Nilkhet / New Market,Dhanmondi,New Market,23.738711,90.383737,The Business Standard,https://tbsnews.net/bangladesh/crime/incident-2024-02-0554,news,Small shopkeeper,Sharp knife (Chhuri),2,Motorcycle (Pulsar/FZ),Police blotter recorded a swift snatching incident near the intersection approaching New Market Nilkhet during Thursday night hours.,EXACT,PROBABLE,0.85
DHK-2024-0624,2024-02-01,21:07,2024,2,Thursday,21,Robbery,Mirpur - under the Mirpur footover bridge,ROAD_32,Mirpur-10 to Mirpur-11 Strip,Mirpur,Mirpur,23.815874,90.36679,bdnews24,https://bdnews24.com/bangladesh/incident-2024-02-0624,news,University student,Sharp knife (Chhuri),2,On foot (sprint),A university student had their smartphone snatched by 2 perpetrators on a on foot (sprint) under the Mirpur footover bridge around 21:07.,EXACT,VERIFIED,0.76
DHK-2024-0629,2024-02-02,01:40,2024,2,Friday,1,Snatching,Gulshan - near Gulshan bus stop,ROAD_20,Madani Avenue (Gulshan-2 to Notun Bazar),Gulshan,Gulshan,23.794513,90.418929,The Daily Star,https://www.thedailystar.net/crime/incident-2024-02-0629,news,Office worker,Sharp knife (Chhuri),3,Motorcycle (Pulsar/FZ),Reported incident of snatching involving a office worker at near Gulshan bus stop. Suspects fled using a motorcycle (pulsar/fz).,INTERSECTION,VERIFIED,0.78
DHK-2024-0557,2024-02-02,15:21,2024,2,Friday,15,Mugging,Mohammadpur - in front of the commercial complex at Mohammadpur,ROAD_35,Mohammadpur Beribadh Outer Road,Mohammadpur,Mohammadpur,23.779434,90.347154,bdnews24,https://bdnews24.com/bangladesh/incident-2024-02-0557,news,Small shopkeeper,Unarmed / Speed snatch,1,Motorcycle (Pulsar/FZ),"Muggers armed with a unarmed / speed snatch intercepted a small shopkeeper in front of the commercial complex at Mohammadpur, fleeing with cash and bag.",ROAD,VERIFIED,0.86
DHK-2024-0060,2024-02-02,19:18,2024,2,Friday,19,Snatching,Mirpur - near Mirpur bus stop,ROAD_32,Mirpur-10 to Mirpur-11 Strip,Mirpur,Mirpur,23.80931,90.36764,DMP Monthly Blotter,https://dmp.gov.bd/crime-statistics/incident-2024-02-0060,police_report,Rickshaw passenger,Sharp knife (Chhuri),2,Motorcycle (Pulsar/FZ),A rickshaw passenger had their smartphone snatched by 2 perpetrators on a motorcycle (pulsar/fz) near Mirpur bus stop around 19:18.,ROAD,PROBABLE,0.88
DHK-2024-0858,2024-02-03,19:25,2024,2,Saturday,19,Snatching,Farmgate - in front of the commercial complex at Farmgate,ROAD_07,Kazi Nazrul Islam Ave (Farmgate to Karwan Bazar),Farmgate,Tejgaon,23.756646,90.389499,Dhaka Tribune,https://www.dhakatribune.com/bangladesh/crime/incident-2024-02-0858,news,Female commuter,Unarmed / Speed snatch,4,On foot (sprint),Police blotter recorded a swift snatching incident in front of the commercial complex at Farmgate during Saturday night hours.,EXACT,UNCONFIRMED,0.6
DHK-2024-0899,2024-02-04,15:45,2024,2,Sunday,15,Pickpocketing,Motijheel - near Motijheel bus stop,ROAD_49,Motijheel to Sayedabad Bus Terminal,Motijheel,Motijheel,23.725723,90.420618,Daily Sun,https://www.daily-sun.com/post/crime/incident-2024-02-0899,news,Office worker,Firearm / Pistol,3,Motorcycle (Pulsar/FZ),"Muggers armed with a firearm / pistol intercepted a office worker near Motijheel bus stop, fleeing with cash and bag.",INTERSECTION,UNCONFIRMED,0.6
DHK-2024-0390,2024-02-06,14:12,2024,2,Tuesday,14,Snatching,Agargaon - in front of the commercial complex at Agargaon,ROAD_27,Begum Rokeya Sarani (Agargaon to Shewrapara),Agargaon,Sher-e-Bangla Nagar,23.77882,90.375088,Daily Sun,https://www.daily-sun.com/post/crime/incident-2024-02-0390,news,Small shopkeeper,Sharp knife (Chhuri),2,Motorcycle (Pulsar/FZ),Reported incident of snatching involving a small shopkeeper at in front of the commercial complex at Agargaon. Suspects fled using a motorcycle (pulsar/fz).,EXACT,VERIFIED,0.77
DHK-2024-0517,2024-02-06,21:35,2024,2,Tuesday,21,Snatching,Badda - close to the Badda market square,ROAD_22,Pragiti Sarani (Badda Link to Rampura Bridge),Badda,Badda,23.768778,90.4265,The Daily Star,https://www.thedailystar.net/crime/incident-2024-02-0517,news,Female commuter,Sharp knife (Chhuri),2,On foot (sprint),A female commuter had their smartphone snatched by 2 perpetrators on a on foot (sprint) close to the Badda market square around 21:35.,ROAD,PROBABLE,0.78
DHK-2024-0720,2024-02-11,05:05,2024,2,Sunday,5,Snatching,Mirpur - near Mirpur bus stop,ROAD_32,Mirpur-10 to Mirpur-11 Strip,Mirpur,Mirpur,23.811369,90.36769,Daily Sun,https://www.daily-sun.com/post/crime/incident-2024-02-0720,news,Motorcyclist,Paper cutter,2,Private car,A motorcyclist had their smartphone snatched by 2 perpetrators on a private car near Mirpur bus stop around 05:05.,ROAD,PROBABLE,0.96
DHK-2024-0491,2024-02-11,23:23,2024,2,Sunday,23,Mugging,Mirpur - along the poorly lit section of Mirpur-10 to Mirpur-11 Strip,ROAD_32,Mirpur-10 to Mirpur-11 Strip,Mirpur,Mirpur,23.816981,90.366112,The Daily Star,https://www.thedailystar.net/crime/incident-2024-02-0491,news,Rickshaw passenger,Sharp knife (Chhuri),4,On foot (sprint),Reported incident of mugging involving a rickshaw passenger at along the poorly lit section of Mirpur-10 to Mirpur-11 Strip. Suspects fled using a on foot (sprint).,INTERSECTION,VERIFIED,0.75
DHK-2024-0141,2024-02-13,21:51,2024,2,Tuesday,21,Snatching,Baridhara - near the intersection approaching Badda Link Road,ROAD_21,Pragiti Sarani (Notun Bazar to Badda Link),Baridhara,Bhatara,23.786328,90.426769,bdnews24,https://bdnews24.com/bangladesh/incident-2024-02-0141,news,Small shopkeeper,Sharp knife (Chhuri),2,On foot (sprint),A small shopkeeper had their smartphone snatched by 2 perpetrators on a on foot (sprint) near the intersection approaching Badda Link Road around 21:51.,INTERSECTION,VERIFIED,0.91
DHK-2024-0606,2024-02-15,01:39,2024,2,Thursday,1,Mugging,Baridhara - under the Baridhara footover bridge,ROAD_21,Pragiti Sarani (Notun Bazar to Badda Link),Baridhara,Bhatara,23.790538,90.426018,DMP Monthly Blotter,https://dmp.gov.bd/crime-statistics/incident-2024-02-0606,police_report,Small shopkeeper,Pepper spray,2,Motorcycle (Pulsar/FZ),A small shopkeeper had their smartphone snatched by 2 perpetrators on a motorcycle (pulsar/fz) under the Baridhara footover bridge around 01:39.,ROAD,VERIFIED,0.96
DHK-2024-0823,2024-02-15,14:40,2024,2,Thursday,14,Robbery,Sayedabad - in front of the commercial complex at Sayedabad,ROAD_50,Sayedabad to Jatrabari Flyover Entrance,Sayedabad,Jatrabari,23.711537,90.434447,The Business Standard,https://tbsnews.net/bangladesh/crime/incident-2024-02-0823,news,University student,Sharp knife (Chhuri),4,Motorcycle (Pulsar/FZ),Police blotter recorded a swift snatching incident in front of the commercial complex at Sayedabad during Thursday night hours.,INTERSECTION,PROBABLE,0.89
DHK-2024-0523,2024-02-16,07:50,2024,2,Friday,7,Snatching,Dhanmondi - in front of the commercial complex at Dhanmondi,ROAD_03,Mirpur Road (Russell Square to Asad Gate),Dhanmondi,Dhanmondi,23.756605,90.373243,The Daily Star,https://www.thedailystar.net/crime/incident-2024-02-0523,news,Pedestrian,Firearm / Pistol,2,On foot (sprint),Reported incident of snatching involving a pedestrian at in front of the commercial complex at Dhanmondi. Suspects fled using a on foot (sprint).,AREA,VERIFIED,0.9
DHK-2024-0346,2024-02-16,14:53,2024,2,Friday,14,Snatching,Nilkhet - close to the Nilkhet market square,ROAD_52,New Market to Sadarghat Riverfront Connector,Nilkhet,New Market,23.731279,90.385344,Prothom Alo,https://en.prothomalo.com/bangladesh/crime-and-law/incident-2024-02-0346,news,Office worker,Sharp knife (Chhuri),2,Motorcycle (Pulsar/FZ),Reported incident of snatching involving a office worker at close to the Nilkhet market square. Suspects fled using a motorcycle (pulsar/fz).,EXACT,VERIFIED,0.94
DHK-2024-0245,2024-02-16,19:30,2024,2,Friday,19,Snatching,Mirpur - in front of the commercial complex at Mirpur,ROAD_34,Mirpur-1 to Gabtoli Highway,Mirpur,Mirpur,23.791823,90.352082,Prothom Alo,https://en.prothomalo.com/bangladesh/crime-and-law/incident-2024-02-0245,news,Office worker,Sharp knife (Chhuri),4,CNG auto-rickshaw,Police blotter recorded a swift snatching incident in front of the commercial complex at Mirpur during Friday night hours.,INTERSECTION,VERIFIED,0.97
DHK-2024-0877,2024-02-17,01:17,2024,2,Saturday,1,Snatching,Mirpur - under the Mirpur footover bridge,ROAD_31,Mirpur-1 to Mirpur-10 Connector,Mirpur,Mirpur,23.805338,90.366776,Prothom Alo,https://en.prothomalo.com/bangladesh/crime-and-law/incident-2024-02-0877,news,University student,Sharp knife (Chhuri),2,Motorcycle (Pulsar/FZ),Police blotter recorded a swift snatching incident under the Mirpur footover bridge during Saturday night hours.,AREA,VERIFIED,0.85
DHK-2024-0961,2024-02-18,01:34,2024,2,Sunday,1,Mugging,Paltan - near the intersection approaching Motijheel Shapla Chottor,ROAD_44,Paltan to Motijheel Commercial Area,Paltan,Paltan,23.728064,90.416358,DMP Monthly Blotter,https://dmp.gov.bd/crime-statistics/incident-2024-02-0961,police_report,Office worker,Sharp knife (Chhuri),2,On foot (sprint),Reported incident of mugging involving a office worker at near the intersection approaching Motijheel Shapla Chottor. Suspects fled using a on foot (sprint).,EXACT,VERIFIED,0.96
DHK-2024-0530,2024-02-19,23:55,2024,2,Monday,23,Theft,Motijheel - in front of the commercial complex at Motijheel,ROAD_49,Motijheel to Sayedabad Bus Terminal,Motijheel,Motijheel,23.725887,90.420758,Dhaka Tribune,https://www.dhakatribune.com/bangladesh/crime/incident-2024-02-0530,news,University student,Pepper spray,2,Motorcycle (Pulsar/FZ),"Muggers armed with a pepper spray intercepted a university student in front of the commercial complex at Motijheel, fleeing with cash and bag.",INTERSECTION,UNCONFIRMED,0.56
DHK-2024-0536,2024-02-20,19:48,2024,2,Tuesday,19,Snatching,Dhanmondi - along the poorly lit section of Science Lab to Nilkhet / New Market,ROAD_10,Science Lab to Nilkhet / New Market,Dhanmondi,New Market,23.737977,90.383875,bdnews24,https://bdnews24.com/bangladesh/incident-2024-02-0536,news,Small shopkeeper,Sharp knife (Chhuri),3,CNG auto-rickshaw,Reported incident of snatching involving a small shopkeeper at along the poorly lit section of Science Lab to Nilkhet / New Market. Suspects fled using a cng auto-rickshaw.,ROAD,PROBABLE,0.95
DHK-2024-0847,2024-02-23,19:25,2024,2,Friday,19,Snatching,Dhanmondi - in front of the commercial complex at Dhanmondi,ROAD_10,Science Lab to Nilkhet / New Market,Dhanmondi,New Market,23.739018,90.383517,Prothom Alo,https://en.prothomalo.com/bangladesh/crime-and-law/incident-2024-02-0847,news,Motorcyclist,Pepper spray,2,CNG auto-rickshaw,Reported incident of snatching involving a motorcyclist at in front of the commercial complex at Dhanmondi. Suspects fled using a cng auto-rickshaw.,ROAD,VERIFIED,0.77
DHK-2024-0851,2024-02-26,04:19,2024,2,Monday,4,Mugging,Farmgate - near the intersection approaching Karwan Bazar Chottor,ROAD_07,Kazi Nazrul Islam Ave (Farmgate to Karwan Bazar),Farmgate,Tejgaon,23.754792,90.391173,DMP Monthly Blotter,https://dmp.gov.bd/crime-statistics/incident-2024-02-0851,police_report,Motorcyclist,Paper cutter,2,Motorcycle (Pulsar/FZ),"Muggers armed with a paper cutter intercepted a motorcyclist near the intersection approaching Karwan Bazar Chottor, fleeing with cash and bag.",INTERSECTION,VERIFIED,0.87
DHK-2024-0460,2024-02-28,08:14,2024,2,Wednesday,8,Snatching,Mohammadpur - near Mohammadpur bus stop,ROAD_35,Mohammadpur Beribadh Outer Road,Mohammadpur,Mohammadpur,23.76073,90.347868,Dhaka Tribune,https://www.dhakatribune.com/bangladesh/crime/incident-2024-02-0460,news,Small shopkeeper,Sharp knife (Chhuri),1,Motorcycle (Pulsar/FZ),A small shopkeeper had their smartphone snatched by 1 perpetrators on a motorcycle (pulsar/fz) near Mohammadpur bus stop around 08:14.,ROAD,VERIFIED,0.91
DHK-2024-0922,2024-02-29,01:42,2024,2,Thursday,1,Robbery,Mirpur - along the poorly lit section of Begum Rokeya Sarani (Kazipara to Mirpur-10),ROAD_29,Begum Rokeya Sarani (Kazipara to Mirpur-10),Mirpur,Kafrul,23.805375,90.368867,Dhaka Tribune,https://www.dhakatribune.com/bangladesh/crime/incident-2024-02-0922,news,Pedestrian,Unarmed / Speed snatch,3,Private car,Reported incident of robbery involving a pedestrian at along the poorly lit section of Begum Rokeya Sarani (Kazipara to Mirpur-10). Suspects fled using a private car.,INTERSECTION,VERIFIED,0.78
DHK-2024-0857,2024-02-29,17:32,2024,2,Thursday,17,Snatching,Agargaon - along the poorly lit section of Begum Rokeya Sarani (Agargaon to Shewrapara),ROAD_27,Begum Rokeya Sarani (Agargaon to Shewrapara),Agargaon,Sher-e-Bangla Nagar,23.777815,90.375494,The Business Standard,https://tbsnews.net/bangladesh/crime/incident-2024-02-0857,news,Office worker,Paper cutter,2,Motorcycle (Pulsar/FZ),Reported incident of snatching involving a office worker at along the poorly lit section of Begum Rokeya Sarani (Agargaon to Shewrapara). Suspects fled using a motorcycle (pulsar/fz).,ROAD,VERIFIED,0.92
DHK-2024-1109,2024-02-29,22:36,2024,2,Thursday,22,Theft,Mohakhali - near Mohakhali bus stop,ROAD_15,Mohakhali to Gulshan-1 (Gulshan South Ave),Mohakhali,Banani,23.778594,90.414234,DMP Monthly Blotter,https://dmp.gov.bd/crime-statistics/incident-2024-02-1109,police_report,Small shopkeeper,Sharp knife (Chhuri),2,On foot (sprint),Police blotter recorded a swift snatching incident near Mohakhali bus stop during Thursday night hours.,EXACT,VERIFIED,0.85
DHK-2024-1125,2024-03-07,00:07,2024,3,Thursday,0,Theft,Badda - in front of the commercial complex at Badda,ROAD_22,Pragiti Sarani (Badda Link to Rampura Bridge),Badda,Badda,23.77253,90.427168,Dhaka Tribune,https://www.dhakatribune.com/bangladesh/crime/incident-2024-03-1125,news,Office worker,Sharp knife (Chhuri),2,Leguna van,Police blotter recorded a swift snatching incident in front of the commercial complex at Badda during Thursday night hours.,ROAD,VERIFIED,0.97
DHK-2024-0801,2024-03-07,11:39,2024,3,Thursday,11,Snatching,Gulshan - in front of the commercial complex at Gulshan,ROAD_16,Gulshan Avenue (Gulshan-1 to Gulshan-2),Gulshan,Gulshan,23.785897,90.416724,Prothom Alo,https://en.prothomalo.com/bangladesh/crime-and-law/incident-2024-03-0801,news,Office worker,Paper cutter,2,Motorcycle (Pulsar/FZ),Police blotter recorded a swift snatching incident in front of the commercial complex at Gulshan during Thursday night hours.,INTERSECTION,PROBABLE,0.81
DHK-2024-0274,2024-03-09,23:31,2024,3,Saturday,23,Snatching,Motijheel - along the poorly lit section of Motijheel to Sayedabad Bus Terminal,ROAD_49,Motijheel to Sayedabad Bus Terminal,Motijheel,Motijheel,23.72434,90.421857,DMP Monthly Blotter,https://dmp.gov.bd/crime-statistics/incident-2024-03-0274,police_report,Rickshaw passenger,Sharp knife (Chhuri),3,On foot (sprint),Reported incident of snatching involving a rickshaw passenger at along the poorly lit section of Motijheel to Sayedabad Bus Terminal. Suspects fled using a on foot (sprint).,ROAD,VERIFIED,0.96
DHK-2024-1065,2024-03-10,02:09,2024,3,Sunday,2,Robbery,Mirpur - near Mirpur bus stop,ROAD_34,Mirpur-1 to Gabtoli Highway,Mirpur,Mirpur,23.790592,90.351122,bdnews24,https://bdnews24.com/bangladesh/incident-2024-03-1065,news,Female commuter,Sharp knife (Chhuri),2,Motorcycle (Pulsar/FZ),A female commuter had their smartphone snatched by 2 perpetrators on a motorcycle (pulsar/fz) near Mirpur bus stop around 02:09.,INTERSECTION,PROBABLE,0.9
DHK-2024-1048,2024-03-10,08:33,2024,3,Sunday,8,Theft,Mirpur - near Mirpur bus stop,ROAD_32,Mirpur-10 to Mirpur-11 Strip,Mirpur,Mirpur,23.809429,90.368086,Daily Sun,https://www.daily-sun.com/post/crime/incident-2024-03-1048,news,Small shopkeeper,Unarmed / Speed snatch,4,Motorcycle (Pulsar/FZ),Police blotter recorded a swift snatching incident near Mirpur bus stop during Sunday night hours.,INTERSECTION,VERIFIED,0.91
DHK-2024-0018,2024-03-12,21:32,2024,3,Tuesday,21,Theft,Mirpur - under the Mirpur footover bridge,ROAD_31,Mirpur-1 to Mirpur-10 Connector,Mirpur,Mirpur,23.798442,90.358074,Dhaka Tribune,https://www.dhakatribune.com/bangladesh/crime/incident-2024-03-0018,news,Female commuter,Sharp knife (Chhuri),2,Motorcycle (Pulsar/FZ),Police blotter recorded a swift snatching incident under the Mirpur footover bridge during Tuesday night hours.,EXACT,VERIFIED,0.94
DHK-2024-1278,2024-03-16,16:38,2024,3,Saturday,16,Snatching,Baridhara - along the poorly lit section of Pragiti Sarani (Notun Bazar to Badda Link),ROAD_21,Pragiti Sarani (Notun Bazar to Badda Link),Baridhara,Bhatara,23.788553,90.426652,Daily Sun,https://www.daily-sun.com/post/crime/incident-2024-03-1278,news,Pedestrian,Unarmed / Speed snatch,4,Leguna van,"Muggers armed with a unarmed / speed snatch intercepted a pedestrian along the poorly lit section of Pragiti Sarani (Notun Bazar to Badda Link), fleeing with cash and bag.",INTERSECTION,PROBABLE,0.89
DHK-2024-1021,2024-03-18,02:22,2024,3,Monday,2,Mugging,Paltan - near Paltan bus stop,ROAD_51,Paltan to Sadarghat (Old Dhaka Arterial),Paltan,Paltan,23.725595,90.410685,The Daily Star,https://www.thedailystar.net/crime/incident-2024-03-1021,news,Female commuter,Sharp knife (Chhuri),2,Leguna van,Reported incident of mugging involving a female commuter at near Paltan bus stop. Suspects fled using a leguna van.,ROAD,PROBABLE,0.96
DHK-2024-0437,2024-03-19,10:28,2024,3,Tuesday,10,Mugging,Gulshan - near the intersection approaching Gulshan 2 Circle,ROAD_16,Gulshan Avenue (Gulshan-1 to Gulshan-2),Gulshan,Gulshan,23.787092,90.41634,Dhaka Tribune,https://www.dhakatribune.com/bangladesh/crime/incident-2024-03-0437,news,Small shopkeeper,Iron rod,2,On foot (sprint),"Muggers armed with a iron rod intercepted a small shopkeeper near the intersection approaching Gulshan 2 Circle, fleeing with cash and bag.",EXACT,VERIFIED,0.93
DHK-2024-0511,2024-03-21,18:46,2024,3,Thursday,18,Theft,Baridhara - in front of the commercial complex at Baridhara,ROAD_21,Pragiti Sarani (Notun Bazar to Badda Link),Baridhara,Bhatara,23.796812,90.425075,bdnews24,https://bdnews24.com/bangladesh/incident-2024-03-0511,news,Small shopkeeper,Iron rod,4,CNG auto-rickshaw,A small shopkeeper had their smartphone snatched by 4 perpetrators on a cng auto-rickshaw in front of the commercial complex at Baridhara around 18:46.,INTERSECTION,VERIFIED,0.89
DHK-2024-0207,2024-03-22,15:37,2024,3,Friday,15,Theft,Mohammadpur - along the poorly lit section of Mohammadpur Beribadh Outer Road,ROAD_35,Mohammadpur Beribadh Outer Road,Mohammadpur,Mohammadpur,23.757072,90.348047,DMP Monthly Blotter,https://dmp.gov.bd/crime-statistics/incident-2024-03-0207,police_report,Pedestrian,Sharp knife (Chhuri),1,On foot (sprint),A pedestrian had their smartphone snatched by 1 perpetrators on a on foot (sprint) along the poorly lit section of Mohammadpur Beribadh Outer Road around 15:37.,ROAD,PROBABLE,0.82
DHK-2024-0710,2024-03-22,17:09,2024,3,Friday,17,Snatching,Uttara - near Uttara bus stop,ROAD_41,Dhaka-Mymensingh Hwy (Jasimuddin to House Building),Uttara,Uttara East,23.863897,90.400098,bdnews24,https://bdnews24.com/bangladesh/incident-2024-03-0710,news,Female commuter,Iron rod,3,On foot (sprint),Police blotter recorded a swift snatching incident near Uttara bus stop during Friday night hours.,AREA,VERIFIED,0.87
DHK-2024-0867,2024-03-23,18:26,2024,3,Saturday,18,Snatching,Shyamoli - near the intersection approaching Mirpur 1 Roundabout,ROAD_30,Mirpur Road (Shyamoli to Mirpur-1),Shyamoli,Adabor,23.778436,90.360576,The Daily Star,https://www.thedailystar.net/crime/incident-2024-03-0867,news,Office worker,Unarmed / Speed snatch,3,Motorcycle (Pulsar/FZ),"Muggers armed with a unarmed / speed snatch intercepted a office worker near the intersection approaching Mirpur 1 Roundabout, fleeing with cash and bag.",INTERSECTION,VERIFIED,0.81
DHK-2024-0314,2024-03-24,20:01,2024,3,Sunday,20,Robbery,Sayedabad - near the intersection approaching Jatrabari Chottor,ROAD_50,Sayedabad to Jatrabari Flyover Entrance,Sayedabad,Jatrabari,23.711584,90.434214,bdnews24,https://bdnews24.com/bangladesh/incident-2024-03-0314,news,Motorcyclist,Sharp knife (Chhuri),2,Motorcycle (Pulsar/FZ),"Muggers armed with a sharp knife (chhuri) intercepted a motorcyclist near the intersection approaching Jatrabari Chottor, fleeing with cash and bag.",INTERSECTION,PROBABLE,0.97
DHK-2024-1062,2024-03-24,20:58,2024,3,Sunday,20,Mugging,Baridhara - under the Baridhara footover bridge,ROAD_21,Pragiti Sarani (Notun Bazar to Badda Link),Baridhara,Bhatara,23.79133,90.426366,DMP Monthly Blotter,https://dmp.gov.bd/crime-statistics/incident-2024-03-1062,police_report,Rickshaw passenger,Sharp knife (Chhuri),2,Motorcycle (Pulsar/FZ),A rickshaw passenger had their smartphone snatched by 2 perpetrators on a motorcycle (pulsar/fz) under the Baridhara footover bridge around 20:58.,EXACT,VERIFIED,0.81
DHK-2024-0457,2024-03-27,12:43,2024,3,Wednesday,12,Snatching,Paltan - near Paltan bus stop,ROAD_51,Paltan to Sadarghat (Old Dhaka Arterial),Paltan,Paltan,23.714904,90.41141,Prothom Alo,https://en.prothomalo.com/bangladesh/crime-and-law/incident-2024-03-0457,news,Motorcyclist,Firearm / Pistol,3,Leguna van,Reported incident of snatching involving a motorcyclist at near Paltan bus stop. Suspects fled using a leguna van.,ROAD,VERIFIED,0.81
DHK-2024-0966,2024-03-27,22:18,2024,3,Wednesday,22,Robbery,Tejgaon - close to the Tejgaon market square,ROAD_26,Tejgaon Industrial to Farmgate Link,Tejgaon,Tejgaon Industrial,23.759219,90.392737,The Daily Star,https://www.thedailystar.net/crime/incident-2024-03-0966,news,Motorcyclist,Iron rod,2,Motorcycle (Pulsar/FZ),A motorcyclist had their smartphone snatched by 2 perpetrators on a motorcycle (pulsar/fz) close to the Tejgaon market square around 22:18.,INTERSECTION,VERIFIED,0.9
DHK-2024-0323,2024-03-28,18:40,2024,3,Thursday,18,Robbery,Motijheel - close to the Motijheel market square,ROAD_49,Motijheel to Sayedabad Bus Terminal,Motijheel,Motijheel,23.720693,90.425005,The Business Standard,https://tbsnews.net/bangladesh/crime/incident-2024-03-0323,news,Pedestrian,Sharp knife (Chhuri),2,Motorcycle (Pulsar/FZ),Reported incident of robbery involving a pedestrian at close to the Motijheel market square. Suspects fled using a motorcycle (pulsar/fz).,INTERSECTION,PROBABLE,0.79
DHK-2024-0143,2024-03-30,01:52,2024,3,Saturday,1,Theft,Badda - close to the Badda market square,ROAD_22,Pragiti Sarani (Badda Link to Rampura Bridge),Badda,Badda,23.771053,90.426863,The Daily Star,https://www.thedailystar.net/crime/incident-2024-03-0143,news,University student,Sharp knife (Chhuri),3,Private car,"Muggers armed with a sharp knife (chhuri) intercepted a university student close to the Badda market square, fleeing with cash and bag.",INTERSECTION,VERIFIED,0.84
DHK-2024-0907,2024-03-30,21:06,2024,3,Saturday,21,Snatching,Mirpur - under the Mirpur footover bridge,ROAD_34,Mirpur-1 to Gabtoli Highway,Mirpur,Mirpur,23.790675,90.351209,Dhaka Tribune,https://www.dhakatribune.com/bangladesh/crime/incident-2024-03-0907,news,Small shopkeeper,Sharp knife (Chhuri),2,Motorcycle (Pulsar/FZ),Police blotter recorded a swift snatching incident under the Mirpur footover bridge during Saturday night hours.,AREA,VERIFIED,0.91
DHK-2024-1180,2024-03-31,15:26,2024,3,Sunday,15,Theft,Mirpur - along the poorly lit section of Mirpur-1 to Gabtoli Highway,ROAD_34,Mirpur-1 to Gabtoli Highway,Mirpur,Mirpur,23.788819,90.350318,DMP Monthly Blotter,https://dmp.gov.bd/crime-statistics/incident-2024-03-1180,police_report,Motorcyclist,Sharp knife (Chhuri),2,Private car,A motorcyclist had their smartphone snatched by 2 perpetrators on a private car along the poorly lit section of Mirpur-1 to Gabtoli Highway around 15:26.,INTERSECTION,PROBABLE,0.98
DHK-2024-0432,2024-04-01,01:33,2024,4,Monday,1,Mugging,Rampura - near Rampura bus stop,ROAD_24,Hatirjheel Expressway (Rampura to Mohakhali),Rampura,Rampura,23.768997,90.415261,Daily Sun,https://www.daily-sun.com/post/crime/incident-2024-04-0432,news,University student,Sharp knife (Chhuri),3,Motorcycle (Pulsar/FZ),"Muggers armed with a sharp knife (chhuri) intercepted a university student near Rampura bus stop, fleeing with cash and bag.",ROAD,VERIFIED,0.85
DHK-2024-0811,2024-04-04,10:03,2024,4,Thursday,10,Robbery,Motijheel - close to the Motijheel market square,ROAD_49,Motijheel to Sayedabad Bus Terminal,Motijheel,Motijheel,23.723978,90.422027,The Daily Star,https://www.thedailystar.net/crime/incident-2024-04-0811,news,University student,Sharp knife (Chhuri),2,Private car,A university student had their smartphone snatched by 2 perpetrators on a private car close to the Motijheel market square around 10:03.,EXACT,VERIFIED,0.95
DHK-2024-0168,2024-04-06,19:22,2024,4,Saturday,19,Pickpocketing,Banani - in front of the commercial complex at Banani,ROAD_18,Banani Road 11 (Commercial Strip),Banani,Banani,23.793048,90.409566,The Daily Star,https://www.thedailystar.net/crime/incident-2024-04-0168,news,Female commuter,Paper cutter,2,Motorcycle (Pulsar/FZ),Reported incident of pickpocketing involving a female commuter at in front of the commercial complex at Banani. Suspects fled using a motorcycle (pulsar/fz).,INTERSECTION,VERIFIED,0.78
DHK-2024-0763,2024-04-09,23:07,2024,4,Tuesday,23,Snatching,Nilkhet - near the intersection approaching Sadarghat Launch Terminal,ROAD_52,New Market to Sadarghat Riverfront Connector,Nilkhet,New Market,23.718942,90.400032,Daily Sun,https://www.daily-sun.com/post/crime/incident-2024-04-0763,news,Female commuter,Firearm / Pistol,1,Leguna van,Reported incident of snatching involving a female commuter at near the intersection approaching Sadarghat Launch Terminal. Suspects fled using a leguna van.,EXACT,PROBABLE,0.96
DHK-2024-0839,2024-04-11,08:06,2024,4,Thursday,8,Mugging,Kuril - close to the Kuril market square,ROAD_39,Airport Road (Kuril Flyover to Airport),Kuril,Khilkhet,23.82183,90.416782,Prothom Alo,https://en.prothomalo.com/bangladesh/crime-and-law/incident-2024-04-0839,news,Rickshaw passenger,Firearm / Pistol,4,Motorcycle (Pulsar/FZ),Reported incident of mugging involving a rickshaw passenger at close to the Kuril market square. Suspects fled using a motorcycle (pulsar/fz).,EXACT,VERIFIED,0.82
DHK-2024-1117,2024-04-11,15:01,2024,4,Thursday,15,Snatching,Mohammadpur - along the poorly lit section of Mirpur Road (Asad Gate to Farmgate Connector),ROAD_06,Mirpur Road (Asad Gate to Farmgate Connector),Mohammadpur,Mohammadpur,23.756867,90.388132,Dhaka Tribune,https://www.dhakatribune.com/bangladesh/crime/incident-2024-04-1117,news,Motorcyclist,Firearm / Pistol,3,Motorcycle (Pulsar/FZ),A motorcyclist had their smartphone snatched by 3 perpetrators on a motorcycle (pulsar/fz) along the poorly lit section of Mirpur Road (Asad Gate to Farmgate Connector) around 15:01.,AREA,PROBABLE,0.88
DHK-2024-0184,2024-04-11,18:46,2024,4,Thursday,18,Snatching,Mohammadpur - under the Mohammadpur footover bridge,ROAD_36,Town Hall to Beribadh Link,Mohammadpur,Mohammadpur,23.759921,90.361865,The Business Standard,https://tbsnews.net/bangladesh/crime/incident-2024-04-0184,news,Motorcyclist,Sharp knife (Chhuri),2,Motorcycle (Pulsar/FZ),"Muggers armed with a sharp knife (chhuri) intercepted a motorcyclist under the Mohammadpur footover bridge, fleeing with cash and bag.",EXACT,VERIFIED,0.76
DHK-2024-0413,2024-04-11,23:58,2024,4,Thursday,23,Robbery,Dhanmondi - along the poorly lit section of Dhanmondi 27 Inner Connector,ROAD_05,Dhanmondi 27 Inner Connector,Dhanmondi,Dhanmondi,23.755017,90.368016,bdnews24,https://bdnews24.com/bangladesh/incident-2024-04-0413,news,Female commuter,Sharp knife (Chhuri),1,CNG auto-rickshaw,A female commuter had their smartphone snatched by 1 perpetrators on a cng auto-rickshaw along the poorly lit section of Dhanmondi 27 Inner Connector around 23:58.,ROAD,VERIFIED,0.87
DHK-2024-0110,2024-04-12,00:26,2024,4,Friday,0,Robbery,Airport - close to the Airport market square,ROAD_40,Dhaka-Mymensingh Hwy (Airport to Jasimuddin),Airport,Airport,23.855039,90.405077,The Daily Star,https://www.thedailystar.net/crime/incident-2024-04-0110,news,Female commuter,Pepper spray,2,CNG auto-rickshaw,Reported incident of robbery involving a female commuter at close to the Airport market square. Suspects fled using a cng auto-rickshaw.,INTERSECTION,PROBABLE,0.84
DHK-2024-0721,2024-04-13,19:58,2024,4,Saturday,19,Snatching,Shahbagh - along the poorly lit section of Shahbagh to Kakrail VIP Road,ROAD_42,Shahbagh to Kakrail VIP Road,Shahbagh,Shahbagh,23.738795,90.396563,Daily Sun,https://www.daily-sun.com/post/crime/incident-2024-04-0721,news,Rickshaw passenger,Paper cutter,1,On foot (sprint),Police blotter recorded a swift snatching incident along the poorly lit section of Shahbagh to Kakrail VIP Road during Saturday night hours.,INTERSECTION,VERIFIED,0.89
DHK-2024-0873,2024-04-14,06:54,2024,4,Sunday,6,Robbery,Farmgate - in front of the commercial complex at Farmgate,ROAD_07,Kazi Nazrul Islam Ave (Farmgate to Karwan Bazar),Farmgate,Tejgaon,23.752948,90.392395,The Daily Star,https://www.thedailystar.net/crime/incident-2024-04-0873,news,Office worker,Sharp knife (Chhuri),2,Motorcycle (Pulsar/FZ),"Muggers armed with a sharp knife (chhuri) intercepted a office worker in front of the commercial complex at Farmgate, fleeing with cash and bag.",AREA,UNCONFIRMED,0.62
DHK-2024-0433,2024-04-16,13:04,2024,4,Tuesday,13,Theft,Dhanmondi - in front of the commercial complex at Dhanmondi,ROAD_05,Dhanmondi 27 Inner Connector,Dhanmondi,Dhanmondi,23.756719,90.365885,Dhaka Tribune,https://www.dhakatribune.com/bangladesh/crime/incident-2024-04-0433,news,Female commuter,Paper cutter,3,On foot (sprint),A female commuter had their smartphone snatched by 3 perpetrators on a on foot (sprint) in front of the commercial complex at Dhanmondi around 13:04.,INTERSECTION,VERIFIED,0.9
DHK-2024-0955,2024-04-18,18:14,2024,4,Thursday,18,Mugging,Mirpur - near Mirpur bus stop,ROAD_31,Mirpur-1 to Mirpur-10 Connector,Mirpur,Mirpur,23.799022,90.35888,The Business Standard,https://tbsnews.net/bangladesh/crime/incident-2024-04-0955,news,Pedestrian,Sharp knife (Chhuri),2,CNG auto-rickshaw,Reported incident of mugging involving a pedestrian at near Mirpur bus stop. Suspects fled using a cng auto-rickshaw.,INTERSECTION,VERIFIED,0.83
DHK-2024-1104,2024-04-19,00:49,2024,4,Friday,0,Mugging,Paltan - along the poorly lit section of Paltan to Sadarghat (Old Dhaka Arterial),ROAD_51,Paltan to Sadarghat (Old Dhaka Arterial),Paltan,Paltan,23.712447,90.411497,Dhaka Tribune,https://www.dhakatribune.com/bangladesh/crime/incident-2024-04-1104,news,Office worker,Unarmed / Speed snatch,2,Motorcycle (Pulsar/FZ),A office worker had their smartphone snatched by 2 perpetrators on a motorcycle (pulsar/fz) along the poorly lit section of Paltan to Sadarghat (Old Dhaka Arterial) around 00:49.,EXACT,VERIFIED,0.76
DHK-2024-0301,2024-04-19,18:57,2024,4,Friday,18,Snatching,Sayedabad - near the intersection approaching Jatrabari Chottor,ROAD_50,Sayedabad to Jatrabari Flyover Entrance,Sayedabad,Jatrabari,23.711566,90.434465,bdnews24,https://bdnews24.com/bangladesh/incident-2024-04-0301,news,Office worker,Paper cutter,1,CNG auto-rickshaw,A office worker had their smartphone snatched by 1 perpetrators on a cng auto-rickshaw near the intersection approaching Jatrabari Chottor around 18:57.,INTERSECTION,PROBABLE,0.87
DHK-2024-0838,2024-04-23,16:16,2024,4,Tuesday,16,Robbery,Mirpur - near the intersection approaching Mirpur 11 Bus Stand,ROAD_32,Mirpur-10 to Mirpur-11 Strip,Mirpur,Mirpur,23.814014,90.366636,Daily Sun,https://www.daily-sun.com/post/crime/incident-2024-04-0838,news,Motorcyclist,Sharp knife (Chhuri),3,Motorcycle (Pulsar/FZ),A motorcyclist had their smartphone snatched by 3 perpetrators on a motorcycle (pulsar/fz) near the intersection approaching Mirpur 11 Bus Stand around 16:16.,ROAD,VERIFIED,0.93
DHK-2024-0067,2024-04-23,18:59,2024,4,Tuesday,18,Pickpocketing,Uttara - near Uttara bus stop,ROAD_41,Dhaka-Mymensingh Hwy (Jasimuddin to House Building),Uttara,Uttara East,23.86582,90.399892,Daily Sun,https://www.daily-sun.com/post/crime/incident-2024-04-0067,news,Rickshaw passenger,Sharp knife (Chhuri),2,Motorcycle (Pulsar/FZ),"Muggers armed with a sharp knife (chhuri) intercepted a rickshaw passenger near Uttara bus stop, fleeing with cash and bag.",ROAD,VERIFIED,0.9
DHK-2024-0213,2024-04-24,13:34,2024,4,Wednesday,13,Snatching,Baridhara - in front of the commercial complex at Baridhara,ROAD_21,Pragiti Sarani (Notun Bazar to Badda Link),Baridhara,Bhatara,23.794264,90.425338,DMP Monthly Blotter,https://dmp.gov.bd/crime-statistics/incident-2024-04-0213,police_report,Female commuter,Paper cutter,2,Motorcycle (Pulsar/FZ),Reported incident of snatching involving a female commuter at in front of the commercial complex at Baridhara. Suspects fled using a motorcycle (pulsar/fz).,INTERSECTION,VERIFIED,0.88
DHK-2024-0085,2024-04-25,03:40,2024,4,Thursday,3,Snatching,Farmgate - in front of the commercial complex at Farmgate,ROAD_07,Kazi Nazrul Islam Ave (Farmgate to Karwan Bazar),Farmgate,Tejgaon,23.753177,90.392185,The Daily Star,https://www.thedailystar.net/crime/incident-2024-04-0085,news,University student,Paper cutter,1,Motorcycle (Pulsar/FZ),A university student had their smartphone snatched by 1 perpetrators on a motorcycle (pulsar/fz) in front of the commercial complex at Farmgate around 03:40.,INTERSECTION,PROBABLE,0.85
DHK-2024-0041,2024-04-25,12:17,2024,4,Thursday,12,Snatching,Sayedabad - in front of the commercial complex at Sayedabad,ROAD_50,Sayedabad to Jatrabari Flyover Entrance,Sayedabad,Jatrabari,23.713892,90.431428,Dhaka Tribune,https://www.dhakatribune.com/bangladesh/crime/incident-2024-04-0041,news,Rickshaw passenger,Sharp knife (Chhuri),2,On foot (sprint),"Muggers armed with a sharp knife (chhuri) intercepted a rickshaw passenger in front of the commercial complex at Sayedabad, fleeing with cash and bag.",EXACT,VERIFIED,0.91
DHK-2024-1166,2024-04-25,20:40,2024,4,Thursday,20,Snatching,Dhanmondi - close to the Dhanmondi market square,ROAD_10,Science Lab to Nilkhet / New Market,Dhanmondi,New Market,23.737252,90.383947,Prothom Alo,https://en.prothomalo.com/bangladesh/crime-and-law/incident-2024-04-1166,news,Small shopkeeper,Sharp knife (Chhuri),2,CNG auto-rickshaw,Police blotter recorded a swift snatching incident close to the Dhanmondi market square during Thursday night hours.,AREA,VERIFIED,0.86
DHK-2024-0475,2024-04-25,21:42,2024,4,Thursday,21,Robbery,Mogbazar - near Mogbazar bus stop,ROAD_46,Mogbazar to Mouchak Flyover,Mogbazar,Ramna,23.749391,90.406786,Dhaka Tribune,https://www.dhakatribune.com/bangladesh/crime/incident-2024-04-0475,news,Rickshaw passenger,Sharp knife (Chhuri),2,CNG auto-rickshaw,A rickshaw passenger had their smartphone snatched by 2 perpetrators on a cng auto-rickshaw near Mogbazar bus stop around 21:42.,INTERSECTION,PROBABLE,0.76
DHK-2024-0385,2024-04-26,14:05,2024,4,Friday,14,Robbery,Shyamoli - close to the Shyamoli market square,ROAD_30,Mirpur Road (Shyamoli to Mirpur-1),Shyamoli,Adabor,23.782307,90.358837,Daily Sun,https://www.daily-sun.com/post/crime/incident-2024-04-0385,news,University student,Firearm / Pistol,2,Motorcycle (Pulsar/FZ),A university student had their smartphone snatched by 2 perpetrators on a motorcycle (pulsar/fz) close to the Shyamoli market square around 14:05.,INTERSECTION,UNCONFIRMED,0.7
DHK-2024-0583,2024-04-26,18:27,2024,4,Friday,18,Snatching,Mohammadpur - along the poorly lit section of Mohammadpur Beribadh Outer Road,ROAD_35,Mohammadpur Beribadh Outer Road,Mohammadpur,Mohammadpur,23.775301,90.347189,bdnews24,https://bdnews24.com/bangladesh/incident-2024-04-0583,news,University student,Sharp knife (Chhuri),2,CNG auto-rickshaw,"Muggers armed with a sharp knife (chhuri) intercepted a university student along the poorly lit section of Mohammadpur Beribadh Outer Road, fleeing with cash and bag.",EXACT,VERIFIED,0.9
DHK-2024-0467,2024-04-27,00:35,2024,4,Saturday,0,Mugging,Tejgaon - near Tejgaon bus stop,ROAD_25,Tejgaon-Gulshan Link Road,Tejgaon,Tejgaon Industrial,23.770609,90.408357,The Business Standard,https://tbsnews.net/bangladesh/crime/incident-2024-04-0467,news,Rickshaw passenger,Sharp knife (Chhuri),2,Motorcycle (Pulsar/FZ),"Muggers armed with a sharp knife (chhuri) intercepted a rickshaw passenger near Tejgaon bus stop, fleeing with cash and bag.",INTERSECTION,VERIFIED,0.85
DHK-2024-0200,2024-04-27,12:28,2024,4,Saturday,12,Mugging,Mirpur - close to the Mirpur market square,ROAD_31,Mirpur-1 to Mirpur-10 Connector,Mirpur,Mirpur,23.804318,90.364811,The Business Standard,https://tbsnews.net/bangladesh/crime/incident-2024-04-0200,news,Motorcyclist,Sharp knife (Chhuri),1,Motorcycle (Pulsar/FZ),Reported incident of mugging involving a motorcyclist at close to the Mirpur market square. Suspects fled using a motorcycle (pulsar/fz).,INTERSECTION,VERIFIED,0.91
DHK-2024-0101,2024-04-28,00:54,2024,4,Sunday,0,Snatching,Mirpur - along the poorly lit section of Mirpur-1 to Mirpur-10 Connector,ROAD_31,Mirpur-1 to Mirpur-10 Connector,Mirpur,Mirpur,23.799641,90.359179,The Business Standard,https://tbsnews.net/bangladesh/crime/incident-2024-04-0101,news,Female commuter,Sharp knife (Chhuri),1,Motorcycle (Pulsar/FZ),Reported incident of snatching involving a female commuter at along the poorly lit section of Mirpur-1 to Mirpur-10 Connector. Suspects fled using a motorcycle (pulsar/fz).,AREA,VERIFIED,0.79
DHK-2024-0025,2024-04-29,18:55,2024,4,Monday,18,Mugging,Dhanmondi - in front of the commercial complex at Dhanmondi,ROAD_04,Satmasjid Road (Dhanmondi 27 to 32 Link),Dhanmondi,Dhanmondi,23.753122,90.370939,bdnews24,https://bdnews24.com/bangladesh/incident-2024-04-0025,news,Pedestrian,Sharp knife (Chhuri),2,Motorcycle (Pulsar/FZ),Reported incident of mugging involving a pedestrian at in front of the commercial complex at Dhanmondi. Suspects fled using a motorcycle (pulsar/fz).,EXACT,VERIFIED,0.93
DHK-2024-0795,2024-04-29,19:31,2024,4,Monday,19,Snatching,Banani - along the poorly lit section of Kemal Ataturk Ave (Banani Kakoli to Gulshan-2),ROAD_17,Kemal Ataturk Ave (Banani Kakoli to Gulshan-2),Banani,Banani,23.793092,90.41037,Prothom Alo,https://en.prothomalo.com/bangladesh/crime-and-law/incident-2024-04-0795,news,Pedestrian,Iron rod,2,Motorcycle (Pulsar/FZ),Police blotter recorded a swift snatching incident along the poorly lit section of Kemal Ataturk Ave (Banani Kakoli to Gulshan-2) during Monday night hours.,INTERSECTION,PROBABLE,0.77
DHK-2024-0008,2024-05-02,23:17,2024,5,Thursday,23,Mugging,Dhanmondi - under the Dhanmondi footover bridge,ROAD_10,Science Lab to Nilkhet / New Market,Dhanmondi,New Market,23.73498,90.383614,DMP Monthly Blotter,https://dmp.gov.bd/crime-statistics/incident-2024-05-0008,police_report,Motorcyclist,Unarmed / Speed snatch,2,CNG auto-rickshaw,Police blotter recorded a swift snatching incident under the Dhanmondi footover bridge during Thursday night hours.,INTERSECTION,PROBABLE,0.94
DHK-2024-0192,2024-05-05,01:15,2024,5,Sunday,1,Snatching,Mohammadpur - along the poorly lit section of Mohammadpur Beribadh Outer Road,ROAD_35,Mohammadpur Beribadh Outer Road,Mohammadpur,Mohammadpur,23.756715,90.347785,Dhaka Tribune,https://www.dhakatribune.com/bangladesh/crime/incident-2024-05-0192,news,Pedestrian,Sharp knife (Chhuri),1,Motorcycle (Pulsar/FZ),Reported incident of snatching involving a pedestrian at along the poorly lit section of Mohammadpur Beribadh Outer Road. Suspects fled using a motorcycle (pulsar/fz).,ROAD,VERIFIED,0.91
DHK-2024-0221,2024-05-05,02:35,2024,5,Sunday,2,Robbery,Mohammadpur - close to the Mohammadpur market square,ROAD_36,Town Hall to Beribadh Link,Mohammadpur,Mohammadpur,23.758397,90.357884,The Business Standard,https://tbsnews.net/bangladesh/crime/incident-2024-05-0221,news,Female commuter,Sharp knife (Chhuri),2,Private car,Reported incident of robbery involving a female commuter at close to the Mohammadpur market square. Suspects fled using a private car.,INTERSECTION,PROBABLE,0.87
DHK-2024-0830,2024-05-06,13:23,2024,5,Monday,13,Snatching,Malibagh - in front of the commercial complex at Malibagh,ROAD_47,Mouchak to Khilgaon Flyover,Malibagh,Shahjahanpur,23.751144,90.421074,Daily Sun,https://www.daily-sun.com/post/crime/incident-2024-05-0830,news,Motorcyclist,Sharp knife (Chhuri),2,Private car,A motorcyclist had their smartphone snatched by 2 perpetrators on a private car in front of the commercial complex at Malibagh around 13:23.,INTERSECTION,VERIFIED,0.78
DHK-2024-1058,2024-05-07,01:36,2024,5,Tuesday,1,Mugging,Tejgaon - under the Tejgaon footover bridge,ROAD_14,Bijoy Sarani to Agargaon Connector,Tejgaon,Tejgaon,23.771634,90.381633,Daily Sun,https://www.daily-sun.com/post/crime/incident-2024-05-1058,news,Office worker,Firearm / Pistol,2,Motorcycle (Pulsar/FZ),A office worker had their smartphone snatched by 2 perpetrators on a motorcycle (pulsar/fz) under the Tejgaon footover bridge around 01:36.,INTERSECTION,VERIFIED,0.81
DHK-2024-0634,2024-05-07,16:05,2024,5,Tuesday,16,Theft,Mirpur - close to the Mirpur market square,ROAD_31,Mirpur-1 to Mirpur-10 Connector,Mirpur,Mirpur,23.801409,90.362237,Dhaka Tribune,https://www.dhakatribune.com/bangladesh/crime/incident-2024-05-0634,news,Rickshaw passenger,Sharp knife (Chhuri),2,Motorcycle (Pulsar/FZ),"Muggers armed with a sharp knife (chhuri) intercepted a rickshaw passenger close to the Mirpur market square, fleeing with cash and bag.",INTERSECTION,PROBABLE,0.9
DHK-2024-1096,2024-05-07,19:10,2024,5,Tuesday,19,Mugging,Banani - in front of the commercial complex at Banani,ROAD_17,Kemal Ataturk Ave (Banani Kakoli to Gulshan-2),Banani,Banani,23.793206,90.409954,bdnews24,https://bdnews24.com/bangladesh/incident-2024-05-1096,news,Female commuter,Unarmed / Speed snatch,2,Motorcycle (Pulsar/FZ),A female commuter had their smartphone snatched by 2 perpetrators on a motorcycle (pulsar/fz) in front of the commercial complex at Banani around 19:10.,ROAD,VERIFIED,0.97
DHK-2024-0235,2024-05-07,22:36,2024,5,Tuesday,22,Robbery,Mohammadpur - under the Mohammadpur footover bridge,ROAD_54,Mohammadpur Town Hall to Asad Gate,Mohammadpur,Mohammadpur,23.759299,90.370016,Prothom Alo,https://en.prothomalo.com/bangladesh/crime-and-law/incident-2024-05-0235,news,University student,Unarmed / Speed snatch,4,Motorcycle (Pulsar/FZ),A university student had their smartphone snatched by 4 perpetrators on a motorcycle (pulsar/fz) under the Mohammadpur footover bridge around 22:36.,INTERSECTION,VERIFIED,0.87
DHK-2024-0901,2024-05-08,15:15,2024,5,Wednesday,15,Robbery,Karwan Bazar - in front of the commercial complex at Karwan Bazar,ROAD_45,Mogbazar Flyover Road (Karwan Bazar to Mogbazar),Karwan Bazar,Tejgaon,23.751413,90.396266,The Daily Star,https://www.thedailystar.net/crime/incident-2024-05-0901,news,Pedestrian,Pepper spray,2,Motorcycle (Pulsar/FZ),A pedestrian had their smartphone snatched by 2 perpetrators on a motorcycle (pulsar/fz) in front of the commercial complex at Karwan Bazar around 15:15.,INTERSECTION,VERIFIED,0.79
DHK-2024-0246,2024-05-11,01:20,2024,5,Saturday,1,Mugging,Mohammadpur - near the intersection approaching Asad Gate,ROAD_54,Mohammadpur Town Hall to Asad Gate,Mohammadpur,Mohammadpur,23.760014,90.36577,The Daily Star,https://www.thedailystar.net/crime/incident-2024-05-0246,news,Motorcyclist,Iron rod,2,Motorcycle (Pulsar/FZ),"Muggers armed with a iron rod intercepted a motorcyclist near the intersection approaching Asad Gate, fleeing with cash and bag.",EXACT,VERIFIED,0.91
DHK-2024-0037,2024-05-14,11:09,2024,5,Tuesday,11,Snatching,Motijheel - under the Motijheel footover bridge,ROAD_49,Motijheel to Sayedabad Bus Terminal,Motijheel,Motijheel,23.719003,90.426367,Daily Sun,https://www.daily-sun.com/post/crime/incident-2024-05-0037,news,Pedestrian,Firearm / Pistol,2,Leguna van,"Muggers armed with a firearm / pistol intercepted a pedestrian under the Motijheel footover bridge, fleeing with cash and bag.",ROAD,VERIFIED,0.93
DHK-2024-0408,2024-05-14,19:02,2024,5,Tuesday,19,Snatching,Badda - near the intersection approaching Rampura Bridge,ROAD_22,Pragiti Sarani (Badda Link to Rampura Bridge),Badda,Badda,23.767518,90.426702,The Daily Star,https://www.thedailystar.net/crime/incident-2024-05-0408,news,University student,Sharp knife (Chhuri),2,Leguna van,Reported incident of snatching involving a university student at near the intersection approaching Rampura Bridge. Suspects fled using a leguna van.,EXACT,VERIFIED,0.76
DHK-2024-1225,2024-05-16,10:09,2024,5,Thursday,10,Snatching,Tejgaon - near Tejgaon bus stop,ROAD_26,Tejgaon Industrial to Farmgate Link,Tejgaon,Tejgaon Industrial,23.759572,90.39316,bdnews24,https://bdnews24.com/bangladesh/incident-2024-05-1225,news,Rickshaw passenger,Sharp knife (Chhuri),2,Motorcycle (Pulsar/FZ),Police blotter recorded a swift snatching incident near Tejgaon bus stop during Thursday night hours.,INTERSECTION,PROBABLE,0.88
DHK-2024-0054,2024-05-17,01:53,2024,5,Friday,1,Mugging,Kalabagan - near the intersection approaching Russell Square / Dhanmondi 32,ROAD_02,Mirpur Road (Kalabagan to Russell Square),Kalabagan,Kalabagan,23.750634,90.378101,Daily Sun,https://www.daily-sun.com/post/crime/incident-2024-05-0054,news,University student,Sharp knife (Chhuri),3,Motorcycle (Pulsar/FZ),Police blotter recorded a swift snatching incident near the intersection approaching Russell Square / Dhanmondi 32 during Friday night hours.,ROAD,VERIFIED,0.83
DHK-2024-0986,2024-05-18,21:24,2024,5,Saturday,21,Snatching,Sayedabad - along the poorly lit section of Sayedabad to Jatrabari Flyover Entrance,ROAD_50,Sayedabad to Jatrabari Flyover Entrance,Sayedabad,Jatrabari,23.713324,90.432114,DMP Monthly Blotter,https://dmp.gov.bd/crime-statistics/incident-2024-05-0986,police_report,Motorcyclist,Sharp knife (Chhuri),2,Motorcycle (Pulsar/FZ),A motorcyclist had their smartphone snatched by 2 perpetrators on a motorcycle (pulsar/fz) along the poorly lit section of Sayedabad to Jatrabari Flyover Entrance around 21:24.,EXACT,VERIFIED,0.88
DHK-2024-0736,2024-05-19,19:49,2024,5,Sunday,19,Theft,Motijheel - near Motijheel bus stop,ROAD_49,Motijheel to Sayedabad Bus Terminal,Motijheel,Motijheel,23.72103,90.424376,Prothom Alo,https://en.prothomalo.com/bangladesh/crime-and-law/incident-2024-05-0736,news,Office worker,Paper cutter,4,Motorcycle (Pulsar/FZ),Police blotter recorded a swift snatching incident near Motijheel bus stop during Sunday night hours.,INTERSECTION,VERIFIED,0.84
DHK-2024-0537,2024-05-20,20:27,2024,5,Monday,20,Snatching,Baridhara - along the poorly lit section of Pragiti Sarani (Notun Bazar to Badda Link),ROAD_21,Pragiti Sarani (Notun Bazar to Badda Link),Baridhara,Bhatara,23.789925,90.426439,bdnews24,https://bdnews24.com/bangladesh/incident-2024-05-0537,news,Office worker,Sharp knife (Chhuri),2,Motorcycle (Pulsar/FZ),A office worker had their smartphone snatched by 2 perpetrators on a motorcycle (pulsar/fz) along the poorly lit section of Pragiti Sarani (Notun Bazar to Badda Link) around 20:27.,INTERSECTION,VERIFIED,0.87
DHK-2024-0930,2024-05-21,01:04,2024,5,Tuesday,1,Mugging,Kalabagan - in front of the commercial complex at Kalabagan,ROAD_02,Mirpur Road (Kalabagan to Russell Square),Kalabagan,Kalabagan,23.747397,90.37957,bdnews24,https://bdnews24.com/bangladesh/incident-2024-05-0930,news,Pedestrian,Pepper spray,2,Leguna van,A pedestrian had their smartphone snatched by 2 perpetrators on a leguna van in front of the commercial complex at Kalabagan around 01:04.,ROAD,VERIFIED,0.83
DHK-2024-0271,2024-05-21,14:48,2024,5,Tuesday,14,Mugging,Mohammadpur - along the poorly lit section of Mirpur Road (Asad Gate to Farmgate Connector),ROAD_06,Mirpur Road (Asad Gate to Farmgate Connector),Mohammadpur,Mohammadpur,23.75728,90.386169,The Business Standard,https://tbsnews.net/bangladesh/crime/incident-2024-05-0271,news,Female commuter,Sharp knife (Chhuri),4,On foot (sprint),Police blotter recorded a swift snatching incident along the poorly lit section of Mirpur Road (Asad Gate to Farmgate Connector) during Tuesday night hours.,ROAD,VERIFIED,0.85
DHK-2024-0040,2024-05-21,17:53,2024,5,Tuesday,17,Robbery,Sayedabad - along the poorly lit section of Sayedabad to Jatrabari Flyover Entrance,ROAD_50,Sayedabad to Jatrabari Flyover Entrance,Sayedabad,Jatrabari,23.712609,90.433201,The Business Standard,https://tbsnews.net/bangladesh/crime/incident-2024-05-0040,news,Rickshaw passenger,Unarmed / Speed snatch,2,On foot (sprint),A rickshaw passenger had their smartphone snatched by 2 perpetrators on a on foot (sprint) along the poorly lit section of Sayedabad to Jatrabari Flyover Entrance around 17:53.,ROAD,PROBABLE,0.91
DHK-2024-0306,2024-05-23,01:22,2024,5,Thursday,1,Mugging,Sayedabad - along the poorly lit section of Sayedabad to Jatrabari Flyover Entrance,ROAD_50,Sayedabad to Jatrabari Flyover Entrance,Sayedabad,Jatrabari,23.713144,90.431861,Daily Sun,https://www.daily-sun.com/post/crime/incident-2024-05-0306,news,Rickshaw passenger,Sharp knife (Chhuri),1,CNG auto-rickshaw,Police blotter recorded a swift snatching incident along the poorly lit section of Sayedabad to Jatrabari Flyover Entrance during Thursday night hours.,ROAD,VERIFIED,0.88
DHK-2024-0283,2024-05-23,23:35,2024,5,Thursday,23,Snatching,Gulshan - close to the Gulshan market square,ROAD_20,Madani Avenue (Gulshan-2 to Notun Bazar),Gulshan,Gulshan,23.796239,90.42108,The Business Standard,https://tbsnews.net/bangladesh/crime/incident-2024-05-0283,news,Pedestrian,Sharp knife (Chhuri),4,CNG auto-rickshaw,"Muggers armed with a sharp knife (chhuri) intercepted a pedestrian close to the Gulshan market square, fleeing with cash and bag.",ROAD,VERIFIED,0.87
DHK-2024-1084,2024-05-24,00:51,2024,5,Friday,0,Snatching,Rampura - near the intersection approaching Karwan Bazar Chottor,ROAD_23,Hatirjheel Bypass (Rampura to Karwan Bazar),Rampura,Rampura,23.755133,90.403931,The Daily Star,https://www.thedailystar.net/crime/incident-2024-05-1084,news,Female commuter,Firearm / Pistol,2,On foot (sprint),Reported incident of snatching involving a female commuter at near the intersection approaching Karwan Bazar Chottor. Suspects fled using a on foot (sprint).,INTERSECTION,VERIFIED,0.79
DHK-2024-0365,2024-05-24,01:14,2024,5,Friday,1,Snatching,Rampura - close to the Rampura market square,ROAD_24,Hatirjheel Expressway (Rampura to Mohakhali),Rampura,Rampura,23.772971,90.407939,bdnews24,https://bdnews24.com/bangladesh/incident-2024-05-0365,news,Motorcyclist,Sharp knife (Chhuri),3,CNG auto-rickshaw,"Muggers armed with a sharp knife (chhuri) intercepted a motorcyclist close to the Rampura market square, fleeing with cash and bag.",AREA,VERIFIED,0.77
DHK-2024-0896,2024-05-24,23:23,2024,5,Friday,23,Snatching,Shyamoli - under the Shyamoli footover bridge,ROAD_30,Mirpur Road (Shyamoli to Mirpur-1),Shyamoli,Adabor,23.782067,90.359155,DMP Monthly Blotter,https://dmp.gov.bd/crime-statistics/incident-2024-05-0896,police_report,University student,Sharp knife (Chhuri),4,On foot (sprint),A university student had their smartphone snatched by 4 perpetrators on a on foot (sprint) under the Shyamoli footover bridge around 23:23.,INTERSECTION,PROBABLE,0.98
DHK-2024-0946,2024-05-27,07:14,2024,5,Monday,7,Snatching,Kuril - near Kuril bus stop,ROAD_39,Airport Road (Kuril Flyover to Airport),Kuril,Khilkhet,23.833458,90.412976,Dhaka Tribune,https://www.dhakatribune.com/bangladesh/crime/incident-2024-05-0946,news,Motorcyclist,Firearm / Pistol,2,On foot (sprint),Police blotter recorded a swift snatching incident near Kuril bus stop during Monday night hours.,EXACT,VERIFIED,0.9
DHK-2024-0070,2024-05-27,18:01,2024,5,Monday,18,Theft,Mirpur - in front of the commercial complex at Mirpur,ROAD_34,Mirpur-1 to Gabtoli Highway,Mirpur,Mirpur,23.794273,90.353562,DMP Monthly Blotter,https://dmp.gov.bd/crime-statistics/incident-2024-05-0070,police_report,Motorcyclist,Sharp knife (Chhuri),1,Motorcycle (Pulsar/FZ),Reported incident of theft involving a motorcyclist at in front of the commercial complex at Mirpur. Suspects fled using a motorcycle (pulsar/fz).,AREA,PROBABLE,0.88
DHK-2024-1105,2024-05-27,18:07,2024,5,Monday,18,Robbery,Paltan - near Paltan bus stop,ROAD_51,Paltan to Sadarghat (Old Dhaka Arterial),Paltan,Paltan,23.729808,90.410232,Prothom Alo,https://en.prothomalo.com/bangladesh/crime-and-law/incident-2024-05-1105,news,Motorcyclist,Sharp knife (Chhuri),4,Motorcycle (Pulsar/FZ),"Muggers armed with a sharp knife (chhuri) intercepted a motorcyclist near Paltan bus stop, fleeing with cash and bag.",ROAD,VERIFIED,0.82
DHK-2024-0401,2024-05-29,22:12,2024,5,Wednesday,22,Theft,Mogbazar - in front of the commercial complex at Mogbazar,ROAD_46,Mogbazar to Mouchak Flyover,Mogbazar,Ramna,23.748307,90.409256,Daily Sun,https://www.daily-sun.com/post/crime/incident-2024-05-0401,news,Rickshaw passenger,Iron rod,4,Motorcycle (Pulsar/FZ),Reported incident of theft involving a rickshaw passenger at in front of the commercial complex at Mogbazar. Suspects fled using a motorcycle (pulsar/fz).,AREA,PROBABLE,0.92
DHK-2024-0886,2024-06-01,09:44,2024,6,Saturday,9,Theft,Karwan Bazar - in front of the commercial complex at Karwan Bazar,ROAD_08,Kazi Nazrul Islam Ave (Karwan Bazar to Shahbagh),Karwan Bazar,Tejgaon,23.748012,90.394469,bdnews24,https://bdnews24.com/bangladesh/incident-2024-06-0886,news,Motorcyclist,Sharp knife (Chhuri),2,Motorcycle (Pulsar/FZ),Police blotter recorded a swift snatching incident in front of the commercial complex at Karwan Bazar during Saturday night hours.,ROAD,VERIFIED,0.92
DHK-2024-0674,2024-06-02,09:02,2024,6,Sunday,9,Mugging,Agargaon - under the Agargaon footover bridge,ROAD_27,Begum Rokeya Sarani (Agargaon to Shewrapara),Agargaon,Sher-e-Bangla Nagar,23.778344,90.37552,Daily Sun,https://www.daily-sun.com/post/crime/incident-2024-06-0674,news,Pedestrian,Firearm / Pistol,3,Motorcycle (Pulsar/FZ),"Muggers armed with a firearm / pistol intercepted a pedestrian under the Agargaon footover bridge, fleeing with cash and bag.",INTERSECTION,UNCONFIRMED,0.54
DHK-2024-0150,2024-06-03,22:47,2024,6,Monday,22,Robbery,Mirpur - near Mirpur bus stop,ROAD_34,Mirpur-1 to Gabtoli Highway,Mirpur,Mirpur,23.794994,90.353793,The Business Standard,https://tbsnews.net/bangladesh/crime/incident-2024-06-0150,news,Office worker,Sharp knife (Chhuri),4,Motorcycle (Pulsar/FZ),Reported incident of robbery involving a office worker at near Mirpur bus stop. Suspects fled using a motorcycle (pulsar/fz).,ROAD,VERIFIED,0.78
DHK-2024-0088,2024-06-04,00:29,2024,6,Tuesday,0,Mugging,Mohammadpur - under the Mohammadpur footover bridge,ROAD_35,Mohammadpur Beribadh Outer Road,Mohammadpur,Mohammadpur,23.76211,90.347927,Prothom Alo,https://en.prothomalo.com/bangladesh/crime-and-law/incident-2024-06-0088,news,Office worker,Paper cutter,3,Motorcycle (Pulsar/FZ),A office worker had their smartphone snatched by 3 perpetrators on a motorcycle (pulsar/fz) under the Mohammadpur footover bridge around 00:29.,ROAD,PROBABLE,0.85
DHK-2024-0928,2024-06-04,19:43,2024,6,Tuesday,19,Snatching,Mohakhali - close to the Mohakhali market square,ROAD_37,Dhaka-Mymensingh Hwy (Mohakhali to Banani),Mohakhali,Banani,23.784565,90.402095,The Daily Star,https://www.thedailystar.net/crime/incident-2024-06-0928,news,Office worker,Sharp knife (Chhuri),4,Motorcycle (Pulsar/FZ),"Muggers armed with a sharp knife (chhuri) intercepted a office worker close to the Mohakhali market square, fleeing with cash and bag.",AREA,VERIFIED,0.91
DHK-2024-0369,2024-06-07,19:49,2024,6,Friday,19,Snatching,Nilkhet - near Nilkhet bus stop,ROAD_52,New Market to Sadarghat Riverfront Connector,Nilkhet,New Market,23.719361,90.399269,The Business Standard,https://tbsnews.net/bangladesh/crime/incident-2024-06-0369,news,Pedestrian,Paper cutter,4,Motorcycle (Pulsar/FZ),A pedestrian had their smartphone snatched by 4 perpetrators on a motorcycle (pulsar/fz) near Nilkhet bus stop around 19:49.,ROAD,VERIFIED,0.91
DHK-2024-0727,2024-06-08,09:04,2024,6,Saturday,9,Snatching,Malibagh - near the intersection approaching Kakrail Mosque Mor,ROAD_48,Mouchak to Kakrail Road,Malibagh,Shahjahanpur,23.745973,90.410971,Dhaka Tribune,https://www.dhakatribune.com/bangladesh/crime/incident-2024-06-0727,news,University student,Firearm / Pistol,2,CNG auto-rickshaw,A university student had their smartphone snatched by 2 perpetrators on a cng auto-rickshaw near the intersection approaching Kakrail Mosque Mor around 09:04.,EXACT,VERIFIED,0.75
DHK-2024-0191,2024-06-09,20:47,2024,6,Sunday,20,Snatching,Mirpur - under the Mirpur footover bridge,ROAD_31,Mirpur-1 to Mirpur-10 Connector,Mirpur,Mirpur,23.80057,90.36097,DMP Monthly Blotter,https://dmp.gov.bd/crime-statistics/incident-2024-06-0191,police_report,Office worker,Iron rod,2,Private car,A office worker had their smartphone snatched by 2 perpetrators on a private car under the Mirpur footover bridge around 20:47.,ROAD,VERIFIED,0.89
DHK-2024-0971,2024-06-11,11:55,2024,6,Tuesday,11,Snatching,Malibagh - close to the Malibagh market square,ROAD_47,Mouchak to Khilgaon Flyover,Malibagh,Shahjahanpur,23.750194,90.418525,bdnews24,https://bdnews24.com/bangladesh/incident-2024-06-0971,news,Rickshaw passenger,Sharp knife (Chhuri),2,Motorcycle (Pulsar/FZ),"Muggers armed with a sharp knife (chhuri) intercepted a rickshaw passenger close to the Malibagh market square, fleeing with cash and bag.",INTERSECTION,UNCONFIRMED,0.62
DHK-2024-0338,2024-06-12,00:20,2024,6,Wednesday,0,Snatching,Farmgate - near the intersection approaching Karwan Bazar Chottor,ROAD_07,Kazi Nazrul Islam Ave (Farmgate to Karwan Bazar),Farmgate,Tejgaon,23.75233,90.39313,bdnews24,https://bdnews24.com/bangladesh/incident-2024-06-0338,news,Motorcyclist,Sharp knife (Chhuri),2,Motorcycle (Pulsar/FZ),Reported incident of snatching involving a motorcyclist at near the intersection approaching Karwan Bazar Chottor. Suspects fled using a motorcycle (pulsar/fz).,INTERSECTION,VERIFIED,0.95
DHK-2024-0573,2024-06-12,10:58,2024,6,Wednesday,10,Snatching,Farmgate - along the poorly lit section of Kazi Nazrul Islam Ave (Farmgate to Karwan Bazar),ROAD_07,Kazi Nazrul Islam Ave (Farmgate to Karwan Bazar),Farmgate,Tejgaon,23.754847,90.391122,Prothom Alo,https://en.prothomalo.com/bangladesh/crime-and-law/incident-2024-06-0573,news,Small shopkeeper,Sharp knife (Chhuri),2,On foot (sprint),Police blotter recorded a swift snatching incident along the poorly lit section of Kazi Nazrul Islam Ave (Farmgate to Karwan Bazar) during Wednesday night hours.,EXACT,VERIFIED,0.76
DHK-2024-0358,2024-06-13,21:46,2024,6,Thursday,21,Mugging,Rampura - near Rampura bus stop,ROAD_24,Hatirjheel Expressway (Rampura to Mohakhali),Rampura,Rampura,23.774921,90.405101,The Business Standard,https://tbsnews.net/bangladesh/crime/incident-2024-06-0358,news,Female commuter,Firearm / Pistol,4,Private car,"Muggers armed with a firearm / pistol intercepted a female commuter near Rampura bus stop, fleeing with cash and bag.",EXACT,VERIFIED,0.83
DHK-2024-1137,2024-06-14,01:16,2024,6,Friday,1,Theft,Mirpur - near the intersection approaching Mirpur 11 Bus Stand,ROAD_32,Mirpur-10 to Mirpur-11 Strip,Mirpur,Mirpur,23.807384,90.368669,DMP Monthly Blotter,https://dmp.gov.bd/crime-statistics/incident-2024-06-1137,police_report,Office worker,Firearm / Pistol,1,On foot (sprint),"Muggers armed with a firearm / pistol intercepted a office worker near the intersection approaching Mirpur 11 Bus Stand, fleeing with cash and bag.",ROAD,VERIFIED,0.83
DHK-2024-0607,2024-06-14,16:06,2024,6,Friday,16,Snatching,Shahbagh - along the poorly lit section of Shahbagh to Kakrail VIP Road,ROAD_42,Shahbagh to Kakrail VIP Road,Shahbagh,Shahbagh,23.738549,90.39623,Daily Sun,https://www.daily-sun.com/post/crime/incident-2024-06-0607,news,University student,Unarmed / Speed snatch,1,Motorcycle (Pulsar/FZ),"Muggers armed with a unarmed / speed snatch intercepted a university student along the poorly lit section of Shahbagh to Kakrail VIP Road, fleeing with cash and bag.",EXACT,VERIFIED,0.9
DHK-2024-1016,2024-06-15,00:11,2024,6,Saturday,0,Snatching,Dhanmondi - under the Dhanmondi footover bridge,ROAD_05,Dhanmondi 27 Inner Connector,Dhanmondi,Dhanmondi,23.758786,90.364061,Prothom Alo,https://en.prothomalo.com/bangladesh/crime-and-law/incident-2024-06-1016,news,Small shopkeeper,Unarmed / Speed snatch,2,Motorcycle (Pulsar/FZ),"Muggers armed with a unarmed / speed snatch intercepted a small shopkeeper under the Dhanmondi footover bridge, fleeing with cash and bag.",ROAD,PROBABLE,0.83
DHK-2024-1157,2024-06-15,23:38,2024,6,Saturday,23,Robbery,Mirpur - near the intersection approaching Mirpur 11 Bus Stand,ROAD_32,Mirpur-10 to Mirpur-11 Strip,Mirpur,Mirpur,23.815543,90.366716,Dhaka Tribune,https://www.dhakatribune.com/bangladesh/crime/incident-2024-06-1157,news,Pedestrian,Unarmed / Speed snatch,2,Motorcycle (Pulsar/FZ),"Muggers armed with a unarmed / speed snatch intercepted a pedestrian near the intersection approaching Mirpur 11 Bus Stand, fleeing with cash and bag.",EXACT,VERIFIED,0.76
DHK-2024-0046,2024-06-16,14:24,2024,6,Sunday,14,Snatching,Mohammadpur - close to the Mohammadpur market square,ROAD_35,Mohammadpur Beribadh Outer Road,Mohammadpur,Mohammadpur,23.764466,90.347575,bdnews24,https://bdnews24.com/bangladesh/incident-2024-06-0046,news,Female commuter,Sharp knife (Chhuri),2,Motorcycle (Pulsar/FZ),A female commuter had their smartphone snatched by 2 perpetrators on a motorcycle (pulsar/fz) close to the Mohammadpur market square around 14:24.,INTERSECTION,VERIFIED,0.86
DHK-2024-0688,2024-06-19,05:34,2024,6,Wednesday,5,Theft,Motijheel - near Motijheel bus stop,ROAD_49,Motijheel to Sayedabad Bus Terminal,Motijheel,Motijheel,23.723421,90.422808,Daily Sun,https://www.daily-sun.com/post/crime/incident-2024-06-0688,news,Pedestrian,Sharp knife (Chhuri),2,Motorcycle (Pulsar/FZ),Police blotter recorded a swift snatching incident near Motijheel bus stop during Wednesday night hours.,ROAD,PROBABLE,0.85
DHK-2024-0829,2024-06-20,23:58,2024,6,Thursday,23,Pickpocketing,Farmgate - close to the Farmgate market square,ROAD_07,Kazi Nazrul Islam Ave (Farmgate to Karwan Bazar),Farmgate,Tejgaon,23.756652,90.389448,The Business Standard,https://tbsnews.net/bangladesh/crime/incident-2024-06-0829,news,Small shopkeeper,Sharp knife (Chhuri),1,Motorcycle (Pulsar/FZ),"Muggers armed with a sharp knife (chhuri) intercepted a small shopkeeper close to the Farmgate market square, fleeing with cash and bag.",EXACT,VERIFIED,0.82
DHK-2024-0516,2024-06-21,21:05,2024,6,Friday,21,Snatching,Dhanmondi - near the intersection approaching New Market Nilkhet,ROAD_10,Science Lab to Nilkhet / New Market,Dhanmondi,New Market,23.73687,90.383818,Daily Sun,https://www.daily-sun.com/post/crime/incident-2024-06-0516,news,Rickshaw passenger,Unarmed / Speed snatch,2,Private car,"Muggers armed with a unarmed / speed snatch intercepted a rickshaw passenger near the intersection approaching New Market Nilkhet, fleeing with cash and bag.",INTERSECTION,VERIFIED,0.86
DHK-2024-1195,2024-06-22,04:36,2024,6,Saturday,4,Mugging,Dhanmondi - near the intersection approaching Mohammadpur Town Hall,ROAD_05,Dhanmondi 27 Inner Connector,Dhanmondi,Dhanmondi,23.754184,90.369116,Daily Sun,https://www.daily-sun.com/post/crime/incident-2024-06-1195,news,University student,Sharp knife (Chhuri),2,Motorcycle (Pulsar/FZ),Reported incident of mugging involving a university student at near the intersection approaching Mohammadpur Town Hall. Suspects fled using a motorcycle (pulsar/fz).,INTERSECTION,VERIFIED,0.97
DHK-2024-0465,2024-06-22,19:15,2024,6,Saturday,19,Robbery,Motijheel - under the Motijheel footover bridge,ROAD_49,Motijheel to Sayedabad Bus Terminal,Motijheel,Motijheel,23.724408,90.421869,Dhaka Tribune,https://www.dhakatribune.com/bangladesh/crime/incident-2024-06-0465,news,University student,Sharp knife (Chhuri),2,On foot (sprint),Police blotter recorded a swift snatching incident under the Motijheel footover bridge during Saturday night hours.,EXACT,VERIFIED,0.91
DHK-2024-0731,2024-06-23,22:39,2024,6,Sunday,22,Robbery,Nilkhet - in front of the commercial complex at Nilkhet,ROAD_52,New Market to Sadarghat Riverfront Connector,Nilkhet,New Market,23.712516,90.407239,bdnews24,https://bdnews24.com/bangladesh/incident-2024-06-0731,news,Rickshaw passenger,Pepper spray,2,Motorcycle (Pulsar/FZ),Police blotter recorded a swift snatching incident in front of the commercial complex at Nilkhet during Sunday night hours.,INTERSECTION,VERIFIED,0.93
DHK-2024-0021,2024-06-24,09:32,2024,6,Monday,9,Robbery,Nilkhet - close to the Nilkhet market square,ROAD_52,New Market to Sadarghat Riverfront Connector,Nilkhet,New Market,23.72103,90.397887,The Daily Star,https://www.thedailystar.net/crime/incident-2024-06-0021,news,Office worker,Sharp knife (Chhuri),2,Motorcycle (Pulsar/FZ),A office worker had their smartphone snatched by 2 perpetrators on a motorcycle (pulsar/fz) close to the Nilkhet market square around 09:32.,EXACT,VERIFIED,0.75
DHK-2024-0068,2024-06-28,00:52,2024,6,Friday,0,Pickpocketing,Nilkhet - close to the Nilkhet market square,ROAD_52,New Market to Sadarghat Riverfront Connector,Nilkhet,New Market,23.72918,90.388158,DMP Monthly Blotter,https://dmp.gov.bd/crime-statistics/incident-2024-06-0068,police_report,Office worker,Sharp knife (Chhuri),3,CNG auto-rickshaw,Police blotter recorded a swift snatching incident close to the Nilkhet market square during Friday night hours.,INTERSECTION,UNCONFIRMED,0.52
DHK-2024-0503,2024-06-28,23:33,2024,6,Friday,23,Snatching,Motijheel - near Motijheel bus stop,ROAD_49,Motijheel to Sayedabad Bus Terminal,Motijheel,Motijheel,23.726734,90.41933,Dhaka Tribune,https://www.dhakatribune.com/bangladesh/crime/incident-2024-06-0503,news,Motorcyclist,Sharp knife (Chhuri),1,Motorcycle (Pulsar/FZ),"Muggers armed with a sharp knife (chhuri) intercepted a motorcyclist near Motijheel bus stop, fleeing with cash and bag.",EXACT,VERIFIED,0.87
DHK-2024-0641,2024-07-01,16:32,2024,7,Monday,16,Robbery,Shahbagh - near the intersection approaching Science Laboratory Intersection,ROAD_09,Shahbagh to Science Lab (Elephant Road),Shahbagh,Shahbagh,23.739142,90.387139,Prothom Alo,https://en.prothomalo.com/bangladesh/crime-and-law/incident-2024-07-0641,news,University student,Firearm / Pistol,2,Motorcycle (Pulsar/FZ),A university student had their smartphone snatched by 2 perpetrators on a motorcycle (pulsar/fz) near the intersection approaching Science Laboratory Intersection around 16:32.,ROAD,VERIFIED,0.86
DHK-2024-0115,2024-07-01,22:01,2024,7,Monday,22,Mugging,Mohammadpur - under the Mohammadpur footover bridge,ROAD_35,Mohammadpur Beribadh Outer Road,Mohammadpur,Mohammadpur,23.760354,90.347705,Prothom Alo,https://en.prothomalo.com/bangladesh/crime-and-law/incident-2024-07-0115,news,Female commuter,Sharp knife (Chhuri),1,On foot (sprint),"Muggers armed with a sharp knife (chhuri) intercepted a female commuter under the Mohammadpur footover bridge, fleeing with cash and bag.",INTERSECTION,VERIFIED,0.88
DHK-2024-1185,2024-07-03,17:44,2024,7,Wednesday,17,Pickpocketing,Dhanmondi - under the Dhanmondi footover bridge,ROAD_05,Dhanmondi 27 Inner Connector,Dhanmondi,Dhanmondi,23.754781,90.368287,bdnews24,https://bdnews24.com/bangladesh/incident-2024-07-1185,news,Female commuter,Paper cutter,4,Motorcycle (Pulsar/FZ),Reported incident of pickpocketing involving a female commuter at under the Dhanmondi footover bridge. Suspects fled using a motorcycle (pulsar/fz).,EXACT,PROBABLE,0.86
DHK-2024-1222,2024-07-05,14:36,2024,7,Friday,14,Snatching,Badda - near the intersection approaching Rampura Bridge,ROAD_22,Pragiti Sarani (Badda Link to Rampura Bridge),Badda,Badda,23.771626,90.427305,Prothom Alo,https://en.prothomalo.com/bangladesh/crime-and-law/incident-2024-07-1222,news,Motorcyclist,Unarmed / Speed snatch,4,Motorcycle (Pulsar/FZ),"Muggers armed with a unarmed / speed snatch intercepted a motorcyclist near the intersection approaching Rampura Bridge, fleeing with cash and bag.",INTERSECTION,VERIFIED,0.97
DHK-2024-0459,2024-07-05,21:11,2024,7,Friday,21,Snatching,Motijheel - under the Motijheel footover bridge,ROAD_49,Motijheel to Sayedabad Bus Terminal,Motijheel,Motijheel,23.715771,90.429664,bdnews24,https://bdnews24.com/bangladesh/incident-2024-07-0459,news,Office worker,Paper cutter,2,Motorcycle (Pulsar/FZ),"Muggers armed with a paper cutter intercepted a office worker under the Motijheel footover bridge, fleeing with cash and bag.",ROAD,VERIFIED,0.95
DHK-2024-1083,2024-07-08,05:09,2024,7,Monday,5,Robbery,Dhanmondi - near Dhanmondi bus stop,ROAD_01,Mirpur Road (Science Lab to Kalabagan),Dhanmondi,New Market,23.745791,90.380065,The Daily Star,https://www.thedailystar.net/crime/incident-2024-07-1083,news,Female commuter,Pepper spray,2,Leguna van,Police blotter recorded a swift snatching incident near Dhanmondi bus stop during Monday night hours.,ROAD,VERIFIED,0.96
DHK-2024-1189,2024-07-09,21:33,2024,7,Tuesday,21,Theft,Motijheel - near the intersection approaching Sayedabad Bus Terminal,ROAD_49,Motijheel to Sayedabad Bus Terminal,Motijheel,Motijheel,23.723704,90.422585,Dhaka Tribune,https://www.dhakatribune.com/bangladesh/crime/incident-2024-07-1189,news,Rickshaw passenger,Firearm / Pistol,2,Motorcycle (Pulsar/FZ),"Muggers armed with a firearm / pistol intercepted a rickshaw passenger near the intersection approaching Sayedabad Bus Terminal, fleeing with cash and bag.",ROAD,VERIFIED,0.93
DHK-2024-1044,2024-07-10,10:52,2024,7,Wednesday,10,Theft,Tejgaon - close to the Tejgaon market square,ROAD_25,Tejgaon-Gulshan Link Road,Tejgaon,Tejgaon Industrial,23.768823,90.406775,Dhaka Tribune,https://www.dhakatribune.com/bangladesh/crime/incident-2024-07-1044,news,Motorcyclist,Sharp knife (Chhuri),2,Leguna van,A motorcyclist had their smartphone snatched by 2 perpetrators on a leguna van close to the Tejgaon market square around 10:52.,ROAD,VERIFIED,0.85
DHK-2024-0378,2024-07-10,11:53,2024,7,Wednesday,11,Snatching,Mohammadpur - near Mohammadpur bus stop,ROAD_36,Town Hall to Beribadh Link,Mohammadpur,Mohammadpur,23.758405,90.357148,The Business Standard,https://tbsnews.net/bangladesh/crime/incident-2024-07-0378,news,Small shopkeeper,Unarmed / Speed snatch,2,On foot (sprint),"Muggers armed with a unarmed / speed snatch intercepted a small shopkeeper near Mohammadpur bus stop, fleeing with cash and bag.",EXACT,VERIFIED,0.91
DHK-2024-0485,2024-07-11,20:44,2024,7,Thursday,20,Snatching,Dhanmondi - under the Dhanmondi footover bridge,ROAD_03,Mirpur Road (Russell Square to Asad Gate),Dhanmondi,Dhanmondi,23.755957,90.373477,The Daily Star,https://www.thedailystar.net/crime/incident-2024-07-0485,news,Motorcyclist,Unarmed / Speed snatch,1,CNG auto-rickshaw,A motorcyclist had their smartphone snatched by 1 perpetrators on a cng auto-rickshaw under the Dhanmondi footover bridge around 20:44.,INTERSECTION,PROBABLE,0.81
DHK-2024-0044,2024-07-12,18:27,2024,7,Friday,18,Robbery,Mirpur - under the Mirpur footover bridge,ROAD_31,Mirpur-1 to Mirpur-10 Connector,Mirpur,Mirpur,23.800761,90.361143,Daily Sun,https://www.daily-sun.com/post/crime/incident-2024-07-0044,news,University student,Pepper spray,4,Private car,Police blotter recorded a swift snatching incident under the Mirpur footover bridge during Friday night hours.,INTERSECTION,VERIFIED,0.96
DHK-2024-0735,2024-07-12,23:36,2024,7,Friday,23,Robbery,Mohammadpur - under the Mohammadpur footover bridge,ROAD_35,Mohammadpur Beribadh Outer Road,Mohammadpur,Mohammadpur,23.780887,90.347159,The Daily Star,https://www.thedailystar.net/crime/incident-2024-07-0735,news,Motorcyclist,Sharp knife (Chhuri),3,On foot (sprint),Police blotter recorded a swift snatching incident under the Mohammadpur footover bridge during Friday night hours.,ROAD,VERIFIED,0.96
DHK-2024-0954,2024-07-14,09:12,2024,7,Sunday,9,Snatching,Mogbazar - along the poorly lit section of Mogbazar to Mouchak Flyover,ROAD_46,Mogbazar to Mouchak Flyover,Mogbazar,Ramna,23.747168,90.411109,The Daily Star,https://www.thedailystar.net/crime/incident-2024-07-0954,news,Small shopkeeper,Sharp knife (Chhuri),1,CNG auto-rickshaw,Police blotter recorded a swift snatching incident along the poorly lit section of Mogbazar to Mouchak Flyover during Sunday night hours.,INTERSECTION,VERIFIED,0.87
DHK-2024-1077,2024-07-14,17:56,2024,7,Sunday,17,Theft,Tejgaon - in front of the commercial complex at Tejgaon,ROAD_12,Jahangir Gate VIP Link,Tejgaon,Tejgaon,23.769475,90.391195,DMP Monthly Blotter,https://dmp.gov.bd/crime-statistics/incident-2024-07-1077,police_report,Rickshaw passenger,Pepper spray,2,CNG auto-rickshaw,Reported incident of theft involving a rickshaw passenger at in front of the commercial complex at Tejgaon. Suspects fled using a cng auto-rickshaw.,INTERSECTION,VERIFIED,0.95
DHK-2024-0462,2024-07-16,02:31,2024,7,Tuesday,2,Snatching,Badda - under the Badda footover bridge,ROAD_22,Pragiti Sarani (Badda Link to Rampura Bridge),Badda,Badda,23.775379,90.427958,bdnews24,https://bdnews24.com/bangladesh/incident-2024-07-0462,news,Rickshaw passenger,Firearm / Pistol,3,On foot (sprint),A rickshaw passenger had their smartphone snatched by 3 perpetrators on a on foot (sprint) under the Badda footover bridge around 02:31.,EXACT,VERIFIED,0.87
DHK-2024-0840,2024-07-16,15:12,2024,7,Tuesday,15,Snatching,Malibagh - near the intersection approaching Khilgaon Taltola,ROAD_47,Mouchak to Khilgaon Flyover,Malibagh,Shahjahanpur,23.750827,90.419914,Daily Sun,https://www.daily-sun.com/post/crime/incident-2024-07-0840,news,Office worker,Unarmed / Speed snatch,4,On foot (sprint),Reported incident of snatching involving a office worker at near the intersection approaching Khilgaon Taltola. Suspects fled using a on foot (sprint).,INTERSECTION,VERIFIED,0.75
DHK-2024-0211,2024-07-18,20:12,2024,7,Thursday,20,Theft,Mirpur - near the intersection approaching Mirpur 11 Bus Stand,ROAD_32,Mirpur-10 to Mirpur-11 Strip,Mirpur,Mirpur,23.817447,90.365924,Daily Sun,https://www.daily-sun.com/post/crime/incident-2024-07-0211,news,Office worker,Sharp knife (Chhuri),2,Motorcycle (Pulsar/FZ),A office worker had their smartphone snatched by 2 perpetrators on a motorcycle (pulsar/fz) near the intersection approaching Mirpur 11 Bus Stand around 20:12.,ROAD,PROBABLE,0.81
DHK-2024-1068,2024-07-18,21:14,2024,7,Thursday,21,Snatching,Baridhara - in front of the commercial complex at Baridhara,ROAD_21,Pragiti Sarani (Notun Bazar to Badda Link),Baridhara,Bhatara,23.780526,90.428008,bdnews24,https://bdnews24.com/bangladesh/incident-2024-07-1068,news,Pedestrian,Unarmed / Speed snatch,2,Motorcycle (Pulsar/FZ),Reported incident of snatching involving a pedestrian at in front of the commercial complex at Baridhara. Suspects fled using a motorcycle (pulsar/fz).,INTERSECTION,VERIFIED,0.86
DHK-2024-1135,2024-07-19,16:16,2024,7,Friday,16,Snatching,Badda - in front of the commercial complex at Badda,ROAD_22,Pragiti Sarani (Badda Link to Rampura Bridge),Badda,Badda,23.764567,90.425971,Dhaka Tribune,https://www.dhakatribune.com/bangladesh/crime/incident-2024-07-1135,news,Small shopkeeper,Paper cutter,3,Leguna van,A small shopkeeper had their smartphone snatched by 3 perpetrators on a leguna van in front of the commercial complex at Badda around 16:16.,EXACT,VERIFIED,0.8
DHK-2024-0959,2024-07-19,18:13,2024,7,Friday,18,Mugging,Sayedabad - near Sayedabad bus stop,ROAD_50,Sayedabad to Jatrabari Flyover Entrance,Sayedabad,Jatrabari,23.712415,90.432685,The Business Standard,https://tbsnews.net/bangladesh/crime/incident-2024-07-0959,news,Office worker,Unarmed / Speed snatch,3,Motorcycle (Pulsar/FZ),A office worker had their smartphone snatched by 3 perpetrators on a motorcycle (pulsar/fz) near Sayedabad bus stop around 18:13.,EXACT,VERIFIED,0.88
DHK-2024-0452,2024-07-19,21:49,2024,7,Friday,21,Snatching,Dhanmondi - in front of the commercial complex at Dhanmondi,ROAD_05,Dhanmondi 27 Inner Connector,Dhanmondi,Dhanmondi,23.756158,90.366867,Dhaka Tribune,https://www.dhakatribune.com/bangladesh/crime/incident-2024-07-0452,news,Motorcyclist,Sharp knife (Chhuri),1,Motorcycle (Pulsar/FZ),A motorcyclist had their smartphone snatched by 1 perpetrators on a motorcycle (pulsar/fz) in front of the commercial complex at Dhanmondi around 21:49.,INTERSECTION,VERIFIED,0.96
DHK-2024-0492,2024-07-19,23:37,2024,7,Friday,23,Theft,Mirpur - along the poorly lit section of Mirpur-10 to Mirpur-11 Strip,ROAD_32,Mirpur-10 to Mirpur-11 Strip,Mirpur,Mirpur,23.80849,90.367906,The Daily Star,https://www.thedailystar.net/crime/incident-2024-07-0492,news,Motorcyclist,Sharp knife (Chhuri),4,Motorcycle (Pulsar/FZ),"Muggers armed with a sharp knife (chhuri) intercepted a motorcyclist along the poorly lit section of Mirpur-10 to Mirpur-11 Strip, fleeing with cash and bag.",EXACT,UNCONFIRMED,0.57
DHK-2024-0354,2024-07-21,22:16,2024,7,Sunday,22,Mugging,Nilkhet - under the Nilkhet footover bridge,ROAD_52,New Market to Sadarghat Riverfront Connector,Nilkhet,New Market,23.716868,90.402462,Dhaka Tribune,https://www.dhakatribune.com/bangladesh/crime/incident-2024-07-0354,news,Rickshaw passenger,Firearm / Pistol,3,CNG auto-rickshaw,A rickshaw passenger had their smartphone snatched by 3 perpetrators on a cng auto-rickshaw under the Nilkhet footover bridge around 22:16.,EXACT,PROBABLE,0.94
DHK-2024-0663,2024-07-21,23:31,2024,7,Sunday,23,Snatching,Farmgate - along the poorly lit section of Kazi Nazrul Islam Ave (Farmgate to Karwan Bazar),ROAD_07,Kazi Nazrul Islam Ave (Farmgate to Karwan Bazar),Farmgate,Tejgaon,23.751371,90.393921,DMP Monthly Blotter,https://dmp.gov.bd/crime-statistics/incident-2024-07-0663,police_report,University student,Paper cutter,3,CNG auto-rickshaw,Reported incident of snatching involving a university student at along the poorly lit section of Kazi Nazrul Islam Ave (Farmgate to Karwan Bazar). Suspects fled using a cng auto-rickshaw.,ROAD,PROBABLE,0.89
DHK-2024-0927,2024-07-22,00:08,2024,7,Monday,0,Snatching,Mirpur - under the Mirpur footover bridge,ROAD_34,Mirpur-1 to Gabtoli Highway,Mirpur,Mirpur,23.786933,90.348926,Prothom Alo,https://en.prothomalo.com/bangladesh/crime-and-law/incident-2024-07-0927,news,University student,Firearm / Pistol,4,Private car,Police blotter recorded a swift snatching incident under the Mirpur footover bridge during Monday night hours.,INTERSECTION,VERIFIED,0.85
DHK-2024-0967,2024-07-22,10:59,2024,7,Monday,10,Mugging,Shahbagh - near the intersection approaching Science Laboratory Intersection,ROAD_09,Shahbagh to Science Lab (Elephant Road),Shahbagh,Shahbagh,23.739117,90.393809,Dhaka Tribune,https://www.dhakatribune.com/bangladesh/crime/incident-2024-07-0967,news,Small shopkeeper,Unarmed / Speed snatch,2,Private car,A small shopkeeper had their smartphone snatched by 2 perpetrators on a private car near the intersection approaching Science Laboratory Intersection around 10:59.,EXACT,PROBABLE,0.75
DHK-2024-1207,2024-07-22,15:54,2024,7,Monday,15,Snatching,Mirpur - in front of the commercial complex at Mirpur,ROAD_34,Mirpur-1 to Gabtoli Highway,Mirpur,Mirpur,23.792932,90.352351,Daily Sun,https://www.daily-sun.com/post/crime/incident-2024-07-1207,news,Office worker,Paper cutter,2,On foot (sprint),"Muggers armed with a paper cutter intercepted a office worker in front of the commercial complex at Mirpur, fleeing with cash and bag.",ROAD,VERIFIED,0.96
DHK-2024-0684,2024-07-24,18:48,2024,7,Wednesday,18,Snatching,Dhanmondi - along the poorly lit section of Science Lab to Nilkhet / New Market,ROAD_10,Science Lab to Nilkhet / New Market,Dhanmondi,New Market,23.734911,90.383721,Daily Sun,https://www.daily-sun.com/post/crime/incident-2024-07-0684,news,Small shopkeeper,Sharp knife (Chhuri),4,Motorcycle (Pulsar/FZ),Reported incident of snatching involving a small shopkeeper at along the poorly lit section of Science Lab to Nilkhet / New Market. Suspects fled using a motorcycle (pulsar/fz).,ROAD,PROBABLE,0.86
DHK-2024-1252,2024-07-25,08:20,2024,7,Thursday,8,Robbery,Baridhara - close to the Baridhara market square,ROAD_21,Pragiti Sarani (Notun Bazar to Badda Link),Baridhara,Bhatara,23.782783,90.427749,The Business Standard,https://tbsnews.net/bangladesh/crime/incident-2024-07-1252,news,Office worker,Sharp knife (Chhuri),4,On foot (sprint),Police blotter recorded a swift snatching incident close to the Baridhara market square during Thursday night hours.,INTERSECTION,PROBABLE,0.8
DHK-2024-0312,2024-07-26,20:24,2024,7,Friday,20,Robbery,Mirpur - near the intersection approaching Gabtoli Bus Terminal,ROAD_34,Mirpur-1 to Gabtoli Highway,Mirpur,Mirpur,23.79331,90.35327,DMP Monthly Blotter,https://dmp.gov.bd/crime-statistics/incident-2024-07-0312,police_report,Rickshaw passenger,Sharp knife (Chhuri),4,Motorcycle (Pulsar/FZ),A rickshaw passenger had their smartphone snatched by 4 perpetrators on a motorcycle (pulsar/fz) near the intersection approaching Gabtoli Bus Terminal around 20:24.,EXACT,VERIFIED,0.98
DHK-2024-0415,2024-07-30,00:48,2024,7,Tuesday,0,Snatching,Tejgaon - near the intersection approaching Gulshan 1 Circle,ROAD_25,Tejgaon-Gulshan Link Road,Tejgaon,Tejgaon Industrial,23.777681,90.416279,The Daily Star,https://www.thedailystar.net/crime/incident-2024-07-0415,news,University student,Pepper spray,2,Motorcycle (Pulsar/FZ),"Muggers armed with a pepper spray intercepted a university student near the intersection approaching Gulshan 1 Circle, fleeing with cash and bag.",INTERSECTION,VERIFIED,0.78
DHK-2024-0933,2024-07-31,23:35,2024,7,Wednesday,23,Snatching,Dhanmondi - under the Dhanmondi footover bridge,ROAD_05,Dhanmondi 27 Inner Connector,Dhanmondi,Dhanmondi,23.75493,90.367577,Prothom Alo,https://en.prothomalo.com/bangladesh/crime-and-law/incident-2024-07-0933,news,Small shopkeeper,Unarmed / Speed snatch,2,Motorcycle (Pulsar/FZ),Reported incident of snatching involving a small shopkeeper at under the Dhanmondi footover bridge. Suspects fled using a motorcycle (pulsar/fz).,ROAD,VERIFIED,0.94
DHK-2024-0079,2024-08-02,20:46,2024,8,Friday,20,Robbery,Farmgate - along the poorly lit section of Kazi Nazrul Islam Ave (Farmgate to Karwan Bazar),ROAD_07,Kazi Nazrul Islam Ave (Farmgate to Karwan Bazar),Farmgate,Tejgaon,23.75544,90.390873,bdnews24,https://bdnews24.com/bangladesh/incident-2024-08-0079,news,Small shopkeeper,Pepper spray,2,Motorcycle (Pulsar/FZ),Police blotter recorded a swift snatching incident along the poorly lit section of Kazi Nazrul Islam Ave (Farmgate to Karwan Bazar) during Friday night hours.,ROAD,VERIFIED,0.83
DHK-2024-1051,2024-08-05,00:08,2024,8,Monday,0,Robbery,Baridhara - in front of the commercial complex at Baridhara,ROAD_21,Pragiti Sarani (Notun Bazar to Badda Link),Baridhara,Bhatara,23.781188,90.428152,DMP Monthly Blotter,https://dmp.gov.bd/crime-statistics/incident-2024-08-1051,police_report,Pedestrian,Firearm / Pistol,2,Motorcycle (Pulsar/FZ),A pedestrian had their smartphone snatched by 2 perpetrators on a motorcycle (pulsar/fz) in front of the commercial complex at Baridhara around 00:08.,ROAD,UNCONFIRMED,0.51
DHK-2024-0778,2024-08-05,16:42,2024,8,Monday,16,Snatching,Motijheel - in front of the commercial complex at Motijheel,ROAD_49,Motijheel to Sayedabad Bus Terminal,Motijheel,Motijheel,23.717819,90.427736,The Business Standard,https://tbsnews.net/bangladesh/crime/incident-2024-08-0778,news,University student,Sharp knife (Chhuri),3,Private car,"Muggers armed with a sharp knife (chhuri) intercepted a university student in front of the commercial complex at Motijheel, fleeing with cash and bag.",EXACT,VERIFIED,0.77
DHK-2024-0162,2024-08-07,13:44,2024,8,Wednesday,13,Snatching,Rampura - under the Rampura footover bridge,ROAD_24,Hatirjheel Expressway (Rampura to Mohakhali),Rampura,Rampura,23.776359,90.402362,Daily Sun,https://www.daily-sun.com/post/crime/incident-2024-08-0162,news,Pedestrian,Pepper spray,2,Motorcycle (Pulsar/FZ),Police blotter recorded a swift snatching incident under the Rampura footover bridge during Wednesday night hours.,EXACT,VERIFIED,0.98
DHK-2024-0472,2024-08-09,13:29,2024,8,Friday,13,Mugging,Dhanmondi - in front of the commercial complex at Dhanmondi,ROAD_05,Dhanmondi 27 Inner Connector,Dhanmondi,Dhanmondi,23.757446,90.365052,Daily Sun,https://www.daily-sun.com/post/crime/incident-2024-08-0472,news,Female commuter,Sharp knife (Chhuri),2,Private car,Police blotter recorded a swift snatching incident in front of the commercial complex at Dhanmondi during Friday night hours.,INTERSECTION,VERIFIED,0.95
DHK-2024-0567,2024-08-09,18:17,2024,8,Friday,18,Snatching,Dhanmondi - close to the Dhanmondi market square,ROAD_03,Mirpur Road (Russell Square to Asad Gate),Dhanmondi,Dhanmondi,23.755575,90.374483,Prothom Alo,https://en.prothomalo.com/bangladesh/crime-and-law/incident-2024-08-0567,news,Rickshaw passenger,Unarmed / Speed snatch,2,Motorcycle (Pulsar/FZ),A rickshaw passenger had their smartphone snatched by 2 perpetrators on a motorcycle (pulsar/fz) close to the Dhanmondi market square around 18:17.,EXACT,VERIFIED,0.75
DHK-2024-1147,2024-08-10,15:21,2024,8,Saturday,15,Snatching,Mogbazar - in front of the commercial complex at Mogbazar,ROAD_46,Mogbazar to Mouchak Flyover,Mogbazar,Ramna,23.748807,90.406993,Dhaka Tribune,https://www.dhakatribune.com/bangladesh/crime/incident-2024-08-1147,news,Motorcyclist,Sharp knife (Chhuri),2,CNG auto-rickshaw,"Muggers armed with a sharp knife (chhuri) intercepted a motorcyclist in front of the commercial complex at Mogbazar, fleeing with cash and bag.",EXACT,VERIFIED,0.96
DHK-2024-1008,2024-08-10,22:25,2024,8,Saturday,22,Robbery,Mirpur - near the intersection approaching Mirpur 10 Roundabout,ROAD_29,Begum Rokeya Sarani (Kazipara to Mirpur-10),Mirpur,Kafrul,23.798798,90.370381,bdnews24,https://bdnews24.com/bangladesh/incident-2024-08-1008,news,Female commuter,Unarmed / Speed snatch,3,Motorcycle (Pulsar/FZ),Reported incident of robbery involving a female commuter at near the intersection approaching Mirpur 10 Roundabout. Suspects fled using a motorcycle (pulsar/fz).,INTERSECTION,VERIFIED,0.84
DHK-2024-1130,2024-08-11,00:54,2024,8,Sunday,0,Pickpocketing,Mogbazar - close to the Mogbazar market square,ROAD_46,Mogbazar to Mouchak Flyover,Mogbazar,Ramna,23.747048,90.411395,The Business Standard,https://tbsnews.net/bangladesh/crime/incident-2024-08-1130,news,Motorcyclist,Sharp knife (Chhuri),3,CNG auto-rickshaw,"Muggers armed with a sharp knife (chhuri) intercepted a motorcyclist close to the Mogbazar market square, fleeing with cash and bag.",INTERSECTION,VERIFIED,0.97
DHK-2024-0194,2024-08-11,15:20,2024,8,Sunday,15,Mugging,Mirpur - near the intersection approaching Mirpur 11 Bus Stand,ROAD_32,Mirpur-10 to Mirpur-11 Strip,Mirpur,Mirpur,23.809875,90.367948,The Business Standard,https://tbsnews.net/bangladesh/crime/incident-2024-08-0194,news,Motorcyclist,Firearm / Pistol,2,CNG auto-rickshaw,A motorcyclist had their smartphone snatched by 2 perpetrators on a cng auto-rickshaw near the intersection approaching Mirpur 11 Bus Stand around 15:20.,AREA,VERIFIED,0.96
DHK-2024-0400,2024-08-12,15:44,2024,8,Monday,15,Robbery,Mohakhali - near the intersection approaching Gulshan 1 Circle,ROAD_15,Mohakhali to Gulshan-1 (Gulshan South Ave),Mohakhali,Banani,23.778653,90.41153,Daily Sun,https://www.daily-sun.com/post/crime/incident-2024-08-0400,news,Office worker,Sharp knife (Chhuri),2,On foot (sprint),A office worker had their smartphone snatched by 2 perpetrators on a on foot (sprint) near the intersection approaching Gulshan 1 Circle around 15:44.,AREA,VERIFIED,0.75
DHK-2024-1216,2024-08-14,00:13,2024,8,Wednesday,0,Robbery,Kuril - near Kuril bus stop,ROAD_39,Airport Road (Kuril Flyover to Airport),Kuril,Khilkhet,23.829573,90.414438,The Business Standard,https://tbsnews.net/bangladesh/crime/incident-2024-08-1216,news,Small shopkeeper,Unarmed / Speed snatch,2,Motorcycle (Pulsar/FZ),"Muggers armed with a unarmed / speed snatch intercepted a small shopkeeper near Kuril bus stop, fleeing with cash and bag.",EXACT,VERIFIED,0.81
DHK-2024-1251,2024-08-15,07:11,2024,8,Thursday,7,Snatching,Mirpur - close to the Mirpur market square,ROAD_33,Mirpur-11 to Mirpur-12 Avenue,Mirpur,Pallabi,23.825079,90.363696,bdnews24,https://bdnews24.com/bangladesh/incident-2024-08-1251,news,Motorcyclist,Sharp knife (Chhuri),2,Private car,"Muggers armed with a sharp knife (chhuri) intercepted a motorcyclist close to the Mirpur market square, fleeing with cash and bag.",ROAD,VERIFIED,0.85
DHK-2024-0652,2024-08-16,23:48,2024,8,Friday,23,Pickpocketing,Mohammadpur - close to the Mohammadpur market square,ROAD_35,Mohammadpur Beribadh Outer Road,Mohammadpur,Mohammadpur,23.783484,90.346808,DMP Monthly Blotter,https://dmp.gov.bd/crime-statistics/incident-2024-08-0652,police_report,Office worker,Pepper spray,2,Motorcycle (Pulsar/FZ),A office worker had their smartphone snatched by 2 perpetrators on a motorcycle (pulsar/fz) close to the Mohammadpur market square around 23:48.,ROAD,VERIFIED,0.92
DHK-2024-1073,2024-08-18,23:53,2024,8,Sunday,23,Snatching,Mirpur - close to the Mirpur market square,ROAD_31,Mirpur-1 to Mirpur-10 Connector,Mirpur,Mirpur,23.797741,90.357463,Daily Sun,https://www.daily-sun.com/post/crime/incident-2024-08-1073,news,Pedestrian,Sharp knife (Chhuri),1,On foot (sprint),Reported incident of snatching involving a pedestrian at close to the Mirpur market square. Suspects fled using a on foot (sprint).,AREA,PROBABLE,0.85
DHK-2024-0148,2024-08-19,00:27,2024,8,Monday,0,Robbery,Malibagh - near Malibagh bus stop,ROAD_47,Mouchak to Khilgaon Flyover,Malibagh,Shahjahanpur,23.74692,90.41156,Dhaka Tribune,https://www.dhakatribune.com/bangladesh/crime/incident-2024-08-0148,news,Office worker,Sharp knife (Chhuri),4,Motorcycle (Pulsar/FZ),Reported incident of robbery involving a office worker at near Malibagh bus stop. Suspects fled using a motorcycle (pulsar/fz).,EXACT,VERIFIED,0.77
DHK-2024-0580,2024-08-19,21:24,2024,8,Monday,21,Snatching,Mirpur - in front of the commercial complex at Mirpur,ROAD_31,Mirpur-1 to Mirpur-10 Connector,Mirpur,Mirpur,23.802355,90.362749,Prothom Alo,https://en.prothomalo.com/bangladesh/crime-and-law/incident-2024-08-0580,news,Female commuter,Unarmed / Speed snatch,3,Motorcycle (Pulsar/FZ),Reported incident of snatching involving a female commuter at in front of the commercial complex at Mirpur. Suspects fled using a motorcycle (pulsar/fz).,ROAD,UNCONFIRMED,0.68
DHK-2024-0077,2024-08-20,18:32,2024,8,Tuesday,18,Mugging,Mohammadpur - near the intersection approaching Asad Gate,ROAD_54,Mohammadpur Town Hall to Asad Gate,Mohammadpur,Mohammadpur,23.759444,90.368656,bdnews24,https://bdnews24.com/bangladesh/incident-2024-08-0077,news,Rickshaw passenger,Unarmed / Speed snatch,2,CNG auto-rickshaw,"Muggers armed with a unarmed / speed snatch intercepted a rickshaw passenger near the intersection approaching Asad Gate, fleeing with cash and bag.",EXACT,VERIFIED,0.84
DHK-2024-0389,2024-08-20,23:35,2024,8,Tuesday,23,Theft,Mirpur - in front of the commercial complex at Mirpur,ROAD_34,Mirpur-1 to Gabtoli Highway,Mirpur,Mirpur,23.789379,90.350074,Dhaka Tribune,https://www.dhakatribune.com/bangladesh/crime/incident-2024-08-0389,news,University student,Sharp knife (Chhuri),2,CNG auto-rickshaw,Police blotter recorded a swift snatching incident in front of the commercial complex at Mirpur during Tuesday night hours.,ROAD,PROBABLE,0.77
DHK-2024-1268,2024-08-21,22:54,2024,8,Wednesday,22,Snatching,Badda - under the Badda footover bridge,ROAD_22,Pragiti Sarani (Badda Link to Rampura Bridge),Badda,Badda,23.772242,90.427064,Dhaka Tribune,https://www.dhakatribune.com/bangladesh/crime/incident-2024-08-1268,news,Motorcyclist,Paper cutter,2,Motorcycle (Pulsar/FZ),A motorcyclist had their smartphone snatched by 2 perpetrators on a motorcycle (pulsar/fz) under the Badda footover bridge around 22:54.,AREA,VERIFIED,0.81
DHK-2024-0482,2024-08-22,07:38,2024,8,Thursday,7,Mugging,Gulshan - along the poorly lit section of Gulshan Avenue (Gulshan-1 to Gulshan-2),ROAD_16,Gulshan Avenue (Gulshan-1 to Gulshan-2),Gulshan,Gulshan,23.781672,90.4168,bdnews24,https://bdnews24.com/bangladesh/incident-2024-08-0482,news,Motorcyclist,Sharp knife (Chhuri),2,On foot (sprint),"Muggers armed with a sharp knife (chhuri) intercepted a motorcyclist along the poorly lit section of Gulshan Avenue (Gulshan-1 to Gulshan-2), fleeing with cash and bag.",INTERSECTION,VERIFIED,0.79
DHK-2024-1144,2024-08-23,01:58,2024,8,Friday,1,Theft,Mohammadpur - close to the Mohammadpur market square,ROAD_35,Mohammadpur Beribadh Outer Road,Mohammadpur,Mohammadpur,23.761923,90.347917,Prothom Alo,https://en.prothomalo.com/bangladesh/crime-and-law/incident-2024-08-1144,news,Rickshaw passenger,Firearm / Pistol,2,Motorcycle (Pulsar/FZ),A rickshaw passenger had their smartphone snatched by 2 perpetrators on a motorcycle (pulsar/fz) close to the Mohammadpur market square around 01:58.,ROAD,VERIFIED,0.91
DHK-2024-1258,2024-08-23,21:04,2024,8,Friday,21,Snatching,Mirpur - along the poorly lit section of Begum Rokeya Sarani (Kazipara to Mirpur-10),ROAD_29,Begum Rokeya Sarani (Kazipara to Mirpur-10),Mirpur,Kafrul,23.805346,90.368793,Dhaka Tribune,https://www.dhakatribune.com/bangladesh/crime/incident-2024-08-1258,news,Office worker,Firearm / Pistol,3,Private car,"Muggers armed with a firearm / pistol intercepted a office worker along the poorly lit section of Begum Rokeya Sarani (Kazipara to Mirpur-10), fleeing with cash and bag.",ROAD,PROBABLE,0.93
DHK-2024-0943,2024-08-24,10:16,2024,8,Saturday,10,Snatching,Uttara - near the intersection approaching Uttara House Building,ROAD_41,Dhaka-Mymensingh Hwy (Jasimuddin to House Building),Uttara,Uttara East,23.865273,90.400009,Dhaka Tribune,https://www.dhakatribune.com/bangladesh/crime/incident-2024-08-0943,news,Female commuter,Sharp knife (Chhuri),4,Leguna van,A female commuter had their smartphone snatched by 4 perpetrators on a leguna van near the intersection approaching Uttara House Building around 10:16.,INTERSECTION,VERIFIED,0.97
DHK-2024-1140,2024-08-25,17:39,2024,8,Sunday,17,Snatching,Sayedabad - near Sayedabad bus stop,ROAD_50,Sayedabad to Jatrabari Flyover Entrance,Sayedabad,Jatrabari,23.714796,90.43003,Dhaka Tribune,https://www.dhakatribune.com/bangladesh/crime/incident-2024-08-1140,news,Motorcyclist,Unarmed / Speed snatch,1,CNG auto-rickshaw,"Muggers armed with a unarmed / speed snatch intercepted a motorcyclist near Sayedabad bus stop, fleeing with cash and bag.",ROAD,VERIFIED,0.94
DHK-2024-0591,2024-08-26,08:18,2024,8,Monday,8,Mugging,Banani - close to the Banani market square,ROAD_17,Kemal Ataturk Ave (Banani Kakoli to Gulshan-2),Banani,Banani,23.793616,90.406202,Prothom Alo,https://en.prothomalo.com/bangladesh/crime-and-law/incident-2024-08-0591,news,Office worker,Paper cutter,3,On foot (sprint),A office worker had their smartphone snatched by 3 perpetrators on a on foot (sprint) close to the Banani market square around 08:18.,EXACT,VERIFIED,0.89
DHK-2024-0969,2024-08-26,16:20,2024,8,Monday,16,Pickpocketing,Airport - close to the Airport market square,ROAD_40,Dhaka-Mymensingh Hwy (Airport to Jasimuddin),Airport,Airport,23.862899,90.400309,Prothom Alo,https://en.prothomalo.com/bangladesh/crime-and-law/incident-2024-08-0969,news,Rickshaw passenger,Sharp knife (Chhuri),4,Motorcycle (Pulsar/FZ),"Muggers armed with a sharp knife (chhuri) intercepted a rickshaw passenger close to the Airport market square, fleeing with cash and bag.",INTERSECTION,VERIFIED,0.81
DHK-2024-0322,2024-08-26,19:08,2024,8,Monday,19,Snatching,Malibagh - near Malibagh bus stop,ROAD_48,Mouchak to Kakrail Road,Malibagh,Shahjahanpur,23.745279,90.410822,DMP Monthly Blotter,https://dmp.gov.bd/crime-statistics/incident-2024-08-0322,police_report,University student,Sharp knife (Chhuri),3,Leguna van,"Muggers armed with a sharp knife (chhuri) intercepted a university student near Malibagh bus stop, fleeing with cash and bag.",ROAD,PROBABLE,0.89
DHK-2024-1081,2024-08-26,20:00,2024,8,Monday,20,Snatching,Kuril - close to the Kuril market square,ROAD_39,Airport Road (Kuril Flyover to Airport),Kuril,Khilkhet,23.832808,90.41343,The Daily Star,https://www.thedailystar.net/crime/incident-2024-08-1081,news,Pedestrian,Pepper spray,2,Motorcycle (Pulsar/FZ),A pedestrian had their smartphone snatched by 2 perpetrators on a motorcycle (pulsar/fz) close to the Kuril market square around 20:00.,ROAD,PROBABLE,0.85
DHK-2024-0331,2024-08-26,22:52,2024,8,Monday,22,Robbery,Shyamoli - in front of the commercial complex at Shyamoli,ROAD_30,Mirpur Road (Shyamoli to Mirpur-1),Shyamoli,Adabor,23.787016,90.356862,The Daily Star,https://www.thedailystar.net/crime/incident-2024-08-0331,news,Rickshaw passenger,Pepper spray,2,Private car,Reported incident of robbery involving a rickshaw passenger at in front of the commercial complex at Shyamoli. Suspects fled using a private car.,EXACT,VERIFIED,0.97
DHK-2024-1214,2024-08-27,16:16,2024,8,Tuesday,16,Theft,Farmgate - in front of the commercial complex at Farmgate,ROAD_07,Kazi Nazrul Islam Ave (Farmgate to Karwan Bazar),Farmgate,Tejgaon,23.753092,90.392403,DMP Monthly Blotter,https://dmp.gov.bd/crime-statistics/incident-2024-08-1214,police_report,Female commuter,Sharp knife (Chhuri),2,Private car,Police blotter recorded a swift snatching incident in front of the commercial complex at Farmgate during Tuesday night hours.,AREA,VERIFIED,0.94
DHK-2024-0202,2024-08-27,18:23,2024,8,Tuesday,18,Theft,Mogbazar - near the intersection approaching Mouchak / Malibagh Crossing,ROAD_46,Mogbazar to Mouchak Flyover,Mogbazar,Ramna,23.747988,90.408775,Dhaka Tribune,https://www.dhakatribune.com/bangladesh/crime/incident-2024-08-0202,news,University student,Sharp knife (Chhuri),4,Motorcycle (Pulsar/FZ),Reported incident of theft involving a university student at near the intersection approaching Mouchak / Malibagh Crossing. Suspects fled using a motorcycle (pulsar/fz).,INTERSECTION,VERIFIED,0.85
DHK-2024-0095,2024-08-27,18:47,2024,8,Tuesday,18,Snatching,Mirpur - in front of the commercial complex at Mirpur,ROAD_34,Mirpur-1 to Gabtoli Highway,Mirpur,Mirpur,23.785608,90.347888,The Daily Star,https://www.thedailystar.net/crime/incident-2024-08-0095,news,Rickshaw passenger,Iron rod,2,On foot (sprint),Police blotter recorded a swift snatching incident in front of the commercial complex at Mirpur during Tuesday night hours.,EXACT,VERIFIED,0.97
DHK-2024-0375,2024-08-29,11:16,2024,8,Thursday,11,Mugging,Motijheel - close to the Motijheel market square,ROAD_49,Motijheel to Sayedabad Bus Terminal,Motijheel,Motijheel,23.721456,90.423912,The Daily Star,https://www.thedailystar.net/crime/incident-2024-08-0375,news,Small shopkeeper,Unarmed / Speed snatch,2,Motorcycle (Pulsar/FZ),Reported incident of mugging involving a small shopkeeper at close to the Motijheel market square. Suspects fled using a motorcycle (pulsar/fz).,AREA,VERIFIED,0.85
DHK-2024-1237,2024-08-29,18:49,2024,8,Thursday,18,Snatching,Tejgaon - along the poorly lit section of Jahangir Gate VIP Link,ROAD_12,Jahangir Gate VIP Link,Tejgaon,Tejgaon,23.770531,90.391813,Prothom Alo,https://en.prothomalo.com/bangladesh/crime-and-law/incident-2024-08-1237,news,University student,Sharp knife (Chhuri),1,Motorcycle (Pulsar/FZ),Reported incident of snatching involving a university student at along the poorly lit section of Jahangir Gate VIP Link. Suspects fled using a motorcycle (pulsar/fz).,EXACT,VERIFIED,0.82
DHK-2024-1059,2024-08-29,23:45,2024,8,Thursday,23,Snatching,Mohammadpur - under the Mohammadpur footover bridge,ROAD_35,Mohammadpur Beribadh Outer Road,Mohammadpur,Mohammadpur,23.757436,90.348141,The Business Standard,https://tbsnews.net/bangladesh/crime/incident-2024-08-1059,news,Office worker,Firearm / Pistol,4,Motorcycle (Pulsar/FZ),A office worker had their smartphone snatched by 4 perpetrators on a motorcycle (pulsar/fz) under the Mohammadpur footover bridge around 23:45.,INTERSECTION,VERIFIED,0.77
DHK-2024-0698,2024-08-31,07:36,2024,8,Saturday,7,Robbery,Malibagh - near Malibagh bus stop,ROAD_47,Mouchak to Khilgaon Flyover,Malibagh,Shahjahanpur,23.748846,90.416269,The Daily Star,https://www.thedailystar.net/crime/incident-2024-08-0698,news,Office worker,Unarmed / Speed snatch,3,Motorcycle (Pulsar/FZ),Reported incident of robbery involving a office worker at near Malibagh bus stop. Suspects fled using a motorcycle (pulsar/fz).,EXACT,PROBABLE,0.81
DHK-2024-0748,2024-09-01,20:20,2024,9,Sunday,20,Snatching,Mirpur - close to the Mirpur market square,ROAD_32,Mirpur-10 to Mirpur-11 Strip,Mirpur,Mirpur,23.813432,90.367134,DMP Monthly Blotter,https://dmp.gov.bd/crime-statistics/incident-2024-09-0748,police_report,Small shopkeeper,Pepper spray,2,Motorcycle (Pulsar/FZ),"Muggers armed with a pepper spray intercepted a small shopkeeper close to the Mirpur market square, fleeing with cash and bag.",INTERSECTION,VERIFIED,0.8
DHK-2024-0330,2024-09-01,23:15,2024,9,Sunday,23,Snatching,Banani - close to the Banani market square,ROAD_19,Banani 11 to Gulshan-2 Bridge Link,Banani,Banani,23.792888,90.410586,bdnews24,https://bdnews24.com/bangladesh/incident-2024-09-0330,news,Rickshaw passenger,Sharp knife (Chhuri),1,On foot (sprint),A rickshaw passenger had their smartphone snatched by 1 perpetrators on a on foot (sprint) close to the Banani market square around 23:15.,EXACT,VERIFIED,0.85
DHK-2024-0002,2024-09-03,19:53,2024,9,Tuesday,19,Mugging,Motijheel - near the intersection approaching Sayedabad Bus Terminal,ROAD_49,Motijheel to Sayedabad Bus Terminal,Motijheel,Motijheel,23.719579,90.42582,Daily Sun,https://www.daily-sun.com/post/crime/incident-2024-09-0002,news,Rickshaw passenger,Sharp knife (Chhuri),3,Private car,A rickshaw passenger had their smartphone snatched by 3 perpetrators on a private car near the intersection approaching Sayedabad Bus Terminal around 19:53.,ROAD,VERIFIED,0.89
DHK-2024-0612,2024-09-04,02:44,2024,9,Wednesday,2,Snatching,Baridhara - along the poorly lit section of Pragiti Sarani (Notun Bazar to Badda Link),ROAD_21,Pragiti Sarani (Notun Bazar to Badda Link),Baridhara,Bhatara,23.790267,90.426357,bdnews24,https://bdnews24.com/bangladesh/incident-2024-09-0612,news,Pedestrian,Sharp knife (Chhuri),4,On foot (sprint),"Muggers armed with a sharp knife (chhuri) intercepted a pedestrian along the poorly lit section of Pragiti Sarani (Notun Bazar to Badda Link), fleeing with cash and bag.",EXACT,VERIFIED,0.78
DHK-2024-0182,2024-09-04,19:37,2024,9,Wednesday,19,Snatching,Mirpur - along the poorly lit section of Begum Rokeya Sarani (Kazipara to Mirpur-10),ROAD_29,Begum Rokeya Sarani (Kazipara to Mirpur-10),Mirpur,Kafrul,23.797906,90.37051,The Business Standard,https://tbsnews.net/bangladesh/crime/incident-2024-09-0182,news,Motorcyclist,Paper cutter,2,CNG auto-rickshaw,A motorcyclist had their smartphone snatched by 2 perpetrators on a cng auto-rickshaw along the poorly lit section of Begum Rokeya Sarani (Kazipara to Mirpur-10) around 19:37.,ROAD,VERIFIED,0.83
DHK-2024-0280,2024-09-04,23:08,2024,9,Wednesday,23,Theft,Kuril - near Kuril bus stop,ROAD_39,Airport Road (Kuril Flyover to Airport),Kuril,Khilkhet,23.830818,90.414206,The Business Standard,https://tbsnews.net/bangladesh/crime/incident-2024-09-0280,news,Office worker,Paper cutter,2,Motorcycle (Pulsar/FZ),A office worker had their smartphone snatched by 2 perpetrators on a motorcycle (pulsar/fz) near Kuril bus stop around 23:08.,INTERSECTION,PROBABLE,0.89
DHK-2024-1280,2024-09-05,12:16,2024,9,Thursday,12,Snatching,Mirpur - in front of the commercial complex at Mirpur,ROAD_32,Mirpur-10 to Mirpur-11 Strip,Mirpur,Mirpur,23.816389,90.366197,DMP Monthly Blotter,https://dmp.gov.bd/crime-statistics/incident-2024-09-1280,police_report,Motorcyclist,Paper cutter,2,CNG auto-rickshaw,Police blotter recorded a swift snatching incident in front of the commercial complex at Mirpur during Thursday night hours.,INTERSECTION,PROBABLE,0.78
DHK-2024-0841,2024-09-05,19:18,2024,9,Thursday,19,Snatching,Dhanmondi - in front of the commercial complex at Dhanmondi,ROAD_10,Science Lab to Nilkhet / New Market,Dhanmondi,New Market,23.734325,90.383853,bdnews24,https://bdnews24.com/bangladesh/incident-2024-09-0841,news,Small shopkeeper,Iron rod,3,Motorcycle (Pulsar/FZ),A small shopkeeper had their smartphone snatched by 3 perpetrators on a motorcycle (pulsar/fz) in front of the commercial complex at Dhanmondi around 19:18.,INTERSECTION,VERIFIED,0.86
DHK-2024-0086,2024-09-05,20:57,2024,9,Thursday,20,Snatching,Mirpur - under the Mirpur footover bridge,ROAD_29,Begum Rokeya Sarani (Kazipara to Mirpur-10),Mirpur,Kafrul,23.7933,90.371147,Prothom Alo,https://en.prothomalo.com/bangladesh/crime-and-law/incident-2024-09-0086,news,Female commuter,Sharp knife (Chhuri),2,Motorcycle (Pulsar/FZ),"Muggers armed with a sharp knife (chhuri) intercepted a female commuter under the Mirpur footover bridge, fleeing with cash and bag.",EXACT,VERIFIED,0.87
DHK-2024-0879,2024-09-06,17:38,2024,9,Friday,17,Robbery,Shyamoli - along the poorly lit section of Mirpur Road (Shyamoli to Mirpur-1),ROAD_30,Mirpur Road (Shyamoli to Mirpur-1),Shyamoli,Adabor,23.784017,90.357971,bdnews24,https://bdnews24.com/bangladesh/incident-2024-09-0879,news,University student,Unarmed / Speed snatch,2,On foot (sprint),Reported incident of robbery involving a university student at along the poorly lit section of Mirpur Road (Shyamoli to Mirpur-1). Suspects fled using a on foot (sprint).,INTERSECTION,VERIFIED,0.84
DHK-2024-0512,2024-09-07,20:02,2024,9,Saturday,20,Robbery,Shyamoli - close to the Shyamoli market square,ROAD_30,Mirpur Road (Shyamoli to Mirpur-1),Shyamoli,Adabor,23.788639,90.35617,The Daily Star,https://www.thedailystar.net/crime/incident-2024-09-0512,news,Small shopkeeper,Firearm / Pistol,2,CNG auto-rickshaw,Police blotter recorded a swift snatching incident close to the Shyamoli market square during Saturday night hours.,INTERSECTION,PROBABLE,0.85
DHK-2024-1086,2024-09-08,08:19,2024,9,Sunday,8,Snatching,Mohammadpur - along the poorly lit section of Asad Gate to Shyamoli (Mirpur Road),ROAD_53,Asad Gate to Shyamoli (Mirpur Road),Mohammadpur,Mohammadpur,23.760267,90.370575,DMP Monthly Blotter,https://dmp.gov.bd/crime-statistics/incident-2024-09-1086,police_report,Rickshaw passenger,Iron rod,2,Motorcycle (Pulsar/FZ),A rickshaw passenger had their smartphone snatched by 2 perpetrators on a motorcycle (pulsar/fz) along the poorly lit section of Asad Gate to Shyamoli (Mirpur Road) around 08:19.,ROAD,VERIFIED,0.78
DHK-2024-0774,2024-09-09,20:05,2024,9,Monday,20,Snatching,Banani - near the intersection approaching Gulshan 2 Circle,ROAD_17,Kemal Ataturk Ave (Banani Kakoli to Gulshan-2),Banani,Banani,23.793556,90.404764,The Business Standard,https://tbsnews.net/bangladesh/crime/incident-2024-09-0774,news,Rickshaw passenger,Sharp knife (Chhuri),3,Motorcycle (Pulsar/FZ),Reported incident of snatching involving a rickshaw passenger at near the intersection approaching Gulshan 2 Circle. Suspects fled using a motorcycle (pulsar/fz).,INTERSECTION,VERIFIED,0.8
DHK-2024-0509,2024-09-10,17:00,2024,9,Tuesday,17,Snatching,Banani - close to the Banani market square,ROAD_17,Kemal Ataturk Ave (Banani Kakoli to Gulshan-2),Banani,Banani,23.793173,90.407897,The Daily Star,https://www.thedailystar.net/crime/incident-2024-09-0509,news,Small shopkeeper,Firearm / Pistol,4,Motorcycle (Pulsar/FZ),"Muggers armed with a firearm / pistol intercepted a small shopkeeper close to the Banani market square, fleeing with cash and bag.",ROAD,VERIFIED,0.77
DHK-2024-1241,2024-09-10,21:27,2024,9,Tuesday,21,Snatching,Dhanmondi - near Dhanmondi bus stop,ROAD_01,Mirpur Road (Science Lab to Kalabagan),Dhanmondi,New Market,23.741915,90.382245,The Business Standard,https://tbsnews.net/bangladesh/crime/incident-2024-09-1241,news,Office worker,Paper cutter,4,Motorcycle (Pulsar/FZ),Police blotter recorded a swift snatching incident near Dhanmondi bus stop during Tuesday night hours.,INTERSECTION,VERIFIED,0.97
DHK-2024-0661,2024-09-10,21:53,2024,9,Tuesday,21,Snatching,Motijheel - under the Motijheel footover bridge,ROAD_49,Motijheel to Sayedabad Bus Terminal,Motijheel,Motijheel,23.720181,90.425581,Dhaka Tribune,https://www.dhakatribune.com/bangladesh/crime/incident-2024-09-0661,news,Pedestrian,Paper cutter,1,Leguna van,Reported incident of snatching involving a pedestrian at under the Motijheel footover bridge. Suspects fled using a leguna van.,ROAD,VERIFIED,0.82
DHK-2024-1123,2024-09-11,15:23,2024,9,Wednesday,15,Snatching,Shyamoli - in front of the commercial complex at Shyamoli,ROAD_30,Mirpur Road (Shyamoli to Mirpur-1),Shyamoli,Adabor,23.789645,90.35607,DMP Monthly Blotter,https://dmp.gov.bd/crime-statistics/incident-2024-09-1123,police_report,Female commuter,Sharp knife (Chhuri),2,Motorcycle (Pulsar/FZ),A female commuter had their smartphone snatched by 2 perpetrators on a motorcycle (pulsar/fz) in front of the commercial complex at Shyamoli around 15:23.,EXACT,VERIFIED,0.76
DHK-2024-0562,2024-09-11,20:13,2024,9,Wednesday,20,Snatching,Mirpur - near Mirpur bus stop,ROAD_34,Mirpur-1 to Gabtoli Highway,Mirpur,Mirpur,23.789029,90.350249,The Daily Star,https://www.thedailystar.net/crime/incident-2024-09-0562,news,Small shopkeeper,Unarmed / Speed snatch,2,Motorcycle (Pulsar/FZ),Police blotter recorded a swift snatching incident near Mirpur bus stop during Wednesday night hours.,INTERSECTION,VERIFIED,0.87
DHK-2024-0019,2024-09-11,22:39,2024,9,Wednesday,22,Snatching,Malibagh - close to the Malibagh market square,ROAD_47,Mouchak to Khilgaon Flyover,Malibagh,Shahjahanpur,23.752104,90.422832,The Business Standard,https://tbsnews.net/bangladesh/crime/incident-2024-09-0019,news,Small shopkeeper,Firearm / Pistol,3,Motorcycle (Pulsar/FZ),A small shopkeeper had their smartphone snatched by 3 perpetrators on a motorcycle (pulsar/fz) close to the Malibagh market square around 22:39.,EXACT,VERIFIED,0.97
DHK-2024-0169,2024-09-12,02:39,2024,9,Thursday,2,Mugging,Karwan Bazar - in front of the commercial complex at Karwan Bazar,ROAD_45,Mogbazar Flyover Road (Karwan Bazar to Mogbazar),Karwan Bazar,Tejgaon,23.750748,90.399576,DMP Monthly Blotter,https://dmp.gov.bd/crime-statistics/incident-2024-09-0169,police_report,Rickshaw passenger,Firearm / Pistol,2,Private car,Reported incident of mugging involving a rickshaw passenger at in front of the commercial complex at Karwan Bazar. Suspects fled using a private car.,INTERSECTION,VERIFIED,0.94
DHK-2024-0806,2024-09-12,18:51,2024,9,Thursday,18,Theft,Dhanmondi - along the poorly lit section of Dhanmondi 27 Inner Connector,ROAD_05,Dhanmondi 27 Inner Connector,Dhanmondi,Dhanmondi,23.758093,90.364628,Prothom Alo,https://en.prothomalo.com/bangladesh/crime-and-law/incident-2024-09-0806,news,Pedestrian,Sharp knife (Chhuri),2,Motorcycle (Pulsar/FZ),"Muggers armed with a sharp knife (chhuri) intercepted a pedestrian along the poorly lit section of Dhanmondi 27 Inner Connector, fleeing with cash and bag.",INTERSECTION,PROBABLE,0.75
DHK-2024-0532,2024-09-13,15:28,2024,9,Friday,15,Snatching,Dhanmondi - under the Dhanmondi footover bridge,ROAD_05,Dhanmondi 27 Inner Connector,Dhanmondi,Dhanmondi,23.758638,90.364514,The Business Standard,https://tbsnews.net/bangladesh/crime/incident-2024-09-0532,news,Female commuter,Sharp knife (Chhuri),2,CNG auto-rickshaw,A female commuter had their smartphone snatched by 2 perpetrators on a cng auto-rickshaw under the Dhanmondi footover bridge around 15:28.,AREA,VERIFIED,0.78
DHK-2024-0298,2024-09-14,00:47,2024,9,Saturday,0,Snatching,Paltan - in front of the commercial complex at Paltan,ROAD_44,Paltan to Motijheel Commercial Area,Paltan,Paltan,23.72861,90.415735,bdnews24,https://bdnews24.com/bangladesh/incident-2024-09-0298,news,Small shopkeeper,Firearm / Pistol,2,Leguna van,"Muggers armed with a firearm / pistol intercepted a small shopkeeper in front of the commercial complex at Paltan, fleeing with cash and bag.",INTERSECTION,VERIFIED,0.78
DHK-2024-0069,2024-09-14,18:44,2024,9,Saturday,18,Pickpocketing,Dhanmondi - near Dhanmondi bus stop,ROAD_05,Dhanmondi 27 Inner Connector,Dhanmondi,Dhanmondi,23.755941,90.366926,bdnews24,https://bdnews24.com/bangladesh/incident-2024-09-0069,news,Pedestrian,Firearm / Pistol,3,On foot (sprint),Police blotter recorded a swift snatching incident near Dhanmondi bus stop during Saturday night hours.,ROAD,VERIFIED,0.92
DHK-2024-0776,2024-09-14,23:46,2024,9,Saturday,23,Snatching,Mirpur - in front of the commercial complex at Mirpur,ROAD_32,Mirpur-10 to Mirpur-11 Strip,Mirpur,Mirpur,23.811653,90.367582,Daily Sun,https://www.daily-sun.com/post/crime/incident-2024-09-0776,news,Female commuter,Paper cutter,2,On foot (sprint),Reported incident of snatching involving a female commuter at in front of the commercial complex at Mirpur. Suspects fled using a on foot (sprint).,INTERSECTION,VERIFIED,0.78
DHK-2024-1056,2024-09-15,01:04,2024,9,Sunday,1,Pickpocketing,Baridhara - under the Baridhara footover bridge,ROAD_21,Pragiti Sarani (Notun Bazar to Badda Link),Baridhara,Bhatara,23.793206,90.425951,bdnews24,https://bdnews24.com/bangladesh/incident-2024-09-1056,news,Female commuter,Sharp knife (Chhuri),4,Motorcycle (Pulsar/FZ),"Muggers armed with a sharp knife (chhuri) intercepted a female commuter under the Baridhara footover bridge, fleeing with cash and bag.",INTERSECTION,VERIFIED,0.88
DHK-2024-1128,2024-09-16,03:02,2024,9,Monday,3,Robbery,Rampura - close to the Rampura market square,ROAD_23,Hatirjheel Bypass (Rampura to Karwan Bazar),Rampura,Rampura,23.756643,90.408048,DMP Monthly Blotter,https://dmp.gov.bd/crime-statistics/incident-2024-09-1128,police_report,Small shopkeeper,Unarmed / Speed snatch,2,Motorcycle (Pulsar/FZ),"Muggers armed with a unarmed / speed snatch intercepted a small shopkeeper close to the Rampura market square, fleeing with cash and bag.",INTERSECTION,PROBABLE,0.92
DHK-2024-0785,2024-09-16,22:56,2024,9,Monday,22,Snatching,Mirpur - close to the Mirpur market square,ROAD_33,Mirpur-11 to Mirpur-12 Avenue,Mirpur,Pallabi,23.820078,90.365293,The Daily Star,https://www.thedailystar.net/crime/incident-2024-09-0785,news,Pedestrian,Pepper spray,3,On foot (sprint),A pedestrian had their smartphone snatched by 3 perpetrators on a on foot (sprint) close to the Mirpur market square around 22:56.,INTERSECTION,VERIFIED,0.95
DHK-2024-0359,2024-09-20,15:26,2024,9,Friday,15,Theft,Motijheel - along the poorly lit section of Motijheel to Sayedabad Bus Terminal,ROAD_49,Motijheel to Sayedabad Bus Terminal,Motijheel,Motijheel,23.717548,90.427525,Prothom Alo,https://en.prothomalo.com/bangladesh/crime-and-law/incident-2024-09-0359,news,University student,Unarmed / Speed snatch,1,Motorcycle (Pulsar/FZ),A university student had their smartphone snatched by 1 perpetrators on a motorcycle (pulsar/fz) along the poorly lit section of Motijheel to Sayedabad Bus Terminal around 15:26.,ROAD,VERIFIED,0.95
DHK-2024-0446,2024-09-20,20:36,2024,9,Friday,20,Snatching,Motijheel - near Motijheel bus stop,ROAD_49,Motijheel to Sayedabad Bus Terminal,Motijheel,Motijheel,23.723319,90.422929,Daily Sun,https://www.daily-sun.com/post/crime/incident-2024-09-0446,news,Small shopkeeper,Sharp knife (Chhuri),4,Motorcycle (Pulsar/FZ),"Muggers armed with a sharp knife (chhuri) intercepted a small shopkeeper near Motijheel bus stop, fleeing with cash and bag.",INTERSECTION,VERIFIED,0.85
DHK-2024-0300,2024-09-21,10:06,2024,9,Saturday,10,Mugging,Mirpur - close to the Mirpur market square,ROAD_31,Mirpur-1 to Mirpur-10 Connector,Mirpur,Mirpur,23.797752,90.356927,The Daily Star,https://www.thedailystar.net/crime/incident-2024-09-0300,news,Rickshaw passenger,Firearm / Pistol,4,On foot (sprint),A rickshaw passenger had their smartphone snatched by 4 perpetrators on a on foot (sprint) close to the Mirpur market square around 10:06.,ROAD,VERIFIED,0.76
DHK-2024-0712,2024-09-23,00:01,2024,9,Monday,0,Snatching,Dhanmondi - in front of the commercial complex at Dhanmondi,ROAD_10,Science Lab to Nilkhet / New Market,Dhanmondi,New Market,23.735548,90.383544,The Business Standard,https://tbsnews.net/bangladesh/crime/incident-2024-09-0712,news,Office worker,Iron rod,1,Motorcycle (Pulsar/FZ),"Muggers armed with a iron rod intercepted a office worker in front of the commercial complex at Dhanmondi, fleeing with cash and bag.",ROAD,PROBABLE,0.81
DHK-2024-0176,2024-09-23,14:31,2024,9,Monday,14,Snatching,Mirpur - close to the Mirpur market square,ROAD_34,Mirpur-1 to Gabtoli Highway,Mirpur,Mirpur,23.795012,90.353841,Dhaka Tribune,https://www.dhakatribune.com/bangladesh/crime/incident-2024-09-0176,news,Rickshaw passenger,Iron rod,3,Motorcycle (Pulsar/FZ),A rickshaw passenger had their smartphone snatched by 3 perpetrators on a motorcycle (pulsar/fz) close to the Mirpur market square around 14:31.,ROAD,VERIFIED,0.76
DHK-2024-0561,2024-09-23,14:45,2024,9,Monday,14,Mugging,Paltan - close to the Paltan market square,ROAD_51,Paltan to Sadarghat (Old Dhaka Arterial),Paltan,Paltan,23.711325,90.411607,The Daily Star,https://www.thedailystar.net/crime/incident-2024-09-0561,news,University student,Sharp knife (Chhuri),2,Private car,Police blotter recorded a swift snatching incident close to the Paltan market square during Monday night hours.,EXACT,VERIFIED,0.94
DHK-2024-0862,2024-09-23,20:28,2024,9,Monday,20,Snatching,Farmgate - close to the Farmgate market square,ROAD_07,Kazi Nazrul Islam Ave (Farmgate to Karwan Bazar),Farmgate,Tejgaon,23.75642,90.389605,Daily Sun,https://www.daily-sun.com/post/crime/incident-2024-09-0862,news,Rickshaw passenger,Paper cutter,2,Motorcycle (Pulsar/FZ),"Muggers armed with a paper cutter intercepted a rickshaw passenger close to the Farmgate market square, fleeing with cash and bag.",ROAD,VERIFIED,0.8
DHK-2024-0789,2024-09-24,21:35,2024,9,Tuesday,21,Snatching,Mogbazar - near Mogbazar bus stop,ROAD_46,Mogbazar to Mouchak Flyover,Mogbazar,Ramna,23.748151,90.408945,DMP Monthly Blotter,https://dmp.gov.bd/crime-statistics/incident-2024-09-0789,police_report,Motorcyclist,Paper cutter,3,CNG auto-rickshaw,"Muggers armed with a paper cutter intercepted a motorcyclist near Mogbazar bus stop, fleeing with cash and bag.",INTERSECTION,VERIFIED,0.92
DHK-2024-0545,2024-09-25,00:46,2024,9,Wednesday,0,Mugging,Dhanmondi - near Dhanmondi bus stop,ROAD_05,Dhanmondi 27 Inner Connector,Dhanmondi,Dhanmondi,23.758571,90.364342,The Daily Star,https://www.thedailystar.net/crime/incident-2024-09-0545,news,Rickshaw passenger,Firearm / Pistol,2,Motorcycle (Pulsar/FZ),Reported incident of mugging involving a rickshaw passenger at near Dhanmondi bus stop. Suspects fled using a motorcycle (pulsar/fz).,INTERSECTION,VERIFIED,0.75
DHK-2024-0569,2024-09-29,18:39,2024,9,Sunday,18,Snatching,Badda - near Badda bus stop,ROAD_22,Pragiti Sarani (Badda Link to Rampura Bridge),Badda,Badda,23.764462,90.425554,The Daily Star,https://www.thedailystar.net/crime/incident-2024-09-0569,news,University student,Sharp knife (Chhuri),4,CNG auto-rickshaw,A university student had their smartphone snatched by 4 perpetrators on a cng auto-rickshaw near Badda bus stop around 18:39.,ROAD,VERIFIED,0.84
DHK-2024-0571,2024-10-01,08:21,2024,10,Tuesday,8,Mugging,Dhanmondi - near the intersection approaching Mohammadpur Town Hall,ROAD_05,Dhanmondi 27 Inner Connector,Dhanmondi,Dhanmondi,23.759068,90.364017,DMP Monthly Blotter,https://dmp.gov.bd/crime-statistics/incident-2024-10-0571,police_report,Pedestrian,Sharp knife (Chhuri),2,Motorcycle (Pulsar/FZ),"Muggers armed with a sharp knife (chhuri) intercepted a pedestrian near the intersection approaching Mohammadpur Town Hall, fleeing with cash and bag.",INTERSECTION,VERIFIED,0.77
DHK-2024-0490,2024-10-01,22:59,2024,10,Tuesday,22,Robbery,Dhanmondi - close to the Dhanmondi market square,ROAD_03,Mirpur Road (Russell Square to Asad Gate),Dhanmondi,Dhanmondi,23.753794,90.375528,DMP Monthly Blotter,https://dmp.gov.bd/crime-statistics/incident-2024-10-0490,police_report,Motorcyclist,Firearm / Pistol,1,On foot (sprint),Police blotter recorded a swift snatching incident close to the Dhanmondi market square during Tuesday night hours.,ROAD,VERIFIED,0.9
DHK-2024-0173,2024-10-02,21:55,2024,10,Wednesday,21,Mugging,Shyamoli - near the intersection approaching Mirpur 1 Roundabout,ROAD_30,Mirpur Road (Shyamoli to Mirpur-1),Shyamoli,Adabor,23.788438,90.356751,bdnews24,https://bdnews24.com/bangladesh/incident-2024-10-0173,news,Rickshaw passenger,Sharp knife (Chhuri),2,Motorcycle (Pulsar/FZ),A rickshaw passenger had their smartphone snatched by 2 perpetrators on a motorcycle (pulsar/fz) near the intersection approaching Mirpur 1 Roundabout around 21:55.,AREA,VERIFIED,0.82
DHK-2024-0730,2024-10-03,11:02,2024,10,Thursday,11,Snatching,Baridhara - along the poorly lit section of Pragiti Sarani (Notun Bazar to Badda Link),ROAD_21,Pragiti Sarani (Notun Bazar to Badda Link),Baridhara,Bhatara,23.77844,90.428705,Prothom Alo,https://en.prothomalo.com/bangladesh/crime-and-law/incident-2024-10-0730,news,Office worker,Sharp knife (Chhuri),2,Motorcycle (Pulsar/FZ),Reported incident of snatching involving a office worker at along the poorly lit section of Pragiti Sarani (Notun Bazar to Badda Link). Suspects fled using a motorcycle (pulsar/fz).,ROAD,UNCONFIRMED,0.68
DHK-2024-0700,2024-10-03,14:12,2024,10,Thursday,14,Snatching,Tejgaon - under the Tejgaon footover bridge,ROAD_13,Airport Road (Jahangir Gate to Mohakhali),Tejgaon,Cantonment,23.773878,90.396117,The Business Standard,https://tbsnews.net/bangladesh/crime/incident-2024-10-0700,news,Small shopkeeper,Sharp knife (Chhuri),3,Motorcycle (Pulsar/FZ),A small shopkeeper had their smartphone snatched by 3 perpetrators on a motorcycle (pulsar/fz) under the Tejgaon footover bridge around 14:12.,EXACT,PROBABLE,0.89
DHK-2024-0030,2024-10-04,19:27,2024,10,Friday,19,Snatching,Sayedabad - near Sayedabad bus stop,ROAD_50,Sayedabad to Jatrabari Flyover Entrance,Sayedabad,Jatrabari,23.712582,90.432962,DMP Monthly Blotter,https://dmp.gov.bd/crime-statistics/incident-2024-10-0030,police_report,Rickshaw passenger,Sharp knife (Chhuri),2,On foot (sprint),Police blotter recorded a swift snatching incident near Sayedabad bus stop during Friday night hours.,EXACT,VERIFIED,0.75
DHK-2024-1156,2024-10-05,23:06,2024,10,Saturday,23,Mugging,Mirpur - under the Mirpur footover bridge,ROAD_34,Mirpur-1 to Gabtoli Highway,Mirpur,Mirpur,23.790979,90.351441,bdnews24,https://bdnews24.com/bangladesh/incident-2024-10-1156,news,University student,Sharp knife (Chhuri),2,CNG auto-rickshaw,Reported incident of mugging involving a university student at under the Mirpur footover bridge. Suspects fled using a cng auto-rickshaw.,ROAD,VERIFIED,0.97
DHK-2024-0234,2024-10-06,20:01,2024,10,Sunday,20,Mugging,Baridhara - near Baridhara bus stop,ROAD_21,Pragiti Sarani (Notun Bazar to Badda Link),Baridhara,Bhatara,23.778842,90.428509,The Business Standard,https://tbsnews.net/bangladesh/crime/incident-2024-10-0234,news,Small shopkeeper,Unarmed / Speed snatch,2,Motorcycle (Pulsar/FZ),Reported incident of mugging involving a small shopkeeper at near Baridhara bus stop. Suspects fled using a motorcycle (pulsar/fz).,INTERSECTION,VERIFIED,0.79
DHK-2024-0559,2024-10-08,11:35,2024,10,Tuesday,11,Robbery,Mirpur - near Mirpur bus stop,ROAD_31,Mirpur-1 to Mirpur-10 Connector,Mirpur,Mirpur,23.801256,90.361882,Daily Sun,https://www.daily-sun.com/post/crime/incident-2024-10-0559,news,Small shopkeeper,Sharp knife (Chhuri),2,Motorcycle (Pulsar/FZ),"Muggers armed with a sharp knife (chhuri) intercepted a small shopkeeper near Mirpur bus stop, fleeing with cash and bag.",INTERSECTION,VERIFIED,0.81
DHK-2024-0444,2024-10-08,22:26,2024,10,Tuesday,22,Snatching,Uttara - along the poorly lit section of Dhaka-Mymensingh Hwy (Jasimuddin to House Building),ROAD_41,Dhaka-Mymensingh Hwy (Jasimuddin to House Building),Uttara,Uttara East,23.866416,90.399685,Prothom Alo,https://en.prothomalo.com/bangladesh/crime-and-law/incident-2024-10-0444,news,Female commuter,Sharp knife (Chhuri),3,Motorcycle (Pulsar/FZ),Reported incident of snatching involving a female commuter at along the poorly lit section of Dhaka-Mymensingh Hwy (Jasimuddin to House Building). Suspects fled using a motorcycle (pulsar/fz).,ROAD,VERIFIED,0.89
DHK-2024-0667,2024-10-09,21:52,2024,10,Wednesday,21,Mugging,Agargaon - near Agargaon bus stop,ROAD_27,Begum Rokeya Sarani (Agargaon to Shewrapara),Agargaon,Sher-e-Bangla Nagar,23.783641,90.373673,The Business Standard,https://tbsnews.net/bangladesh/crime/incident-2024-10-0667,news,Office worker,Pepper spray,2,Motorcycle (Pulsar/FZ),Reported incident of mugging involving a office worker at near Agargaon bus stop. Suspects fled using a motorcycle (pulsar/fz).,ROAD,VERIFIED,0.94
DHK-2024-1199,2024-10-11,12:33,2024,10,Friday,12,Robbery,Nilkhet - in front of the commercial complex at Nilkhet,ROAD_52,New Market to Sadarghat Riverfront Connector,Nilkhet,New Market,23.731108,90.386018,Dhaka Tribune,https://www.dhakatribune.com/bangladesh/crime/incident-2024-10-1199,news,Office worker,Sharp knife (Chhuri),2,On foot (sprint),"Muggers armed with a sharp knife (chhuri) intercepted a office worker in front of the commercial complex at Nilkhet, fleeing with cash and bag.",EXACT,UNCONFIRMED,0.67
DHK-2024-0869,2024-10-13,18:54,2024,10,Sunday,18,Robbery,Baridhara - near the intersection approaching Badda Link Road,ROAD_21,Pragiti Sarani (Notun Bazar to Badda Link),Baridhara,Bhatara,23.78458,90.426976,DMP Monthly Blotter,https://dmp.gov.bd/crime-statistics/incident-2024-10-0869,police_report,University student,Sharp knife (Chhuri),2,Motorcycle (Pulsar/FZ),"Muggers armed with a sharp knife (chhuri) intercepted a university student near the intersection approaching Badda Link Road, fleeing with cash and bag.",AREA,VERIFIED,0.87
DHK-2024-1245,2024-10-13,20:06,2024,10,Sunday,20,Mugging,Dhanmondi - in front of the commercial complex at Dhanmondi,ROAD_05,Dhanmondi 27 Inner Connector,Dhanmondi,Dhanmondi,23.754538,90.368101,The Daily Star,https://www.thedailystar.net/crime/incident-2024-10-1245,news,Motorcyclist,Sharp knife (Chhuri),2,On foot (sprint),Police blotter recorded a swift snatching incident in front of the commercial complex at Dhanmondi during Sunday night hours.,INTERSECTION,PROBABLE,0.89
DHK-2024-1047,2024-10-14,20:44,2024,10,Monday,20,Snatching,Mirpur - near the intersection approaching Mirpur 10 Roundabout,ROAD_29,Begum Rokeya Sarani (Kazipara to Mirpur-10),Mirpur,Kafrul,23.79305,90.371447,Daily Sun,https://www.daily-sun.com/post/crime/incident-2024-10-1047,news,Female commuter,Sharp knife (Chhuri),2,Motorcycle (Pulsar/FZ),A female commuter had their smartphone snatched by 2 perpetrators on a motorcycle (pulsar/fz) near the intersection approaching Mirpur 10 Roundabout around 20:44.,ROAD,VERIFIED,0.84
DHK-2024-0163,2024-10-16,01:42,2024,10,Wednesday,1,Theft,Mohammadpur - in front of the commercial complex at Mohammadpur,ROAD_35,Mohammadpur Beribadh Outer Road,Mohammadpur,Mohammadpur,23.764814,90.347678,Prothom Alo,https://en.prothomalo.com/bangladesh/crime-and-law/incident-2024-10-0163,news,Small shopkeeper,Firearm / Pistol,2,Motorcycle (Pulsar/FZ),"Muggers armed with a firearm / pistol intercepted a small shopkeeper in front of the commercial complex at Mohammadpur, fleeing with cash and bag.",INTERSECTION,PROBABLE,0.93
DHK-2024-0214,2024-10-18,08:15,2024,10,Friday,8,Snatching,Badda - close to the Badda market square,ROAD_22,Pragiti Sarani (Badda Link to Rampura Bridge),Badda,Badda,23.773199,90.427691,Dhaka Tribune,https://www.dhakatribune.com/bangladesh/crime/incident-2024-10-0214,news,University student,Paper cutter,2,On foot (sprint),A university student had their smartphone snatched by 2 perpetrators on a on foot (sprint) close to the Badda market square around 08:15.,INTERSECTION,VERIFIED,0.88
DHK-2024-1133,2024-10-19,09:53,2024,10,Saturday,9,Theft,Paltan - near Paltan bus stop,ROAD_51,Paltan to Sadarghat (Old Dhaka Arterial),Paltan,Paltan,23.724356,90.410654,bdnews24,https://bdnews24.com/bangladesh/incident-2024-10-1133,news,Pedestrian,Unarmed / Speed snatch,2,CNG auto-rickshaw,Reported incident of theft involving a pedestrian at near Paltan bus stop. Suspects fled using a cng auto-rickshaw.,EXACT,PROBABLE,0.86
DHK-2024-0802,2024-10-20,16:21,2024,10,Sunday,16,Robbery,Sayedabad - near Sayedabad bus stop,ROAD_50,Sayedabad to Jatrabari Flyover Entrance,Sayedabad,Jatrabari,23.714433,90.43095,The Business Standard,https://tbsnews.net/bangladesh/crime/incident-2024-10-0802,news,Rickshaw passenger,Sharp knife (Chhuri),4,On foot (sprint),Police blotter recorded a swift snatching incident near Sayedabad bus stop during Sunday night hours.,ROAD,VERIFIED,0.75
DHK-2024-0897,2024-10-21,18:01,2024,10,Monday,18,Robbery,Dhanmondi - along the poorly lit section of Dhanmondi 27 Inner Connector,ROAD_05,Dhanmondi 27 Inner Connector,Dhanmondi,Dhanmondi,23.757897,90.365519,The Business Standard,https://tbsnews.net/bangladesh/crime/incident-2024-10-0897,news,Female commuter,Paper cutter,4,Motorcycle (Pulsar/FZ),"Muggers armed with a paper cutter intercepted a female commuter along the poorly lit section of Dhanmondi 27 Inner Connector, fleeing with cash and bag.",INTERSECTION,PROBABLE,0.89
DHK-2024-0034,2024-10-21,18:29,2024,10,Monday,18,Robbery,Shyamoli - under the Shyamoli footover bridge,ROAD_30,Mirpur Road (Shyamoli to Mirpur-1),Shyamoli,Adabor,23.78182,90.359031,Daily Sun,https://www.daily-sun.com/post/crime/incident-2024-10-0034,news,Small shopkeeper,Sharp knife (Chhuri),4,On foot (sprint),A small shopkeeper had their smartphone snatched by 4 perpetrators on a on foot (sprint) under the Shyamoli footover bridge around 18:29.,INTERSECTION,VERIFIED,0.82
DHK-2024-1046,2024-10-22,00:27,2024,10,Tuesday,0,Mugging,Mohammadpur - under the Mohammadpur footover bridge,ROAD_53,Asad Gate to Shyamoli (Mirpur Road),Mohammadpur,Mohammadpur,23.768605,90.364458,The Business Standard,https://tbsnews.net/bangladesh/crime/incident-2024-10-1046,news,Female commuter,Sharp knife (Chhuri),2,Leguna van,Reported incident of mugging involving a female commuter at under the Mohammadpur footover bridge. Suspects fled using a leguna van.,EXACT,VERIFIED,0.78
DHK-2024-0396,2024-10-22,18:45,2024,10,Tuesday,18,Snatching,Nilkhet - along the poorly lit section of New Market to Sadarghat Riverfront Connector,ROAD_52,New Market to Sadarghat Riverfront Connector,Nilkhet,New Market,23.730026,90.38722,DMP Monthly Blotter,https://dmp.gov.bd/crime-statistics/incident-2024-10-0396,police_report,Office worker,Firearm / Pistol,4,On foot (sprint),Reported incident of snatching involving a office worker at along the poorly lit section of New Market to Sadarghat Riverfront Connector. Suspects fled using a on foot (sprint).,EXACT,VERIFIED,0.95
DHK-2024-0985,2024-10-23,17:08,2024,10,Wednesday,17,Robbery,Farmgate - along the poorly lit section of Kazi Nazrul Islam Ave (Farmgate to Karwan Bazar),ROAD_07,Kazi Nazrul Islam Ave (Farmgate to Karwan Bazar),Farmgate,Tejgaon,23.755949,90.389928,bdnews24,https://bdnews24.com/bangladesh/incident-2024-10-0985,news,University student,Unarmed / Speed snatch,4,Leguna van,Reported incident of robbery involving a university student at along the poorly lit section of Kazi Nazrul Islam Ave (Farmgate to Karwan Bazar). Suspects fled using a leguna van.,INTERSECTION,VERIFIED,0.78
DHK-2024-0810,2024-10-23,19:27,2024,10,Wednesday,19,Mugging,Mirpur - close to the Mirpur market square,ROAD_32,Mirpur-10 to Mirpur-11 Strip,Mirpur,Mirpur,23.816232,90.366162,DMP Monthly Blotter,https://dmp.gov.bd/crime-statistics/incident-2024-10-0810,police_report,University student,Pepper spray,2,CNG auto-rickshaw,A university student had their smartphone snatched by 2 perpetrators on a cng auto-rickshaw close to the Mirpur market square around 19:27.,EXACT,VERIFIED,0.95
DHK-2024-0319,2024-10-24,19:03,2024,10,Thursday,19,Snatching,Gulshan - close to the Gulshan market square,ROAD_20,Madani Avenue (Gulshan-2 to Notun Bazar),Gulshan,Gulshan,23.792683,90.416248,Daily Sun,https://www.daily-sun.com/post/crime/incident-2024-10-0319,news,Pedestrian,Sharp knife (Chhuri),3,On foot (sprint),A pedestrian had their smartphone snatched by 3 perpetrators on a on foot (sprint) close to the Gulshan market square around 19:03.,EXACT,PROBABLE,0.84
DHK-2024-0913,2024-10-24,19:48,2024,10,Thursday,19,Robbery,Agargaon - in front of the commercial complex at Agargaon,ROAD_27,Begum Rokeya Sarani (Agargaon to Shewrapara),Agargaon,Sher-e-Bangla Nagar,23.783321,90.37365,The Business Standard,https://tbsnews.net/bangladesh/crime/incident-2024-10-0913,news,Female commuter,Pepper spray,2,Motorcycle (Pulsar/FZ),"Muggers armed with a pepper spray intercepted a female commuter in front of the commercial complex at Agargaon, fleeing with cash and bag.",INTERSECTION,VERIFIED,0.88
DHK-2024-0542,2024-10-25,02:44,2024,10,Friday,2,Pickpocketing,Mirpur - near Mirpur bus stop,ROAD_28,Begum Rokeya Sarani (Shewrapara to Kazipara),Mirpur,Kafrul,23.79014,90.372001,The Business Standard,https://tbsnews.net/bangladesh/crime/incident-2024-10-0542,news,Pedestrian,Sharp knife (Chhuri),1,Motorcycle (Pulsar/FZ),Police blotter recorded a swift snatching incident near Mirpur bus stop during Friday night hours.,INTERSECTION,VERIFIED,0.9
DHK-2024-0241,2024-10-26,23:55,2024,10,Saturday,23,Robbery,Baridhara - under the Baridhara footover bridge,ROAD_21,Pragiti Sarani (Notun Bazar to Badda Link),Baridhara,Bhatara,23.790478,90.426158,The Daily Star,https://www.thedailystar.net/crime/incident-2024-10-0241,news,Office worker,Unarmed / Speed snatch,3,Motorcycle (Pulsar/FZ),"Muggers armed with a unarmed / speed snatch intercepted a office worker under the Baridhara footover bridge, fleeing with cash and bag.",ROAD,PROBABLE,0.91
DHK-2024-1256,2024-10-27,17:39,2024,10,Sunday,17,Mugging,Mirpur - in front of the commercial complex at Mirpur,ROAD_29,Begum Rokeya Sarani (Kazipara to Mirpur-10),Mirpur,Kafrul,23.796541,90.370733,The Daily Star,https://www.thedailystar.net/crime/incident-2024-10-1256,news,Female commuter,Sharp knife (Chhuri),1,On foot (sprint),Police blotter recorded a swift snatching incident in front of the commercial complex at Mirpur during Sunday night hours.,ROAD,VERIFIED,0.88
DHK-2024-0627,2024-10-29,18:14,2024,10,Tuesday,18,Theft,Mirpur - along the poorly lit section of Mirpur-10 to Mirpur-11 Strip,ROAD_32,Mirpur-10 to Mirpur-11 Strip,Mirpur,Mirpur,23.815464,90.366311,The Business Standard,https://tbsnews.net/bangladesh/crime/incident-2024-10-0627,news,University student,Firearm / Pistol,2,Private car,"Muggers armed with a firearm / pistol intercepted a university student along the poorly lit section of Mirpur-10 to Mirpur-11 Strip, fleeing with cash and bag.",EXACT,VERIFIED,0.77
DHK-2024-1240,2024-10-30,01:23,2024,10,Wednesday,1,Snatching,Farmgate - near the intersection approaching Bijoy Sarani Chottor,ROAD_11,Airport Road (Farmgate to Bijoy Sarani),Farmgate,Tejgaon,23.75741,90.389269,Daily Sun,https://www.daily-sun.com/post/crime/incident-2024-10-1240,news,Pedestrian,Sharp knife (Chhuri),2,On foot (sprint),A pedestrian had their smartphone snatched by 2 perpetrators on a on foot (sprint) near the intersection approaching Bijoy Sarani Chottor around 01:23.,INTERSECTION,VERIFIED,0.83
DHK-2024-0237,2024-10-30,13:01,2024,10,Wednesday,13,Snatching,Mohakhali - along the poorly lit section of Mohakhali to Gulshan-1 (Gulshan South Ave),ROAD_15,Mohakhali to Gulshan-1 (Gulshan South Ave),Mohakhali,Banani,23.778531,90.41106,Dhaka Tribune,https://www.dhakatribune.com/bangladesh/crime/incident-2024-10-0237,news,Female commuter,Unarmed / Speed snatch,3,On foot (sprint),Police blotter recorded a swift snatching incident along the poorly lit section of Mohakhali to Gulshan-1 (Gulshan South Ave) during Wednesday night hours.,INTERSECTION,VERIFIED,0.79
DHK-2024-0902,2024-10-30,17:57,2024,10,Wednesday,17,Mugging,Badda - near Badda bus stop,ROAD_22,Pragiti Sarani (Badda Link to Rampura Bridge),Badda,Badda,23.772039,90.427481,The Business Standard,https://tbsnews.net/bangladesh/crime/incident-2024-10-0902,news,University student,Sharp knife (Chhuri),4,Motorcycle (Pulsar/FZ),"Muggers armed with a sharp knife (chhuri) intercepted a university student near Badda bus stop, fleeing with cash and bag.",ROAD,VERIFIED,0.96
DHK-2024-1161,2024-10-31,19:10,2024,10,Thursday,19,Snatching,Banani - in front of the commercial complex at Banani,ROAD_19,Banani 11 to Gulshan-2 Bridge Link,Banani,Banani,23.792612,90.413019,DMP Monthly Blotter,https://dmp.gov.bd/crime-statistics/incident-2024-10-1161,police_report,Office worker,Paper cutter,1,Motorcycle (Pulsar/FZ),Reported incident of snatching involving a office worker at in front of the commercial complex at Banani. Suspects fled using a motorcycle (pulsar/fz).,EXACT,VERIFIED,0.96
DHK-2024-0084,2024-11-03,17:54,2024,11,Sunday,17,Snatching,Nilkhet - near the intersection approaching Sadarghat Launch Terminal,ROAD_52,New Market to Sadarghat Riverfront Connector,Nilkhet,New Market,23.716161,90.403154,The Business Standard,https://tbsnews.net/bangladesh/crime/incident-2024-11-0084,news,Office worker,Paper cutter,2,Motorcycle (Pulsar/FZ),A office worker had their smartphone snatched by 2 perpetrators on a motorcycle (pulsar/fz) near the intersection approaching Sadarghat Launch Terminal around 17:54.,EXACT,VERIFIED,0.89
DHK-2024-0872,2024-11-04,07:08,2024,11,Monday,7,Theft,Motijheel - in front of the commercial complex at Motijheel,ROAD_49,Motijheel to Sayedabad Bus Terminal,Motijheel,Motijheel,23.72411,90.422216,DMP Monthly Blotter,https://dmp.gov.bd/crime-statistics/incident-2024-11-0872,police_report,Small shopkeeper,Sharp knife (Chhuri),2,On foot (sprint),Reported incident of theft involving a small shopkeeper at in front of the commercial complex at Motijheel. Suspects fled using a on foot (sprint).,INTERSECTION,PROBABLE,0.92
DHK-2024-1246,2024-11-04,17:34,2024,11,Monday,17,Mugging,Motijheel - along the poorly lit section of Motijheel to Sayedabad Bus Terminal,ROAD_49,Motijheel to Sayedabad Bus Terminal,Motijheel,Motijheel,23.722895,90.422987,Prothom Alo,https://en.prothomalo.com/bangladesh/crime-and-law/incident-2024-11-1246,news,Female commuter,Unarmed / Speed snatch,2,Motorcycle (Pulsar/FZ),"Muggers armed with a unarmed / speed snatch intercepted a female commuter along the poorly lit section of Motijheel to Sayedabad Bus Terminal, fleeing with cash and bag.",INTERSECTION,PROBABLE,0.86
DHK-2024-0224,2024-11-06,21:14,2024,11,Wednesday,21,Snatching,Tejgaon - close to the Tejgaon market square,ROAD_13,Airport Road (Jahangir Gate to Mohakhali),Tejgaon,Cantonment,23.774017,90.395848,The Business Standard,https://tbsnews.net/bangladesh/crime/incident-2024-11-0224,news,Office worker,Unarmed / Speed snatch,2,Motorcycle (Pulsar/FZ),Police blotter recorded a swift snatching incident close to the Tejgaon market square during Wednesday night hours.,ROAD,VERIFIED,0.97
DHK-2024-0826,2024-11-09,19:51,2024,11,Saturday,19,Snatching,Badda - near Badda bus stop,ROAD_22,Pragiti Sarani (Badda Link to Rampura Bridge),Badda,Badda,23.766574,90.42609,The Daily Star,https://www.thedailystar.net/crime/incident-2024-11-0826,news,Female commuter,Unarmed / Speed snatch,1,Motorcycle (Pulsar/FZ),Reported incident of snatching involving a female commuter at near Badda bus stop. Suspects fled using a motorcycle (pulsar/fz).,ROAD,VERIFIED,0.76
DHK-2024-1175,2024-11-09,20:26,2024,11,Saturday,20,Theft,Gulshan - near the intersection approaching Notun Bazar / Madani Ave,ROAD_20,Madani Avenue (Gulshan-2 to Notun Bazar),Gulshan,Gulshan,23.793934,90.418005,The Daily Star,https://www.thedailystar.net/crime/incident-2024-11-1175,news,Small shopkeeper,Sharp knife (Chhuri),1,Motorcycle (Pulsar/FZ),A small shopkeeper had their smartphone snatched by 1 perpetrators on a motorcycle (pulsar/fz) near the intersection approaching Notun Bazar / Madani Ave around 20:26.,ROAD,VERIFIED,0.87
DHK-2024-0342,2024-11-09,20:44,2024,11,Saturday,20,Mugging,Mirpur - close to the Mirpur market square,ROAD_32,Mirpur-10 to Mirpur-11 Strip,Mirpur,Mirpur,23.809761,90.368159,Prothom Alo,https://en.prothomalo.com/bangladesh/crime-and-law/incident-2024-11-0342,news,Pedestrian,Sharp knife (Chhuri),2,Motorcycle (Pulsar/FZ),Reported incident of mugging involving a pedestrian at close to the Mirpur market square. Suspects fled using a motorcycle (pulsar/fz).,INTERSECTION,VERIFIED,0.81
DHK-2024-0824,2024-11-09,23:54,2024,11,Saturday,23,Snatching,Paltan - near Paltan bus stop,ROAD_51,Paltan to Sadarghat (Old Dhaka Arterial),Paltan,Paltan,23.717764,90.411311,bdnews24,https://bdnews24.com/bangladesh/incident-2024-11-0824,news,Female commuter,Unarmed / Speed snatch,2,On foot (sprint),Police blotter recorded a swift snatching incident near Paltan bus stop during Saturday night hours.,INTERSECTION,VERIFIED,0.95
DHK-2024-0910,2024-11-13,16:09,2024,11,Wednesday,16,Robbery,Mirpur - in front of the commercial complex at Mirpur,ROAD_29,Begum Rokeya Sarani (Kazipara to Mirpur-10),Mirpur,Kafrul,23.804417,90.369156,Daily Sun,https://www.daily-sun.com/post/crime/incident-2024-11-0910,news,Rickshaw passenger,Sharp knife (Chhuri),4,Motorcycle (Pulsar/FZ),A rickshaw passenger had their smartphone snatched by 4 perpetrators on a motorcycle (pulsar/fz) in front of the commercial complex at Mirpur around 16:09.,INTERSECTION,PROBABLE,0.96
DHK-2024-0181,2024-11-13,21:51,2024,11,Wednesday,21,Snatching,Gulshan - near the intersection approaching Gulshan 2 Circle,ROAD_16,Gulshan Avenue (Gulshan-1 to Gulshan-2),Gulshan,Gulshan,23.785264,90.416601,DMP Monthly Blotter,https://dmp.gov.bd/crime-statistics/incident-2024-11-0181,police_report,Rickshaw passenger,Firearm / Pistol,2,Motorcycle (Pulsar/FZ),Reported incident of snatching involving a rickshaw passenger at near the intersection approaching Gulshan 2 Circle. Suspects fled using a motorcycle (pulsar/fz).,EXACT,VERIFIED,0.79
DHK-2024-0555,2024-11-14,08:22,2024,11,Thursday,8,Robbery,Mirpur - close to the Mirpur market square,ROAD_31,Mirpur-1 to Mirpur-10 Connector,Mirpur,Mirpur,23.801807,90.361833,Dhaka Tribune,https://www.dhakatribune.com/bangladesh/crime/incident-2024-11-0555,news,Office worker,Pepper spray,2,Private car,A office worker had their smartphone snatched by 2 perpetrators on a private car close to the Mirpur market square around 08:22.,EXACT,PROBABLE,0.82
DHK-2024-0931,2024-11-14,21:49,2024,11,Thursday,21,Theft,Dhanmondi - under the Dhanmondi footover bridge,ROAD_05,Dhanmondi 27 Inner Connector,Dhanmondi,Dhanmondi,23.755407,90.367668,The Daily Star,https://www.thedailystar.net/crime/incident-2024-11-0931,news,Pedestrian,Unarmed / Speed snatch,2,Motorcycle (Pulsar/FZ),Police blotter recorded a swift snatching incident under the Dhanmondi footover bridge during Thursday night hours.,EXACT,PROBABLE,0.97
DHK-2024-0981,2024-11-14,22:07,2024,11,Thursday,22,Pickpocketing,Dhanmondi - under the Dhanmondi footover bridge,ROAD_05,Dhanmondi 27 Inner Connector,Dhanmondi,Dhanmondi,23.756042,90.366955,The Daily Star,https://www.thedailystar.net/crime/incident-2024-11-0981,news,Motorcyclist,Sharp knife (Chhuri),2,Motorcycle (Pulsar/FZ),Police blotter recorded a swift snatching incident under the Dhanmondi footover bridge during Thursday night hours.,INTERSECTION,VERIFIED,0.87
DHK-2024-1254,2024-11-15,18:48,2024,11,Friday,18,Snatching,Mohakhali - along the poorly lit section of Mohakhali to Gulshan-1 (Gulshan South Ave),ROAD_15,Mohakhali to Gulshan-1 (Gulshan South Ave),Mohakhali,Banani,23.77796,90.408494,bdnews24,https://bdnews24.com/bangladesh/incident-2024-11-1254,news,Motorcyclist,Unarmed / Speed snatch,4,Motorcycle (Pulsar/FZ),Police blotter recorded a swift snatching incident along the poorly lit section of Mohakhali to Gulshan-1 (Gulshan South Ave) during Friday night hours.,AREA,VERIFIED,0.84
DHK-2024-0133,2024-11-16,00:04,2024,11,Saturday,0,Snatching,Tejgaon - near the intersection approaching Gulshan 1 Circle,ROAD_25,Tejgaon-Gulshan Link Road,Tejgaon,Tejgaon Industrial,23.769249,90.406943,Prothom Alo,https://en.prothomalo.com/bangladesh/crime-and-law/incident-2024-11-0133,news,Office worker,Firearm / Pistol,4,On foot (sprint),"Muggers armed with a firearm / pistol intercepted a office worker near the intersection approaching Gulshan 1 Circle, fleeing with cash and bag.",INTERSECTION,VERIFIED,0.83
DHK-2024-1234,2024-11-17,00:54,2024,11,Sunday,0,Snatching,Farmgate - in front of the commercial complex at Farmgate,ROAD_11,Airport Road (Farmgate to Bijoy Sarani),Farmgate,Tejgaon,23.761734,90.388462,bdnews24,https://bdnews24.com/bangladesh/incident-2024-11-1234,news,Motorcyclist,Sharp knife (Chhuri),2,CNG auto-rickshaw,A motorcyclist had their smartphone snatched by 2 perpetrators on a cng auto-rickshaw in front of the commercial complex at Farmgate around 00:54.,ROAD,VERIFIED,0.78
DHK-2024-0035,2024-11-17,06:05,2024,11,Sunday,6,Theft,Mirpur - under the Mirpur footover bridge,ROAD_34,Mirpur-1 to Gabtoli Highway,Mirpur,Mirpur,23.786148,90.348375,Dhaka Tribune,https://www.dhakatribune.com/bangladesh/crime/incident-2024-11-0035,news,Small shopkeeper,Iron rod,2,Leguna van,A small shopkeeper had their smartphone snatched by 2 perpetrators on a leguna van under the Mirpur footover bridge around 06:05.,INTERSECTION,VERIFIED,0.76
DHK-2024-0837,2024-11-19,22:27,2024,11,Tuesday,22,Snatching,Motijheel - along the poorly lit section of Motijheel to Sayedabad Bus Terminal,ROAD_49,Motijheel to Sayedabad Bus Terminal,Motijheel,Motijheel,23.72182,90.423883,bdnews24,https://bdnews24.com/bangladesh/incident-2024-11-0837,news,Female commuter,Pepper spray,2,Motorcycle (Pulsar/FZ),A female commuter had their smartphone snatched by 2 perpetrators on a motorcycle (pulsar/fz) along the poorly lit section of Motijheel to Sayedabad Bus Terminal around 22:27.,EXACT,VERIFIED,0.79
DHK-2024-1219,2024-11-20,21:41,2024,11,Wednesday,21,Mugging,Tejgaon - under the Tejgaon footover bridge,ROAD_26,Tejgaon Industrial to Farmgate Link,Tejgaon,Tejgaon Industrial,23.75754,90.390357,Dhaka Tribune,https://www.dhakatribune.com/bangladesh/crime/incident-2024-11-1219,news,University student,Paper cutter,3,Leguna van,A university student had their smartphone snatched by 3 perpetrators on a leguna van under the Tejgaon footover bridge around 21:41.,EXACT,VERIFIED,0.85
DHK-2024-1235,2024-11-21,19:59,2024,11,Thursday,19,Mugging,Mirpur - along the poorly lit section of Mirpur-11 to Mirpur-12 Avenue,ROAD_33,Mirpur-11 to Mirpur-12 Avenue,Mirpur,Pallabi,23.823515,90.363886,DMP Monthly Blotter,https://dmp.gov.bd/crime-statistics/incident-2024-11-1235,police_report,Office worker,Sharp knife (Chhuri),2,Motorcycle (Pulsar/FZ),A office worker had their smartphone snatched by 2 perpetrators on a motorcycle (pulsar/fz) along the poorly lit section of Mirpur-11 to Mirpur-12 Avenue around 19:59.,INTERSECTION,VERIFIED,0.86
DHK-2024-0382,2024-11-23,20:33,2024,11,Saturday,20,Snatching,Mirpur - along the poorly lit section of Mirpur-1 to Gabtoli Highway,ROAD_34,Mirpur-1 to Gabtoli Highway,Mirpur,Mirpur,23.789366,90.350095,The Business Standard,https://tbsnews.net/bangladesh/crime/incident-2024-11-0382,news,Office worker,Paper cutter,2,Motorcycle (Pulsar/FZ),Reported incident of snatching involving a office worker at along the poorly lit section of Mirpur-1 to Gabtoli Highway. Suspects fled using a motorcycle (pulsar/fz).,ROAD,VERIFIED,0.9
DHK-2024-0010,2024-11-25,10:51,2024,11,Monday,10,Robbery,Badda - under the Badda footover bridge,ROAD_22,Pragiti Sarani (Badda Link to Rampura Bridge),Badda,Badda,23.764752,90.425729,bdnews24,https://bdnews24.com/bangladesh/incident-2024-11-0010,news,Rickshaw passenger,Sharp knife (Chhuri),2,CNG auto-rickshaw,Reported incident of robbery involving a rickshaw passenger at under the Badda footover bridge. Suspects fled using a cng auto-rickshaw.,EXACT,UNCONFIRMED,0.59
DHK-2024-0180,2024-11-25,20:35,2024,11,Monday,20,Snatching,Farmgate - near Farmgate bus stop,ROAD_07,Kazi Nazrul Islam Ave (Farmgate to Karwan Bazar),Farmgate,Tejgaon,23.752083,90.393339,DMP Monthly Blotter,https://dmp.gov.bd/crime-statistics/incident-2024-11-0180,police_report,University student,Sharp knife (Chhuri),3,Motorcycle (Pulsar/FZ),A university student had their smartphone snatched by 3 perpetrators on a motorcycle (pulsar/fz) near Farmgate bus stop around 20:35.,EXACT,VERIFIED,0.76
DHK-2024-1264,2024-11-26,09:09,2024,11,Tuesday,9,Theft,Motijheel - in front of the commercial complex at Motijheel,ROAD_49,Motijheel to Sayedabad Bus Terminal,Motijheel,Motijheel,23.716265,90.428869,The Daily Star,https://www.thedailystar.net/crime/incident-2024-11-1264,news,Female commuter,Sharp knife (Chhuri),4,On foot (sprint),A female commuter had their smartphone snatched by 4 perpetrators on a on foot (sprint) in front of the commercial complex at Motijheel around 09:09.,AREA,VERIFIED,0.86
DHK-2024-0456,2024-11-26,13:49,2024,11,Tuesday,13,Snatching,Mirpur - close to the Mirpur market square,ROAD_31,Mirpur-1 to Mirpur-10 Connector,Mirpur,Mirpur,23.800483,90.360705,The Daily Star,https://www.thedailystar.net/crime/incident-2024-11-0456,news,University student,Unarmed / Speed snatch,1,CNG auto-rickshaw,A university student had their smartphone snatched by 1 perpetrators on a cng auto-rickshaw close to the Mirpur market square around 13:49.,INTERSECTION,PROBABLE,0.84
DHK-2024-0611,2024-11-27,23:05,2024,11,Wednesday,23,Snatching,Mirpur - near Mirpur bus stop,ROAD_34,Mirpur-1 to Gabtoli Highway,Mirpur,Mirpur,23.785903,90.347986,Dhaka Tribune,https://www.dhakatribune.com/bangladesh/crime/incident-2024-11-0611,news,Rickshaw passenger,Firearm / Pistol,3,On foot (sprint),Police blotter recorded a swift snatching incident near Mirpur bus stop during Wednesday night hours.,INTERSECTION,VERIFIED,0.9
DHK-2024-0814,2024-11-28,20:53,2024,11,Thursday,20,Robbery,Karwan Bazar - near the intersection approaching Shahbagh Intersection,ROAD_08,Kazi Nazrul Islam Ave (Karwan Bazar to Shahbagh),Karwan Bazar,Tejgaon,23.750803,90.39408,The Daily Star,https://www.thedailystar.net/crime/incident-2024-11-0814,news,Small shopkeeper,Pepper spray,3,Motorcycle (Pulsar/FZ),Police blotter recorded a swift snatching incident near the intersection approaching Shahbagh Intersection during Thursday night hours.,INTERSECTION,VERIFIED,0.93
DHK-2024-1129,2024-11-29,17:46,2024,11,Friday,17,Snatching,Mohammadpur - near Mohammadpur bus stop,ROAD_36,Town Hall to Beribadh Link,Mohammadpur,Mohammadpur,23.755848,90.35045,The Business Standard,https://tbsnews.net/bangladesh/crime/incident-2024-11-1129,news,Office worker,Unarmed / Speed snatch,1,On foot (sprint),Police blotter recorded a swift snatching incident near Mohammadpur bus stop during Friday night hours.,EXACT,VERIFIED,0.97
DHK-2024-0394,2024-12-03,09:18,2024,12,Tuesday,9,Snatching,Mohammadpur - close to the Mohammadpur market square,ROAD_35,Mohammadpur Beribadh Outer Road,Mohammadpur,Mohammadpur,23.767913,90.347495,The Business Standard,https://tbsnews.net/bangladesh/crime/incident-2024-12-0394,news,Office worker,Unarmed / Speed snatch,3,Motorcycle (Pulsar/FZ),Reported incident of snatching involving a office worker at close to the Mohammadpur market square. Suspects fled using a motorcycle (pulsar/fz).,INTERSECTION,PROBABLE,0.91
DHK-2024-0894,2024-12-03,12:20,2024,12,Tuesday,12,Snatching,Dhanmondi - close to the Dhanmondi market square,ROAD_10,Science Lab to Nilkhet / New Market,Dhanmondi,New Market,23.734455,90.384007,bdnews24,https://bdnews24.com/bangladesh/incident-2024-12-0894,news,Motorcyclist,Sharp knife (Chhuri),1,Motorcycle (Pulsar/FZ),Reported incident of snatching involving a motorcyclist at close to the Dhanmondi market square. Suspects fled using a motorcycle (pulsar/fz).,INTERSECTION,VERIFIED,0.94
DHK-2024-0646,2024-12-03,17:41,2024,12,Tuesday,17,Theft,Rampura - along the poorly lit section of Hatirjheel Expressway (Rampura to Mohakhali),ROAD_24,Hatirjheel Expressway (Rampura to Mohakhali),Rampura,Rampura,23.772257,90.409405,The Business Standard,https://tbsnews.net/bangladesh/crime/incident-2024-12-0646,news,Motorcyclist,Sharp knife (Chhuri),3,Motorcycle (Pulsar/FZ),Police blotter recorded a swift snatching incident along the poorly lit section of Hatirjheel Expressway (Rampura to Mohakhali) during Tuesday night hours.,ROAD,VERIFIED,0.82
DHK-2024-0590,2024-12-04,21:34,2024,12,Wednesday,21,Mugging,Sayedabad - close to the Sayedabad market square,ROAD_50,Sayedabad to Jatrabari Flyover Entrance,Sayedabad,Jatrabari,23.711867,90.4339,bdnews24,https://bdnews24.com/bangladesh/incident-2024-12-0590,news,Motorcyclist,Paper cutter,4,Leguna van,Police blotter recorded a swift snatching incident close to the Sayedabad market square during Wednesday night hours.,INTERSECTION,VERIFIED,0.83
DHK-2024-0418,2024-12-05,12:13,2024,12,Thursday,12,Mugging,Baridhara - near the intersection approaching Badda Link Road,ROAD_21,Pragiti Sarani (Notun Bazar to Badda Link),Baridhara,Bhatara,23.790128,90.426334,Dhaka Tribune,https://www.dhakatribune.com/bangladesh/crime/incident-2024-12-0418,news,Rickshaw passenger,Unarmed / Speed snatch,2,Motorcycle (Pulsar/FZ),Reported incident of mugging involving a rickshaw passenger at near the intersection approaching Badda Link Road. Suspects fled using a motorcycle (pulsar/fz).,INTERSECTION,PROBABLE,0.79
DHK-2024-0650,2024-12-05,14:09,2024,12,Thursday,14,Mugging,Banani - along the poorly lit section of Banani Road 11 (Commercial Strip),ROAD_18,Banani Road 11 (Commercial Strip),Banani,Banani,23.793463,90.40616,Prothom Alo,https://en.prothomalo.com/bangladesh/crime-and-law/incident-2024-12-0650,news,Pedestrian,Sharp knife (Chhuri),1,On foot (sprint),Police blotter recorded a swift snatching incident along the poorly lit section of Banani Road 11 (Commercial Strip) during Thursday night hours.,ROAD,PROBABLE,0.93
DHK-2024-0089,2024-12-08,10:37,2024,12,Sunday,10,Mugging,Dhanmondi - under the Dhanmondi footover bridge,ROAD_05,Dhanmondi 27 Inner Connector,Dhanmondi,Dhanmondi,23.755641,90.36776,bdnews24,https://bdnews24.com/bangladesh/incident-2024-12-0089,news,Small shopkeeper,Pepper spray,2,Motorcycle (Pulsar/FZ),Police blotter recorded a swift snatching incident under the Dhanmondi footover bridge during Sunday night hours.,EXACT,VERIFIED,0.95
DHK-2024-0236,2024-12-09,02:03,2024,12,Monday,2,Mugging,Shahbagh - near the intersection approaching Kakrail Mosque Mor,ROAD_42,Shahbagh to Kakrail VIP Road,Shahbagh,Shahbagh,23.738659,90.396549,DMP Monthly Blotter,https://dmp.gov.bd/crime-statistics/incident-2024-12-0236,police_report,Small shopkeeper,Unarmed / Speed snatch,3,On foot (sprint),Police blotter recorded a swift snatching incident near the intersection approaching Kakrail Mosque Mor during Monday night hours.,EXACT,VERIFIED,0.97
DHK-2024-0291,2024-12-11,18:33,2024,12,Wednesday,18,Robbery,Dhanmondi - close to the Dhanmondi market square,ROAD_10,Science Lab to Nilkhet / New Market,Dhanmondi,New Market,23.736332,90.383614,Prothom Alo,https://en.prothomalo.com/bangladesh/crime-and-law/incident-2024-12-0291,news,Rickshaw passenger,Iron rod,4,On foot (sprint),A rickshaw passenger had their smartphone snatched by 4 perpetrators on a on foot (sprint) close to the Dhanmondi market square around 18:33.,INTERSECTION,VERIFIED,0.93
DHK-2024-1228,2024-12-11,22:31,2024,12,Wednesday,22,Snatching,Mohammadpur - close to the Mohammadpur market square,ROAD_35,Mohammadpur Beribadh Outer Road,Mohammadpur,Mohammadpur,23.774709,90.347046,DMP Monthly Blotter,https://dmp.gov.bd/crime-statistics/incident-2024-12-1228,police_report,Rickshaw passenger,Sharp knife (Chhuri),2,Leguna van,Reported incident of snatching involving a rickshaw passenger at close to the Mohammadpur market square. Suspects fled using a leguna van.,ROAD,VERIFIED,0.83
DHK-2024-0968,2024-12-12,02:40,2024,12,Thursday,2,Theft,Baridhara - in front of the commercial complex at Baridhara,ROAD_21,Pragiti Sarani (Notun Bazar to Badda Link),Baridhara,Bhatara,23.786016,90.426789,The Business Standard,https://tbsnews.net/bangladesh/crime/incident-2024-12-0968,news,Motorcyclist,Paper cutter,2,Motorcycle (Pulsar/FZ),"Muggers armed with a paper cutter intercepted a motorcyclist in front of the commercial complex at Baridhara, fleeing with cash and bag.",INTERSECTION,VERIFIED,0.84
DHK-2024-0325,2024-12-18,17:16,2024,12,Wednesday,17,Snatching,Tejgaon - under the Tejgaon footover bridge,ROAD_13,Airport Road (Jahangir Gate to Mohakhali),Tejgaon,Cantonment,23.776433,90.398632,bdnews24,https://bdnews24.com/bangladesh/incident-2024-12-0325,news,Office worker,Sharp knife (Chhuri),2,Motorcycle (Pulsar/FZ),Police blotter recorded a swift snatching incident under the Tejgaon footover bridge during Wednesday night hours.,ROAD,UNCONFIRMED,0.6
DHK-2024-0114,2024-12-18,17:54,2024,12,Wednesday,17,Robbery,Mirpur - near the intersection approaching Mirpur 11 Bus Stand,ROAD_32,Mirpur-10 to Mirpur-11 Strip,Mirpur,Mirpur,23.812888,90.366976,Dhaka Tribune,https://www.dhakatribune.com/bangladesh/crime/incident-2024-12-0114,news,Small shopkeeper,Sharp knife (Chhuri),2,CNG auto-rickshaw,A small shopkeeper had their smartphone snatched by 2 perpetrators on a cng auto-rickshaw near the intersection approaching Mirpur 11 Bus Stand around 17:54.,AREA,VERIFIED,0.89
DHK-2024-1074,2024-12-19,00:34,2024,12,Thursday,0,Snatching,Mohammadpur - close to the Mohammadpur market square,ROAD_54,Mohammadpur Town Hall to Asad Gate,Mohammadpur,Mohammadpur,23.759935,90.364732,The Daily Star,https://www.thedailystar.net/crime/incident-2024-12-1074,news,Small shopkeeper,Paper cutter,2,CNG auto-rickshaw,Reported incident of snatching involving a small shopkeeper at close to the Mohammadpur market square. Suspects fled using a cng auto-rickshaw.,INTERSECTION,VERIFIED,0.96
DHK-2024-0956,2024-12-19,13:45,2024,12,Thursday,13,Snatching,Kalabagan - in front of the commercial complex at Kalabagan,ROAD_02,Mirpur Road (Kalabagan to Russell Square),Kalabagan,Kalabagan,23.748024,90.378892,The Daily Star,https://www.thedailystar.net/crime/incident-2024-12-0956,news,Pedestrian,Firearm / Pistol,1,Motorcycle (Pulsar/FZ),Reported incident of snatching involving a pedestrian at in front of the commercial complex at Kalabagan. Suspects fled using a motorcycle (pulsar/fz).,ROAD,VERIFIED,0.8
DHK-2024-0602,2024-12-20,01:14,2024,12,Friday,1,Snatching,Mirpur - near the intersection approaching Mirpur 10 Roundabout,ROAD_31,Mirpur-1 to Mirpur-10 Connector,Mirpur,Mirpur,23.803554,90.364237,DMP Monthly Blotter,https://dmp.gov.bd/crime-statistics/incident-2024-12-0602,police_report,Pedestrian,Sharp knife (Chhuri),1,On foot (sprint),"Muggers armed with a sharp knife (chhuri) intercepted a pedestrian near the intersection approaching Mirpur 10 Roundabout, fleeing with cash and bag.",INTERSECTION,VERIFIED,0.97
DHK-2024-0675,2024-12-20,22:01,2024,12,Friday,22,Snatching,Tejgaon - under the Tejgaon footover bridge,ROAD_26,Tejgaon Industrial to Farmgate Link,Tejgaon,Tejgaon Industrial,23.764027,90.401103,DMP Monthly Blotter,https://dmp.gov.bd/crime-statistics/incident-2024-12-0675,police_report,Female commuter,Sharp knife (Chhuri),2,Motorcycle (Pulsar/FZ),"Muggers armed with a sharp knife (chhuri) intercepted a female commuter under the Tejgaon footover bridge, fleeing with cash and bag.",INTERSECTION,VERIFIED,0.87
DHK-2024-0717,2024-12-21,19:26,2024,12,Saturday,19,Snatching,Mirpur - near Mirpur bus stop,ROAD_31,Mirpur-1 to Mirpur-10 Connector,Mirpur,Mirpur,23.802413,90.362873,bdnews24,https://bdnews24.com/bangladesh/incident-2024-12-0717,news,Office worker,Sharp knife (Chhuri),1,Motorcycle (Pulsar/FZ),"Muggers armed with a sharp knife (chhuri) intercepted a office worker near Mirpur bus stop, fleeing with cash and bag.",INTERSECTION,VERIFIED,0.89
DHK-2024-0151,2024-12-22,18:34,2024,12,Sunday,18,Theft,Motijheel - along the poorly lit section of Motijheel to Sayedabad Bus Terminal,ROAD_49,Motijheel to Sayedabad Bus Terminal,Motijheel,Motijheel,23.723354,90.422922,The Business Standard,https://tbsnews.net/bangladesh/crime/incident-2024-12-0151,news,University student,Unarmed / Speed snatch,4,Private car,"Muggers armed with a unarmed / speed snatch intercepted a university student along the poorly lit section of Motijheel to Sayedabad Bus Terminal, fleeing with cash and bag.",INTERSECTION,PROBABLE,0.94
DHK-2024-0553,2024-12-25,13:59,2024,12,Wednesday,13,Snatching,Farmgate - under the Farmgate footover bridge,ROAD_07,Kazi Nazrul Islam Ave (Farmgate to Karwan Bazar),Farmgate,Tejgaon,23.756337,90.389809,The Business Standard,https://tbsnews.net/bangladesh/crime/incident-2024-12-0553,news,University student,Paper cutter,2,On foot (sprint),"Muggers armed with a paper cutter intercepted a university student under the Farmgate footover bridge, fleeing with cash and bag.",EXACT,VERIFIED,0.91
DHK-2024-0845,2024-12-27,05:21,2024,12,Friday,5,Snatching,Farmgate - near the intersection approaching Bijoy Sarani Chottor,ROAD_11,Airport Road (Farmgate to Bijoy Sarani),Farmgate,Tejgaon,23.758985,90.388968,Daily Sun,https://www.daily-sun.com/post/crime/incident-2024-12-0845,news,Small shopkeeper,Unarmed / Speed snatch,4,On foot (sprint),Reported incident of snatching involving a small shopkeeper at near the intersection approaching Bijoy Sarani Chottor. Suspects fled using a on foot (sprint).,INTERSECTION,VERIFIED,0.82
DHK-2024-1099,2024-12-27,11:08,2024,12,Friday,11,Snatching,Uttara - near the intersection approaching Uttara House Building,ROAD_41,Dhaka-Mymensingh Hwy (Jasimuddin to House Building),Uttara,Uttara East,23.867813,90.399196,Dhaka Tribune,https://www.dhakatribune.com/bangladesh/crime/incident-2024-12-1099,news,Female commuter,Unarmed / Speed snatch,3,Motorcycle (Pulsar/FZ),"Muggers armed with a unarmed / speed snatch intercepted a female commuter near the intersection approaching Uttara House Building, fleeing with cash and bag.",ROAD,VERIFIED,0.83
DHK-2024-0478,2024-12-31,22:55,2024,12,Tuesday,22,Robbery,Mirpur - near the intersection approaching Gabtoli Bus Terminal,ROAD_34,Mirpur-1 to Gabtoli Highway,Mirpur,Mirpur,23.785151,90.347573,Daily Sun,https://www.daily-sun.com/post/crime/incident-2024-12-0478,news,Motorcyclist,Paper cutter,2,Motorcycle (Pulsar/FZ),Police blotter recorded a swift snatching incident near the intersection approaching Gabtoli Bus Terminal during Tuesday night hours.,INTERSECTION,VERIFIED,0.78
DHK-2024-1000,2024-12-31,23:48,2024,12,Tuesday,23,Robbery,Dhanmondi - close to the Dhanmondi market square,ROAD_05,Dhanmondi 27 Inner Connector,Dhanmondi,Dhanmondi,23.755187,90.367584,Daily Sun,https://www.daily-sun.com/post/crime/incident-2024-12-1000,news,University student,Paper cutter,4,Leguna van,"Muggers armed with a paper cutter intercepted a university student close to the Dhanmondi market square, fleeing with cash and bag.",INTERSECTION,VERIFIED,0.91
DHK-2025-0762,2025-01-01,15:43,2025,1,Wednesday,15,Robbery,Karwan Bazar - close to the Karwan Bazar market square,ROAD_08,Kazi Nazrul Islam Ave (Karwan Bazar to Shahbagh),Karwan Bazar,Tejgaon,23.749767,90.394338,The Daily Star,https://www.thedailystar.net/crime/incident-2025-01-0762,news,Small shopkeeper,Sharp knife (Chhuri),1,Motorcycle (Pulsar/FZ),Police blotter recorded a swift snatching incident close to the Karwan Bazar market square during Wednesday night hours.,EXACT,VERIFIED,0.78
DHK-2025-0821,2025-01-02,18:19,2025,1,Thursday,18,Theft,Sayedabad - close to the Sayedabad market square,ROAD_50,Sayedabad to Jatrabari Flyover Entrance,Sayedabad,Jatrabari,23.71269,90.432706,bdnews24,https://bdnews24.com/bangladesh/incident-2025-01-0821,news,Female commuter,Iron rod,3,Motorcycle (Pulsar/FZ),Reported incident of theft involving a female commuter at close to the Sayedabad market square. Suspects fled using a motorcycle (pulsar/fz).,ROAD,VERIFIED,0.83
DHK-2025-0105,2025-01-03,05:50,2025,1,Friday,5,Snatching,Dhanmondi - in front of the commercial complex at Dhanmondi,ROAD_10,Science Lab to Nilkhet / New Market,Dhanmondi,New Market,23.734429,90.383604,Prothom Alo,https://en.prothomalo.com/bangladesh/crime-and-law/incident-2025-01-0105,news,Pedestrian,Unarmed / Speed snatch,2,On foot (sprint),Police blotter recorded a swift snatching incident in front of the commercial complex at Dhanmondi during Friday night hours.,INTERSECTION,VERIFIED,0.87
DHK-2025-0505,2025-01-03,15:43,2025,1,Friday,15,Snatching,Nilkhet - near the intersection approaching Sadarghat Launch Terminal,ROAD_52,New Market to Sadarghat Riverfront Connector,Nilkhet,New Market,23.721631,90.397074,Dhaka Tribune,https://www.dhakatribune.com/bangladesh/crime/incident-2025-01-0505,news,Small shopkeeper,Unarmed / Speed snatch,2,Motorcycle (Pulsar/FZ),Police blotter recorded a swift snatching incident near the intersection approaching Sadarghat Launch Terminal during Friday night hours.,INTERSECTION,VERIFIED,0.87
DHK-2025-0861,2025-01-03,22:11,2025,1,Friday,22,Theft,Tejgaon - near Tejgaon bus stop,ROAD_25,Tejgaon-Gulshan Link Road,Tejgaon,Tejgaon Industrial,23.767319,90.405398,Dhaka Tribune,https://www.dhakatribune.com/bangladesh/crime/incident-2025-01-0861,news,University student,Sharp knife (Chhuri),4,Motorcycle (Pulsar/FZ),A university student had their smartphone snatched by 4 perpetrators on a motorcycle (pulsar/fz) near Tejgaon bus stop around 22:11.,INTERSECTION,PROBABLE,0.84
DHK-2025-0357,2025-01-04,14:32,2025,1,Saturday,14,Robbery,Shahbagh - near Shahbagh bus stop,ROAD_42,Shahbagh to Kakrail VIP Road,Shahbagh,Shahbagh,23.738662,90.399187,DMP Monthly Blotter,https://dmp.gov.bd/crime-statistics/incident-2025-01-0357,police_report,Rickshaw passenger,Firearm / Pistol,2,On foot (sprint),Police blotter recorded a swift snatching incident near Shahbagh bus stop during Saturday night hours.,ROAD,UNCONFIRMED,0.53
DHK-2025-0380,2025-01-04,21:39,2025,1,Saturday,21,Snatching,Dhanmondi - near Dhanmondi bus stop,ROAD_05,Dhanmondi 27 Inner Connector,Dhanmondi,Dhanmondi,23.75361,90.369796,Dhaka Tribune,https://www.dhakatribune.com/bangladesh/crime/incident-2025-01-0380,news,University student,Unarmed / Speed snatch,2,CNG auto-rickshaw,Police blotter recorded a swift snatching incident near Dhanmondi bus stop during Saturday night hours.,EXACT,VERIFIED,0.85
DHK-2025-0534,2025-01-05,16:05,2025,1,Sunday,16,Robbery,Nilkhet - in front of the commercial complex at Nilkhet,ROAD_52,New Market to Sadarghat Riverfront Connector,Nilkhet,New Market,23.715782,90.403269,DMP Monthly Blotter,https://dmp.gov.bd/crime-statistics/incident-2025-01-0534,police_report,University student,Sharp knife (Chhuri),4,Motorcycle (Pulsar/FZ),Reported incident of robbery involving a university student at in front of the commercial complex at Nilkhet. Suspects fled using a motorcycle (pulsar/fz).,ROAD,PROBABLE,0.79
DHK-2025-0313,2025-01-05,23:30,2025,1,Sunday,23,Theft,Mirpur - close to the Mirpur market square,ROAD_34,Mirpur-1 to Gabtoli Highway,Mirpur,Mirpur,23.789001,90.350436,DMP Monthly Blotter,https://dmp.gov.bd/crime-statistics/incident-2025-01-0313,police_report,Female commuter,Pepper spray,2,CNG auto-rickshaw,"Muggers armed with a pepper spray intercepted a female commuter close to the Mirpur market square, fleeing with cash and bag.",ROAD,VERIFIED,0.76
DHK-2025-0423,2025-01-06,20:08,2025,1,Monday,20,Mugging,Sayedabad - along the poorly lit section of Sayedabad to Jatrabari Flyover Entrance,ROAD_50,Sayedabad to Jatrabari Flyover Entrance,Sayedabad,Jatrabari,23.712181,90.433386,bdnews24,https://bdnews24.com/bangladesh/incident-2025-01-0423,news,Female commuter,Unarmed / Speed snatch,2,Motorcycle (Pulsar/FZ),A female commuter had their smartphone snatched by 2 perpetrators on a motorcycle (pulsar/fz) along the poorly lit section of Sayedabad to Jatrabari Flyover Entrance around 20:08.,ROAD,VERIFIED,0.79
DHK-2025-0524,2025-01-07,00:55,2025,1,Tuesday,0,Snatching,Shyamoli - near the intersection approaching Mirpur 1 Roundabout,ROAD_30,Mirpur Road (Shyamoli to Mirpur-1),Shyamoli,Adabor,23.773643,90.362259,bdnews24,https://bdnews24.com/bangladesh/incident-2025-01-0524,news,Rickshaw passenger,Firearm / Pistol,2,Motorcycle (Pulsar/FZ),A rickshaw passenger had their smartphone snatched by 2 perpetrators on a motorcycle (pulsar/fz) near the intersection approaching Mirpur 1 Roundabout around 00:55.,ROAD,VERIFIED,0.96
DHK-2025-0550,2025-01-07,04:59,2025,1,Tuesday,4,Mugging,Rampura - along the poorly lit section of Hatirjheel Expressway (Rampura to Mohakhali),ROAD_24,Hatirjheel Expressway (Rampura to Mohakhali),Rampura,Rampura,23.763492,90.424498,bdnews24,https://bdnews24.com/bangladesh/incident-2025-01-0550,news,Small shopkeeper,Iron rod,1,On foot (sprint),A small shopkeeper had their smartphone snatched by 1 perpetrators on a on foot (sprint) along the poorly lit section of Hatirjheel Expressway (Rampura to Mohakhali) around 04:59.,ROAD,VERIFIED,0.82
DHK-2025-0293,2025-01-07,20:03,2025,1,Tuesday,20,Snatching,Motijheel - near the intersection approaching Sayedabad Bus Terminal,ROAD_49,Motijheel to Sayedabad Bus Terminal,Motijheel,Motijheel,23.721295,90.424416,Prothom Alo,https://en.prothomalo.com/bangladesh/crime-and-law/incident-2025-01-0293,news,Small shopkeeper,Pepper spray,1,Motorcycle (Pulsar/FZ),A small shopkeeper had their smartphone snatched by 1 perpetrators on a motorcycle (pulsar/fz) near the intersection approaching Sayedabad Bus Terminal around 20:03.,EXACT,VERIFIED,0.8
DHK-2025-0751,2025-01-08,23:44,2025,1,Wednesday,23,Mugging,Badda - under the Badda footover bridge,ROAD_22,Pragiti Sarani (Badda Link to Rampura Bridge),Badda,Badda,23.767872,90.426416,Prothom Alo,https://en.prothomalo.com/bangladesh/crime-and-law/incident-2025-01-0751,news,Pedestrian,Sharp knife (Chhuri),2,CNG auto-rickshaw,A pedestrian had their smartphone snatched by 2 perpetrators on a cng auto-rickshaw under the Badda footover bridge around 23:44.,INTERSECTION,VERIFIED,0.79
DHK-2025-0656,2025-01-09,14:25,2025,1,Thursday,14,Snatching,Nilkhet - close to the Nilkhet market square,ROAD_52,New Market to Sadarghat Riverfront Connector,Nilkhet,New Market,23.729514,90.388064,Prothom Alo,https://en.prothomalo.com/bangladesh/crime-and-law/incident-2025-01-0656,news,Pedestrian,Paper cutter,2,On foot (sprint),Reported incident of snatching involving a pedestrian at close to the Nilkhet market square. Suspects fled using a on foot (sprint).,INTERSECTION,VERIFIED,0.82
DHK-2025-1014,2025-01-10,20:50,2025,1,Friday,20,Snatching,Sayedabad - along the poorly lit section of Sayedabad to Jatrabari Flyover Entrance,ROAD_50,Sayedabad to Jatrabari Flyover Entrance,Sayedabad,Jatrabari,23.713264,90.431883,Daily Sun,https://www.daily-sun.com/post/crime/incident-2025-01-1014,news,Pedestrian,Sharp knife (Chhuri),4,On foot (sprint),Reported incident of snatching involving a pedestrian at along the poorly lit section of Sayedabad to Jatrabari Flyover Entrance. Suspects fled using a on foot (sprint).,ROAD,VERIFIED,0.81
DHK-2025-1174,2025-01-11,00:34,2025,1,Saturday,0,Robbery,Shahbagh - close to the Shahbagh market square,ROAD_42,Shahbagh to Kakrail VIP Road,Shahbagh,Shahbagh,23.738634,90.397964,Daily Sun,https://www.daily-sun.com/post/crime/incident-2025-01-1174,news,Office worker,Sharp knife (Chhuri),2,Motorcycle (Pulsar/FZ),"Muggers armed with a sharp knife (chhuri) intercepted a office worker close to the Shahbagh market square, fleeing with cash and bag.",INTERSECTION,VERIFIED,0.96
DHK-2025-0697,2025-01-14,09:27,2025,1,Tuesday,9,Snatching,Dhanmondi - under the Dhanmondi footover bridge,ROAD_10,Science Lab to Nilkhet / New Market,Dhanmondi,New Market,23.73827,90.383885,The Daily Star,https://www.thedailystar.net/crime/incident-2025-01-0697,news,Small shopkeeper,Paper cutter,3,On foot (sprint),Reported incident of snatching involving a small shopkeeper at under the Dhanmondi footover bridge. Suspects fled using a on foot (sprint).,ROAD,VERIFIED,0.81
DHK-2025-0924,2025-01-14,23:34,2025,1,Tuesday,23,Snatching,Mohammadpur - near the intersection approaching Gabtoli Bus Terminal,ROAD_35,Mohammadpur Beribadh Outer Road,Mohammadpur,Mohammadpur,23.760263,90.347923,Dhaka Tribune,https://www.dhakatribune.com/bangladesh/crime/incident-2025-01-0924,news,Female commuter,Unarmed / Speed snatch,1,Motorcycle (Pulsar/FZ),Reported incident of snatching involving a female commuter at near the intersection approaching Gabtoli Bus Terminal. Suspects fled using a motorcycle (pulsar/fz).,INTERSECTION,VERIFIED,0.9
DHK-2025-0625,2025-01-15,06:18,2025,1,Wednesday,6,Snatching,Shahbagh - near Shahbagh bus stop,ROAD_09,Shahbagh to Science Lab (Elephant Road),Shahbagh,Shahbagh,23.738798,90.393213,Daily Sun,https://www.daily-sun.com/post/crime/incident-2025-01-0625,news,University student,Sharp knife (Chhuri),1,Motorcycle (Pulsar/FZ),A university student had their smartphone snatched by 1 perpetrators on a motorcycle (pulsar/fz) near Shahbagh bus stop around 06:18.,INTERSECTION,VERIFIED,0.96
DHK-2025-0139,2025-01-16,11:43,2025,1,Thursday,11,Robbery,Banani - under the Banani footover bridge,ROAD_38,Dhaka-Mymensingh Hwy (Banani to Kuril),Banani,Banani,23.811468,90.414197,Daily Sun,https://www.daily-sun.com/post/crime/incident-2025-01-0139,news,Office worker,Firearm / Pistol,2,On foot (sprint),"Muggers armed with a firearm / pistol intercepted a office worker under the Banani footover bridge, fleeing with cash and bag.",AREA,VERIFIED,0.82
DHK-2025-0422,2025-01-16,13:51,2025,1,Thursday,13,Theft,Shyamoli - in front of the commercial complex at Shyamoli,ROAD_30,Mirpur Road (Shyamoli to Mirpur-1),Shyamoli,Adabor,23.778686,90.359856,Dhaka Tribune,https://www.dhakatribune.com/bangladesh/crime/incident-2025-01-0422,news,Small shopkeeper,Unarmed / Speed snatch,2,On foot (sprint),Police blotter recorded a swift snatching incident in front of the commercial complex at Shyamoli during Thursday night hours.,ROAD,VERIFIED,0.81
DHK-2025-0991,2025-01-18,01:09,2025,1,Saturday,1,Snatching,Baridhara - under the Baridhara footover bridge,ROAD_21,Pragiti Sarani (Notun Bazar to Badda Link),Baridhara,Bhatara,23.796627,90.425134,Daily Sun,https://www.daily-sun.com/post/crime/incident-2025-01-0991,news,University student,Sharp knife (Chhuri),2,Leguna van,Police blotter recorded a swift snatching incident under the Baridhara footover bridge during Saturday night hours.,INTERSECTION,VERIFIED,0.92
DHK-2025-1201,2025-01-18,23:54,2025,1,Saturday,23,Robbery,Shyamoli - under the Shyamoli footover bridge,ROAD_30,Mirpur Road (Shyamoli to Mirpur-1),Shyamoli,Adabor,23.782395,90.358942,Dhaka Tribune,https://www.dhakatribune.com/bangladesh/crime/incident-2025-01-1201,news,Motorcyclist,Firearm / Pistol,3,Motorcycle (Pulsar/FZ),Police blotter recorded a swift snatching incident under the Shyamoli footover bridge during Saturday night hours.,EXACT,VERIFIED,0.84
DHK-2025-0178,2025-01-19,22:48,2025,1,Sunday,22,Mugging,Dhanmondi - near the intersection approaching New Market Nilkhet,ROAD_10,Science Lab to Nilkhet / New Market,Dhanmondi,New Market,23.736606,90.383432,DMP Monthly Blotter,https://dmp.gov.bd/crime-statistics/incident-2025-01-0178,police_report,Rickshaw passenger,Pepper spray,2,CNG auto-rickshaw,Reported incident of mugging involving a rickshaw passenger at near the intersection approaching New Market Nilkhet. Suspects fled using a cng auto-rickshaw.,ROAD,VERIFIED,0.77
DHK-2025-1208,2025-01-20,20:33,2025,1,Monday,20,Snatching,Karwan Bazar - near Karwan Bazar bus stop,ROAD_45,Mogbazar Flyover Road (Karwan Bazar to Mogbazar),Karwan Bazar,Tejgaon,23.751676,90.393909,The Business Standard,https://tbsnews.net/bangladesh/crime/incident-2025-01-1208,news,Office worker,Paper cutter,1,Motorcycle (Pulsar/FZ),"Muggers armed with a paper cutter intercepted a office worker near Karwan Bazar bus stop, fleeing with cash and bag.",AREA,VERIFIED,0.94
DHK-2025-0742,2025-01-22,23:32,2025,1,Wednesday,23,Snatching,Badda - along the poorly lit section of Pragiti Sarani (Badda Link to Rampura Bridge),ROAD_22,Pragiti Sarani (Badda Link to Rampura Bridge),Badda,Badda,23.774929,90.427833,Prothom Alo,https://en.prothomalo.com/bangladesh/crime-and-law/incident-2025-01-0742,news,Motorcyclist,Sharp knife (Chhuri),3,On foot (sprint),A motorcyclist had their smartphone snatched by 3 perpetrators on a on foot (sprint) along the poorly lit section of Pragiti Sarani (Badda Link to Rampura Bridge) around 23:32.,ROAD,PROBABLE,0.92
DHK-2025-1119,2025-01-23,12:22,2025,1,Thursday,12,Robbery,Paltan - near Paltan bus stop,ROAD_51,Paltan to Sadarghat (Old Dhaka Arterial),Paltan,Paltan,23.726105,90.410283,Dhaka Tribune,https://www.dhakatribune.com/bangladesh/crime/incident-2025-01-1119,news,Pedestrian,Sharp knife (Chhuri),3,Motorcycle (Pulsar/FZ),"Muggers armed with a sharp knife (chhuri) intercepted a pedestrian near Paltan bus stop, fleeing with cash and bag.",INTERSECTION,VERIFIED,0.85
DHK-2025-0883,2025-01-24,17:44,2025,1,Friday,17,Robbery,Shyamoli - near Shyamoli bus stop,ROAD_30,Mirpur Road (Shyamoli to Mirpur-1),Shyamoli,Adabor,23.772505,90.362435,Dhaka Tribune,https://www.dhakatribune.com/bangladesh/crime/incident-2025-01-0883,news,Rickshaw passenger,Sharp knife (Chhuri),2,Motorcycle (Pulsar/FZ),Reported incident of robbery involving a rickshaw passenger at near Shyamoli bus stop. Suspects fled using a motorcycle (pulsar/fz).,INTERSECTION,VERIFIED,0.9
DHK-2025-0743,2025-01-24,21:39,2025,1,Friday,21,Mugging,Dhanmondi - in front of the commercial complex at Dhanmondi,ROAD_10,Science Lab to Nilkhet / New Market,Dhanmondi,New Market,23.738367,90.383349,DMP Monthly Blotter,https://dmp.gov.bd/crime-statistics/incident-2025-01-0743,police_report,Female commuter,Sharp knife (Chhuri),2,Motorcycle (Pulsar/FZ),"Muggers armed with a sharp knife (chhuri) intercepted a female commuter in front of the commercial complex at Dhanmondi, fleeing with cash and bag.",INTERSECTION,VERIFIED,0.9
DHK-2025-1055,2025-01-25,01:52,2025,1,Saturday,1,Snatching,Mirpur - near Mirpur bus stop,ROAD_32,Mirpur-10 to Mirpur-11 Strip,Mirpur,Mirpur,23.817225,90.366503,Daily Sun,https://www.daily-sun.com/post/crime/incident-2025-01-1055,news,Pedestrian,Sharp knife (Chhuri),2,Private car,A pedestrian had their smartphone snatched by 2 perpetrators on a private car near Mirpur bus stop around 01:52.,INTERSECTION,VERIFIED,0.76
DHK-2025-1153,2025-01-27,00:43,2025,1,Monday,0,Robbery,Nilkhet - close to the Nilkhet market square,ROAD_52,New Market to Sadarghat Riverfront Connector,Nilkhet,New Market,23.716693,90.402146,DMP Monthly Blotter,https://dmp.gov.bd/crime-statistics/incident-2025-01-1153,police_report,Office worker,Sharp knife (Chhuri),3,Motorcycle (Pulsar/FZ),A office worker had their smartphone snatched by 3 perpetrators on a motorcycle (pulsar/fz) close to the Nilkhet market square around 00:43.,INTERSECTION,VERIFIED,0.8
DHK-2025-1190,2025-01-30,01:33,2025,1,Thursday,1,Mugging,Tejgaon - under the Tejgaon footover bridge,ROAD_26,Tejgaon Industrial to Farmgate Link,Tejgaon,Tejgaon Industrial,23.759949,90.394089,Prothom Alo,https://en.prothomalo.com/bangladesh/crime-and-law/incident-2025-01-1190,news,Office worker,Sharp knife (Chhuri),4,Leguna van,"Muggers armed with a sharp knife (chhuri) intercepted a office worker under the Tejgaon footover bridge, fleeing with cash and bag.",ROAD,VERIFIED,0.87
DHK-2025-0997,2025-01-30,15:41,2025,1,Thursday,15,Robbery,Dhanmondi - near Dhanmondi bus stop,ROAD_05,Dhanmondi 27 Inner Connector,Dhanmondi,Dhanmondi,23.756089,90.366508,Prothom Alo,https://en.prothomalo.com/bangladesh/crime-and-law/incident-2025-01-0997,news,Motorcyclist,Sharp knife (Chhuri),2,On foot (sprint),"Muggers armed with a sharp knife (chhuri) intercepted a motorcyclist near Dhanmondi bus stop, fleeing with cash and bag.",ROAD,PROBABLE,0.81
DHK-2025-0097,2025-01-30,17:06,2025,1,Thursday,17,Snatching,Dhanmondi - under the Dhanmondi footover bridge,ROAD_05,Dhanmondi 27 Inner Connector,Dhanmondi,Dhanmondi,23.757939,90.365013,DMP Monthly Blotter,https://dmp.gov.bd/crime-statistics/incident-2025-01-0097,police_report,Female commuter,Iron rod,3,Motorcycle (Pulsar/FZ),A female commuter had their smartphone snatched by 3 perpetrators on a motorcycle (pulsar/fz) under the Dhanmondi footover bridge around 17:06.,INTERSECTION,UNCONFIRMED,0.63
DHK-2025-0160,2025-01-31,19:28,2025,1,Friday,19,Robbery,Mirpur - close to the Mirpur market square,ROAD_31,Mirpur-1 to Mirpur-10 Connector,Mirpur,Mirpur,23.804201,90.365082,bdnews24,https://bdnews24.com/bangladesh/incident-2025-01-0160,news,Female commuter,Sharp knife (Chhuri),4,CNG auto-rickshaw,"Muggers armed with a sharp knife (chhuri) intercepted a female commuter close to the Mirpur market square, fleeing with cash and bag.",INTERSECTION,VERIFIED,0.97
DHK-2025-0277,2025-01-31,19:42,2025,1,Friday,19,Mugging,Mirpur - under the Mirpur footover bridge,ROAD_32,Mirpur-10 to Mirpur-11 Strip,Mirpur,Mirpur,23.816741,90.366178,Prothom Alo,https://en.prothomalo.com/bangladesh/crime-and-law/incident-2025-01-0277,news,Office worker,Unarmed / Speed snatch,4,Motorcycle (Pulsar/FZ),Police blotter recorded a swift snatching incident under the Mirpur footover bridge during Friday night hours.,ROAD,VERIFIED,0.9
DHK-2025-0768,2025-02-01,14:45,2025,2,Saturday,14,Snatching,Dhanmondi - along the poorly lit section of Science Lab to Nilkhet / New Market,ROAD_10,Science Lab to Nilkhet / New Market,Dhanmondi,New Market,23.73451,90.383976,Dhaka Tribune,https://www.dhakatribune.com/bangladesh/crime/incident-2025-02-0768,news,Small shopkeeper,Sharp knife (Chhuri),3,CNG auto-rickshaw,"Muggers armed with a sharp knife (chhuri) intercepted a small shopkeeper along the poorly lit section of Science Lab to Nilkhet / New Market, fleeing with cash and bag.",INTERSECTION,PROBABLE,0.78
DHK-2025-0466,2025-02-01,20:23,2025,2,Saturday,20,Snatching,Farmgate - under the Farmgate footover bridge,ROAD_07,Kazi Nazrul Islam Ave (Farmgate to Karwan Bazar),Farmgate,Tejgaon,23.752254,90.392938,Dhaka Tribune,https://www.dhakatribune.com/bangladesh/crime/incident-2025-02-0466,news,Motorcyclist,Sharp knife (Chhuri),4,CNG auto-rickshaw,A motorcyclist had their smartphone snatched by 4 perpetrators on a cng auto-rickshaw under the Farmgate footover bridge around 20:23.,EXACT,VERIFIED,0.92
DHK-2025-0353,2025-02-05,07:35,2025,2,Wednesday,7,Snatching,Mirpur - close to the Mirpur market square,ROAD_34,Mirpur-1 to Gabtoli Highway,Mirpur,Mirpur,23.787945,90.349348,The Daily Star,https://www.thedailystar.net/crime/incident-2025-02-0353,news,University student,Sharp knife (Chhuri),1,Motorcycle (Pulsar/FZ),Reported incident of snatching involving a university student at close to the Mirpur market square. Suspects fled using a motorcycle (pulsar/fz).,INTERSECTION,VERIFIED,0.9
DHK-2025-0836,2025-02-05,08:16,2025,2,Wednesday,8,Mugging,Tejgaon - under the Tejgaon footover bridge,ROAD_13,Airport Road (Jahangir Gate to Mohakhali),Tejgaon,Cantonment,23.774639,90.39688,bdnews24,https://bdnews24.com/bangladesh/incident-2025-02-0836,news,Motorcyclist,Sharp knife (Chhuri),2,Motorcycle (Pulsar/FZ),A motorcyclist had their smartphone snatched by 2 perpetrators on a motorcycle (pulsar/fz) under the Tejgaon footover bridge around 08:16.,EXACT,UNCONFIRMED,0.59
DHK-2025-1028,2025-02-06,18:50,2025,2,Thursday,18,Robbery,Mirpur - in front of the commercial complex at Mirpur,ROAD_32,Mirpur-10 to Mirpur-11 Strip,Mirpur,Mirpur,23.809333,90.368168,Prothom Alo,https://en.prothomalo.com/bangladesh/crime-and-law/incident-2025-02-1028,news,Female commuter,Firearm / Pistol,2,Motorcycle (Pulsar/FZ),"Muggers armed with a firearm / pistol intercepted a female commuter in front of the commercial complex at Mirpur, fleeing with cash and bag.",ROAD,VERIFIED,0.75
DHK-2025-0871,2025-02-06,21:31,2025,2,Thursday,21,Snatching,Tejgaon - near the intersection approaching Gulshan 1 Circle,ROAD_25,Tejgaon-Gulshan Link Road,Tejgaon,Tejgaon Industrial,23.768533,90.406331,The Daily Star,https://www.thedailystar.net/crime/incident-2025-02-0871,news,Rickshaw passenger,Firearm / Pistol,4,Motorcycle (Pulsar/FZ),Police blotter recorded a swift snatching incident near the intersection approaching Gulshan 1 Circle during Thursday night hours.,ROAD,VERIFIED,0.92
DHK-2025-0050,2025-02-07,14:25,2025,2,Friday,14,Robbery,Tejgaon - near Tejgaon bus stop,ROAD_26,Tejgaon Industrial to Farmgate Link,Tejgaon,Tejgaon Industrial,23.757258,90.390004,Daily Sun,https://www.daily-sun.com/post/crime/incident-2025-02-0050,news,Office worker,Paper cutter,2,Motorcycle (Pulsar/FZ),Reported incident of robbery involving a office worker at near Tejgaon bus stop. Suspects fled using a motorcycle (pulsar/fz).,INTERSECTION,VERIFIED,0.95
DHK-2025-1250,2025-02-07,17:58,2025,2,Friday,17,Robbery,Dhanmondi - under the Dhanmondi footover bridge,ROAD_05,Dhanmondi 27 Inner Connector,Dhanmondi,Dhanmondi,23.756936,90.366199,The Daily Star,https://www.thedailystar.net/crime/incident-2025-02-1250,news,Pedestrian,Sharp knife (Chhuri),2,Motorcycle (Pulsar/FZ),"Muggers armed with a sharp knife (chhuri) intercepted a pedestrian under the Dhanmondi footover bridge, fleeing with cash and bag.",EXACT,VERIFIED,0.98
DHK-2025-0620,2025-02-09,13:49,2025,2,Sunday,13,Snatching,Mirpur - in front of the commercial complex at Mirpur,ROAD_34,Mirpur-1 to Gabtoli Highway,Mirpur,Mirpur,23.793492,90.352644,The Daily Star,https://www.thedailystar.net/crime/incident-2025-02-0620,news,Rickshaw passenger,Firearm / Pistol,1,Leguna van,Reported incident of snatching involving a rickshaw passenger at in front of the commercial complex at Mirpur. Suspects fled using a leguna van.,INTERSECTION,VERIFIED,0.85
DHK-2025-1110,2025-02-09,19:55,2025,2,Sunday,19,Robbery,Mohakhali - along the poorly lit section of Dhaka-Mymensingh Hwy (Mohakhali to Banani),ROAD_37,Dhaka-Mymensingh Hwy (Mohakhali to Banani),Mohakhali,Banani,23.778488,90.400932,Prothom Alo,https://en.prothomalo.com/bangladesh/crime-and-law/incident-2025-02-1110,news,Pedestrian,Sharp knife (Chhuri),1,Motorcycle (Pulsar/FZ),"Muggers armed with a sharp knife (chhuri) intercepted a pedestrian along the poorly lit section of Dhaka-Mymensingh Hwy (Mohakhali to Banani), fleeing with cash and bag.",EXACT,VERIFIED,0.76
DHK-2025-0689,2025-02-09,21:28,2025,2,Sunday,21,Theft,Sayedabad - in front of the commercial complex at Sayedabad,ROAD_50,Sayedabad to Jatrabari Flyover Entrance,Sayedabad,Jatrabari,23.712881,90.432332,Daily Sun,https://www.daily-sun.com/post/crime/incident-2025-02-0689,news,Small shopkeeper,Sharp knife (Chhuri),2,Motorcycle (Pulsar/FZ),"Muggers armed with a sharp knife (chhuri) intercepted a small shopkeeper in front of the commercial complex at Sayedabad, fleeing with cash and bag.",INTERSECTION,VERIFIED,0.86
DHK-2025-0135,2025-02-10,18:41,2025,2,Monday,18,Snatching,Farmgate - near the intersection approaching Karwan Bazar Chottor,ROAD_07,Kazi Nazrul Islam Ave (Farmgate to Karwan Bazar),Farmgate,Tejgaon,23.752913,90.392944,Daily Sun,https://www.daily-sun.com/post/crime/incident-2025-02-0135,news,Office worker,Firearm / Pistol,4,On foot (sprint),A office worker had their smartphone snatched by 4 perpetrators on a on foot (sprint) near the intersection approaching Karwan Bazar Chottor around 18:41.,ROAD,VERIFIED,0.9
DHK-2025-1218,2025-02-12,16:42,2025,2,Wednesday,16,Snatching,Motijheel - under the Motijheel footover bridge,ROAD_49,Motijheel to Sayedabad Bus Terminal,Motijheel,Motijheel,23.719865,90.425593,The Business Standard,https://tbsnews.net/bangladesh/crime/incident-2025-02-1218,news,Female commuter,Sharp knife (Chhuri),1,Motorcycle (Pulsar/FZ),Police blotter recorded a swift snatching incident under the Motijheel footover bridge during Wednesday night hours.,INTERSECTION,VERIFIED,0.86
DHK-2025-1177,2025-02-12,18:41,2025,2,Wednesday,18,Snatching,Mogbazar - near Mogbazar bus stop,ROAD_46,Mogbazar to Mouchak Flyover,Mogbazar,Ramna,23.748989,90.407831,Daily Sun,https://www.daily-sun.com/post/crime/incident-2025-02-1177,news,Pedestrian,Firearm / Pistol,1,On foot (sprint),Police blotter recorded a swift snatching incident near Mogbazar bus stop during Wednesday night hours.,ROAD,VERIFIED,0.75
DHK-2025-1035,2025-02-13,15:49,2025,2,Thursday,15,Mugging,Mirpur - in front of the commercial complex at Mirpur,ROAD_34,Mirpur-1 to Gabtoli Highway,Mirpur,Mirpur,23.791866,90.351926,Dhaka Tribune,https://www.dhakatribune.com/bangladesh/crime/incident-2025-02-1035,news,Office worker,Unarmed / Speed snatch,1,Motorcycle (Pulsar/FZ),A office worker had their smartphone snatched by 1 perpetrators on a motorcycle (pulsar/fz) in front of the commercial complex at Mirpur around 15:49.,INTERSECTION,VERIFIED,0.78
DHK-2025-1270,2025-02-13,21:55,2025,2,Thursday,21,Mugging,Baridhara - along the poorly lit section of Pragiti Sarani (Notun Bazar to Badda Link),ROAD_21,Pragiti Sarani (Notun Bazar to Badda Link),Baridhara,Bhatara,23.779604,90.428449,bdnews24,https://bdnews24.com/bangladesh/incident-2025-02-1270,news,Rickshaw passenger,Pepper spray,2,On foot (sprint),A rickshaw passenger had their smartphone snatched by 2 perpetrators on a on foot (sprint) along the poorly lit section of Pragiti Sarani (Notun Bazar to Badda Link) around 21:55.,INTERSECTION,VERIFIED,0.9
DHK-2025-0326,2025-02-14,20:22,2025,2,Friday,20,Robbery,Mirpur - in front of the commercial complex at Mirpur,ROAD_32,Mirpur-10 to Mirpur-11 Strip,Mirpur,Mirpur,23.812767,90.367123,Daily Sun,https://www.daily-sun.com/post/crime/incident-2025-02-0326,news,Motorcyclist,Paper cutter,4,Motorcycle (Pulsar/FZ),"Muggers armed with a paper cutter intercepted a motorcyclist in front of the commercial complex at Mirpur, fleeing with cash and bag.",INTERSECTION,VERIFIED,0.79
DHK-2025-0033,2025-02-15,09:43,2025,2,Saturday,9,Pickpocketing,Gulshan - close to the Gulshan market square,ROAD_16,Gulshan Avenue (Gulshan-1 to Gulshan-2),Gulshan,Gulshan,23.788854,90.416194,bdnews24,https://bdnews24.com/bangladesh/incident-2025-02-0033,news,Motorcyclist,Sharp knife (Chhuri),1,CNG auto-rickshaw,Reported incident of pickpocketing involving a motorcyclist at close to the Gulshan market square. Suspects fled using a cng auto-rickshaw.,INTERSECTION,PROBABLE,0.8
DHK-2025-1213,2025-02-15,21:45,2025,2,Saturday,21,Snatching,Banani - close to the Banani market square,ROAD_38,Dhaka-Mymensingh Hwy (Banani to Kuril),Banani,Banani,23.800543,90.408201,bdnews24,https://bdnews24.com/bangladesh/incident-2025-02-1213,news,Rickshaw passenger,Firearm / Pistol,2,Motorcycle (Pulsar/FZ),"Muggers armed with a firearm / pistol intercepted a rickshaw passenger close to the Banani market square, fleeing with cash and bag.",EXACT,PROBABLE,0.79
DHK-2025-0238,2025-02-17,19:05,2025,2,Monday,19,Robbery,Tejgaon - under the Tejgaon footover bridge,ROAD_26,Tejgaon Industrial to Farmgate Link,Tejgaon,Tejgaon Industrial,23.758586,90.391964,The Daily Star,https://www.thedailystar.net/crime/incident-2025-02-0238,news,Pedestrian,Unarmed / Speed snatch,2,Motorcycle (Pulsar/FZ),Police blotter recorded a swift snatching incident under the Tejgaon footover bridge during Monday night hours.,AREA,PROBABLE,0.91
DHK-2025-0064,2025-02-18,13:28,2025,2,Tuesday,13,Snatching,Mohammadpur - near the intersection approaching Shyamoli Square,ROAD_53,Asad Gate to Shyamoli (Mirpur Road),Mohammadpur,Mohammadpur,23.76998,90.363803,bdnews24,https://bdnews24.com/bangladesh/incident-2025-02-0064,news,Female commuter,Unarmed / Speed snatch,3,Leguna van,A female commuter had their smartphone snatched by 3 perpetrators on a leguna van near the intersection approaching Shyamoli Square around 13:28.,AREA,PROBABLE,0.89
DHK-2025-0043,2025-02-18,17:30,2025,2,Tuesday,17,Mugging,Farmgate - near the intersection approaching Karwan Bazar Chottor,ROAD_07,Kazi Nazrul Islam Ave (Farmgate to Karwan Bazar),Farmgate,Tejgaon,23.756879,90.389379,Daily Sun,https://www.daily-sun.com/post/crime/incident-2025-02-0043,news,Small shopkeeper,Sharp knife (Chhuri),2,On foot (sprint),"Muggers armed with a sharp knife (chhuri) intercepted a small shopkeeper near the intersection approaching Karwan Bazar Chottor, fleeing with cash and bag.",EXACT,VERIFIED,0.86
DHK-2025-0904,2025-02-20,18:41,2025,2,Thursday,18,Snatching,Shyamoli - close to the Shyamoli market square,ROAD_30,Mirpur Road (Shyamoli to Mirpur-1),Shyamoli,Adabor,23.786519,90.357435,Daily Sun,https://www.daily-sun.com/post/crime/incident-2025-02-0904,news,Rickshaw passenger,Sharp knife (Chhuri),2,Motorcycle (Pulsar/FZ),A rickshaw passenger had their smartphone snatched by 2 perpetrators on a motorcycle (pulsar/fz) close to the Shyamoli market square around 18:41.,AREA,VERIFIED,0.82
DHK-2025-1024,2025-02-20,19:18,2025,2,Thursday,19,Mugging,Tejgaon - near Tejgaon bus stop,ROAD_25,Tejgaon-Gulshan Link Road,Tejgaon,Tejgaon Industrial,23.776698,90.414808,Prothom Alo,https://en.prothomalo.com/bangladesh/crime-and-law/incident-2025-02-1024,news,Office worker,Pepper spray,3,Motorcycle (Pulsar/FZ),A office worker had their smartphone snatched by 3 perpetrators on a motorcycle (pulsar/fz) near Tejgaon bus stop around 19:18.,ROAD,VERIFIED,0.94
DHK-2025-0874,2025-02-20,22:33,2025,2,Thursday,22,Robbery,Badda - under the Badda footover bridge,ROAD_22,Pragiti Sarani (Badda Link to Rampura Bridge),Badda,Badda,23.773077,90.427239,Daily Sun,https://www.daily-sun.com/post/crime/incident-2025-02-0874,news,University student,Sharp knife (Chhuri),1,On foot (sprint),A university student had their smartphone snatched by 1 perpetrators on a on foot (sprint) under the Badda footover bridge around 22:33.,ROAD,UNCONFIRMED,0.63
DHK-2025-0333,2025-02-20,23:23,2025,2,Thursday,23,Mugging,Malibagh - near the intersection approaching Khilgaon Taltola,ROAD_47,Mouchak to Khilgaon Flyover,Malibagh,Shahjahanpur,23.74766,90.41361,Prothom Alo,https://en.prothomalo.com/bangladesh/crime-and-law/incident-2025-02-0333,news,Rickshaw passenger,Sharp knife (Chhuri),2,On foot (sprint),A rickshaw passenger had their smartphone snatched by 2 perpetrators on a on foot (sprint) near the intersection approaching Khilgaon Taltola around 23:23.,EXACT,VERIFIED,0.78
DHK-2025-0918,2025-02-21,23:17,2025,2,Friday,23,Robbery,Shyamoli - along the poorly lit section of Mirpur Road (Shyamoli to Mirpur-1),ROAD_30,Mirpur Road (Shyamoli to Mirpur-1),Shyamoli,Adabor,23.786217,90.357016,The Daily Star,https://www.thedailystar.net/crime/incident-2025-02-0918,news,Pedestrian,Sharp knife (Chhuri),1,Motorcycle (Pulsar/FZ),"Muggers armed with a sharp knife (chhuri) intercepted a pedestrian along the poorly lit section of Mirpur Road (Shyamoli to Mirpur-1), fleeing with cash and bag.",INTERSECTION,VERIFIED,0.76
DHK-2025-0364,2025-02-24,22:00,2025,2,Monday,22,Robbery,Kakrail - under the Kakrail footover bridge,ROAD_43,Kakrail to Paltan Intersection,Kakrail,Ramna,23.738499,90.407045,The Daily Star,https://www.thedailystar.net/crime/incident-2025-02-0364,news,Female commuter,Sharp knife (Chhuri),3,Motorcycle (Pulsar/FZ),A female commuter had their smartphone snatched by 3 perpetrators on a motorcycle (pulsar/fz) under the Kakrail footover bridge around 22:00.,EXACT,VERIFIED,0.91
DHK-2025-1127,2025-02-25,22:31,2025,2,Tuesday,22,Snatching,Mirpur - under the Mirpur footover bridge,ROAD_31,Mirpur-1 to Mirpur-10 Connector,Mirpur,Mirpur,23.795156,90.35424,Dhaka Tribune,https://www.dhakatribune.com/bangladesh/crime/incident-2025-02-1127,news,Rickshaw passenger,Unarmed / Speed snatch,2,Motorcycle (Pulsar/FZ),Police blotter recorded a swift snatching incident under the Mirpur footover bridge during Tuesday night hours.,INTERSECTION,VERIFIED,0.87
DHK-2025-0980,2025-02-26,00:43,2025,2,Wednesday,0,Snatching,Karwan Bazar - near Karwan Bazar bus stop,ROAD_45,Mogbazar Flyover Road (Karwan Bazar to Mogbazar),Karwan Bazar,Tejgaon,23.750379,90.403471,Dhaka Tribune,https://www.dhakatribune.com/bangladesh/crime/incident-2025-02-0980,news,Pedestrian,Paper cutter,2,Motorcycle (Pulsar/FZ),Reported incident of snatching involving a pedestrian at near Karwan Bazar bus stop. Suspects fled using a motorcycle (pulsar/fz).,AREA,VERIFIED,0.83
DHK-2025-0713,2025-02-26,03:19,2025,2,Wednesday,3,Mugging,Mirpur - under the Mirpur footover bridge,ROAD_31,Mirpur-1 to Mirpur-10 Connector,Mirpur,Mirpur,23.802788,90.363507,The Business Standard,https://tbsnews.net/bangladesh/crime/incident-2025-02-0713,news,Pedestrian,Paper cutter,3,On foot (sprint),Police blotter recorded a swift snatching incident under the Mirpur footover bridge during Wednesday night hours.,ROAD,UNCONFIRMED,0.58
DHK-2025-0383,2025-02-27,10:09,2025,2,Thursday,10,Snatching,Sayedabad - under the Sayedabad footover bridge,ROAD_50,Sayedabad to Jatrabari Flyover Entrance,Sayedabad,Jatrabari,23.711679,90.434488,The Daily Star,https://www.thedailystar.net/crime/incident-2025-02-0383,news,Pedestrian,Sharp knife (Chhuri),4,Motorcycle (Pulsar/FZ),Police blotter recorded a swift snatching incident under the Sayedabad footover bridge during Thursday night hours.,INTERSECTION,VERIFIED,0.95
DHK-2025-0680,2025-02-27,22:18,2025,2,Thursday,22,Theft,Shyamoli - near the intersection approaching Mirpur 1 Roundabout,ROAD_30,Mirpur Road (Shyamoli to Mirpur-1),Shyamoli,Adabor,23.782217,90.359,Daily Sun,https://www.daily-sun.com/post/crime/incident-2025-02-0680,news,University student,Sharp knife (Chhuri),2,CNG auto-rickshaw,Police blotter recorded a swift snatching incident near the intersection approaching Mirpur 1 Roundabout during Thursday night hours.,INTERSECTION,UNCONFIRMED,0.56
DHK-2025-0439,2025-02-28,23:08,2025,2,Friday,23,Snatching,Kalabagan - under the Kalabagan footover bridge,ROAD_02,Mirpur Road (Kalabagan to Russell Square),Kalabagan,Kalabagan,23.746375,90.379999,DMP Monthly Blotter,https://dmp.gov.bd/crime-statistics/incident-2025-02-0439,police_report,Office worker,Paper cutter,2,On foot (sprint),A office worker had their smartphone snatched by 2 perpetrators on a on foot (sprint) under the Kalabagan footover bridge around 23:08.,INTERSECTION,VERIFIED,0.79
DHK-2025-0849,2025-03-01,08:18,2025,3,Saturday,8,Snatching,Mohammadpur - near the intersection approaching Gabtoli Bus Terminal,ROAD_35,Mohammadpur Beribadh Outer Road,Mohammadpur,Mohammadpur,23.760846,90.347809,bdnews24,https://bdnews24.com/bangladesh/incident-2025-03-0849,news,Pedestrian,Sharp knife (Chhuri),2,Motorcycle (Pulsar/FZ),A pedestrian had their smartphone snatched by 2 perpetrators on a motorcycle (pulsar/fz) near the intersection approaching Gabtoli Bus Terminal around 08:18.,EXACT,VERIFIED,0.79
DHK-2025-0535,2025-03-04,18:31,2025,3,Tuesday,18,Theft,Uttara - close to the Uttara market square,ROAD_41,Dhaka-Mymensingh Hwy (Jasimuddin to House Building),Uttara,Uttara East,23.867537,90.399151,bdnews24,https://bdnews24.com/bangladesh/incident-2025-03-0535,news,Small shopkeeper,Unarmed / Speed snatch,1,CNG auto-rickshaw,Police blotter recorded a swift snatching incident close to the Uttara market square during Tuesday night hours.,EXACT,VERIFIED,0.8
DHK-2025-0477,2025-03-09,07:19,2025,3,Sunday,7,Theft,Dhanmondi - under the Dhanmondi footover bridge,ROAD_10,Science Lab to Nilkhet / New Market,Dhanmondi,New Market,23.738152,90.383581,Dhaka Tribune,https://www.dhakatribune.com/bangladesh/crime/incident-2025-03-0477,news,Rickshaw passenger,Pepper spray,3,Leguna van,A rickshaw passenger had their smartphone snatched by 3 perpetrators on a leguna van under the Dhanmondi footover bridge around 07:19.,ROAD,VERIFIED,0.76
DHK-2025-0483,2025-03-09,21:53,2025,3,Sunday,21,Mugging,Malibagh - in front of the commercial complex at Malibagh,ROAD_47,Mouchak to Khilgaon Flyover,Malibagh,Shahjahanpur,23.74875,90.415804,Dhaka Tribune,https://www.dhakatribune.com/bangladesh/crime/incident-2025-03-0483,news,Motorcyclist,Sharp knife (Chhuri),3,Motorcycle (Pulsar/FZ),Reported incident of mugging involving a motorcyclist at in front of the commercial complex at Malibagh. Suspects fled using a motorcycle (pulsar/fz).,ROAD,VERIFIED,0.82
DHK-2025-1031,2025-03-10,05:46,2025,3,Monday,5,Snatching,Agargaon - in front of the commercial complex at Agargaon,ROAD_27,Begum Rokeya Sarani (Agargaon to Shewrapara),Agargaon,Sher-e-Bangla Nagar,23.779206,90.375163,bdnews24,https://bdnews24.com/bangladesh/incident-2025-03-1031,news,Rickshaw passenger,Firearm / Pistol,1,Motorcycle (Pulsar/FZ),"Muggers armed with a firearm / pistol intercepted a rickshaw passenger in front of the commercial complex at Agargaon, fleeing with cash and bag.",INTERSECTION,VERIFIED,0.87
DHK-2025-0984,2025-03-10,12:28,2025,3,Monday,12,Robbery,Dhanmondi - along the poorly lit section of Science Lab to Nilkhet / New Market,ROAD_10,Science Lab to Nilkhet / New Market,Dhanmondi,New Market,23.734983,90.383848,The Daily Star,https://www.thedailystar.net/crime/incident-2025-03-0984,news,Pedestrian,Unarmed / Speed snatch,3,Leguna van,Reported incident of robbery involving a pedestrian at along the poorly lit section of Science Lab to Nilkhet / New Market. Suspects fled using a leguna van.,EXACT,VERIFIED,0.78
DHK-2025-1078,2025-03-11,07:37,2025,3,Tuesday,7,Snatching,Badda - in front of the commercial complex at Badda,ROAD_22,Pragiti Sarani (Badda Link to Rampura Bridge),Badda,Badda,23.771953,90.427134,The Daily Star,https://www.thedailystar.net/crime/incident-2025-03-1078,news,Motorcyclist,Firearm / Pistol,3,Private car,Reported incident of snatching involving a motorcyclist at in front of the commercial complex at Badda. Suspects fled using a private car.,EXACT,VERIFIED,0.94
DHK-2025-0416,2025-03-11,23:50,2025,3,Tuesday,23,Snatching,Dhanmondi - in front of the commercial complex at Dhanmondi,ROAD_05,Dhanmondi 27 Inner Connector,Dhanmondi,Dhanmondi,23.75883,90.364334,Dhaka Tribune,https://www.dhakatribune.com/bangladesh/crime/incident-2025-03-0416,news,Female commuter,Sharp knife (Chhuri),4,Motorcycle (Pulsar/FZ),Reported incident of snatching involving a female commuter at in front of the commercial complex at Dhanmondi. Suspects fled using a motorcycle (pulsar/fz).,EXACT,VERIFIED,0.97
DHK-2025-0252,2025-03-12,02:29,2025,3,Wednesday,2,Robbery,Shyamoli - near Shyamoli bus stop,ROAD_30,Mirpur Road (Shyamoli to Mirpur-1),Shyamoli,Adabor,23.789635,90.356049,Prothom Alo,https://en.prothomalo.com/bangladesh/crime-and-law/incident-2025-03-0252,news,Pedestrian,Firearm / Pistol,2,CNG auto-rickshaw,Reported incident of robbery involving a pedestrian at near Shyamoli bus stop. Suspects fled using a cng auto-rickshaw.,EXACT,VERIFIED,0.85
DHK-2025-1032,2025-03-13,23:53,2025,3,Thursday,23,Theft,Mohakhali - near Mohakhali bus stop,ROAD_37,Dhaka-Mymensingh Hwy (Mohakhali to Banani),Mohakhali,Banani,23.790121,90.403522,Dhaka Tribune,https://www.dhakatribune.com/bangladesh/crime/incident-2025-03-1032,news,Female commuter,Unarmed / Speed snatch,2,Motorcycle (Pulsar/FZ),A female commuter had their smartphone snatched by 2 perpetrators on a motorcycle (pulsar/fz) near Mohakhali bus stop around 23:53.,EXACT,VERIFIED,0.76
DHK-2025-0259,2025-03-14,06:37,2025,3,Friday,6,Snatching,Mirpur - in front of the commercial complex at Mirpur,ROAD_34,Mirpur-1 to Gabtoli Highway,Mirpur,Mirpur,23.793655,90.353175,Dhaka Tribune,https://www.dhakatribune.com/bangladesh/crime/incident-2025-03-0259,news,Small shopkeeper,Sharp knife (Chhuri),4,On foot (sprint),Reported incident of snatching involving a small shopkeeper at in front of the commercial complex at Mirpur. Suspects fled using a on foot (sprint).,ROAD,VERIFIED,0.96
DHK-2025-1167,2025-03-14,16:38,2025,3,Friday,16,Snatching,Tejgaon - along the poorly lit section of Tejgaon-Gulshan Link Road,ROAD_25,Tejgaon-Gulshan Link Road,Tejgaon,Tejgaon Industrial,23.769596,90.407186,The Daily Star,https://www.thedailystar.net/crime/incident-2025-03-1167,news,Small shopkeeper,Sharp knife (Chhuri),2,Motorcycle (Pulsar/FZ),Police blotter recorded a swift snatching incident along the poorly lit section of Tejgaon-Gulshan Link Road during Friday night hours.,ROAD,VERIFIED,0.82
DHK-2025-0303,2025-03-15,03:44,2025,3,Saturday,3,Snatching,Mirpur - under the Mirpur footover bridge,ROAD_34,Mirpur-1 to Gabtoli Highway,Mirpur,Mirpur,23.785745,90.348148,Dhaka Tribune,https://www.dhakatribune.com/bangladesh/crime/incident-2025-03-0303,news,Pedestrian,Paper cutter,2,Motorcycle (Pulsar/FZ),A pedestrian had their smartphone snatched by 2 perpetrators on a motorcycle (pulsar/fz) under the Mirpur footover bridge around 03:44.,ROAD,PROBABLE,0.79
DHK-2025-0714,2025-03-15,12:59,2025,3,Saturday,12,Robbery,Mirpur - close to the Mirpur market square,ROAD_32,Mirpur-10 to Mirpur-11 Strip,Mirpur,Mirpur,23.817611,90.365809,Daily Sun,https://www.daily-sun.com/post/crime/incident-2025-03-0714,news,Small shopkeeper,Sharp knife (Chhuri),2,CNG auto-rickshaw,"Muggers armed with a sharp knife (chhuri) intercepted a small shopkeeper close to the Mirpur market square, fleeing with cash and bag.",EXACT,VERIFIED,0.95
DHK-2025-0528,2025-03-15,21:42,2025,3,Saturday,21,Robbery,Kalabagan - in front of the commercial complex at Kalabagan,ROAD_02,Mirpur Road (Kalabagan to Russell Square),Kalabagan,Kalabagan,23.746838,90.379738,The Business Standard,https://tbsnews.net/bangladesh/crime/incident-2025-03-0528,news,Motorcyclist,Pepper spray,4,Motorcycle (Pulsar/FZ),"Muggers armed with a pepper spray intercepted a motorcyclist in front of the commercial complex at Kalabagan, fleeing with cash and bag.",INTERSECTION,VERIFIED,0.85
DHK-2025-1181,2025-03-17,06:23,2025,3,Monday,6,Mugging,Dhanmondi - under the Dhanmondi footover bridge,ROAD_05,Dhanmondi 27 Inner Connector,Dhanmondi,Dhanmondi,23.758691,90.36428,DMP Monthly Blotter,https://dmp.gov.bd/crime-statistics/incident-2025-03-1181,police_report,Pedestrian,Sharp knife (Chhuri),2,CNG auto-rickshaw,Police blotter recorded a swift snatching incident under the Dhanmondi footover bridge during Monday night hours.,EXACT,VERIFIED,0.84
DHK-2025-0302,2025-03-18,10:04,2025,3,Tuesday,10,Pickpocketing,Sayedabad - close to the Sayedabad market square,ROAD_50,Sayedabad to Jatrabari Flyover Entrance,Sayedabad,Jatrabari,23.71237,90.433057,Dhaka Tribune,https://www.dhakatribune.com/bangladesh/crime/incident-2025-03-0302,news,Rickshaw passenger,Sharp knife (Chhuri),2,Motorcycle (Pulsar/FZ),Reported incident of pickpocketing involving a rickshaw passenger at close to the Sayedabad market square. Suspects fled using a motorcycle (pulsar/fz).,EXACT,PROBABLE,0.96
DHK-2025-1226,2025-03-18,20:44,2025,3,Tuesday,20,Snatching,Dhanmondi - near Dhanmondi bus stop,ROAD_05,Dhanmondi 27 Inner Connector,Dhanmondi,Dhanmondi,23.75475,90.368196,bdnews24,https://bdnews24.com/bangladesh/incident-2025-03-1226,news,Office worker,Sharp knife (Chhuri),2,Motorcycle (Pulsar/FZ),Police blotter recorded a swift snatching incident near Dhanmondi bus stop during Tuesday night hours.,INTERSECTION,PROBABLE,0.78
DHK-2025-0190,2025-03-19,23:52,2025,3,Wednesday,23,Snatching,Farmgate - near Farmgate bus stop,ROAD_11,Airport Road (Farmgate to Bijoy Sarani),Farmgate,Tejgaon,23.76027,90.388401,The Daily Star,https://www.thedailystar.net/crime/incident-2025-03-0190,news,Female commuter,Sharp knife (Chhuri),4,CNG auto-rickshaw,Reported incident of snatching involving a female commuter at near Farmgate bus stop. Suspects fled using a cng auto-rickshaw.,ROAD,VERIFIED,0.96
DHK-2025-0972,2025-03-20,01:09,2025,3,Thursday,1,Robbery,Baridhara - along the poorly lit section of Pragiti Sarani (Notun Bazar to Badda Link),ROAD_21,Pragiti Sarani (Notun Bazar to Badda Link),Baridhara,Bhatara,23.789494,90.426411,Dhaka Tribune,https://www.dhakatribune.com/bangladesh/crime/incident-2025-03-0972,news,University student,Sharp knife (Chhuri),1,Motorcycle (Pulsar/FZ),"Muggers armed with a sharp knife (chhuri) intercepted a university student along the poorly lit section of Pragiti Sarani (Notun Bazar to Badda Link), fleeing with cash and bag.",EXACT,VERIFIED,0.86
DHK-2025-0788,2025-03-20,02:21,2025,3,Thursday,2,Theft,Mirpur - near Mirpur bus stop,ROAD_28,Begum Rokeya Sarani (Shewrapara to Kazipara),Mirpur,Kafrul,23.789373,90.372652,The Business Standard,https://tbsnews.net/bangladesh/crime/incident-2025-03-0788,news,Female commuter,Unarmed / Speed snatch,4,On foot (sprint),"Muggers armed with a unarmed / speed snatch intercepted a female commuter near Mirpur bus stop, fleeing with cash and bag.",EXACT,PROBABLE,0.91
DHK-2025-0320,2025-03-21,20:37,2025,3,Friday,20,Robbery,Motijheel - in front of the commercial complex at Motijheel,ROAD_49,Motijheel to Sayedabad Bus Terminal,Motijheel,Motijheel,23.726118,90.419893,Dhaka Tribune,https://www.dhakatribune.com/bangladesh/crime/incident-2025-03-0320,news,Office worker,Unarmed / Speed snatch,2,Motorcycle (Pulsar/FZ),Police blotter recorded a swift snatching incident in front of the commercial complex at Motijheel during Friday night hours.,EXACT,VERIFIED,0.9
DHK-2025-0807,2025-03-22,12:07,2025,3,Saturday,12,Robbery,Baridhara - in front of the commercial complex at Baridhara,ROAD_21,Pragiti Sarani (Notun Bazar to Badda Link),Baridhara,Bhatara,23.780708,90.428015,DMP Monthly Blotter,https://dmp.gov.bd/crime-statistics/incident-2025-03-0807,police_report,Rickshaw passenger,Sharp knife (Chhuri),4,Motorcycle (Pulsar/FZ),"Muggers armed with a sharp knife (chhuri) intercepted a rickshaw passenger in front of the commercial complex at Baridhara, fleeing with cash and bag.",ROAD,VERIFIED,0.77
DHK-2025-0682,2025-03-22,20:28,2025,3,Saturday,20,Snatching,Mohammadpur - near the intersection approaching Farmgate Intersection,ROAD_06,Mirpur Road (Asad Gate to Farmgate Connector),Mohammadpur,Mohammadpur,23.758156,90.380379,bdnews24,https://bdnews24.com/bangladesh/incident-2025-03-0682,news,University student,Sharp knife (Chhuri),4,Motorcycle (Pulsar/FZ),A university student had their smartphone snatched by 4 perpetrators on a motorcycle (pulsar/fz) near the intersection approaching Farmgate Intersection around 20:28.,EXACT,PROBABLE,0.92
DHK-2025-1012,2025-03-23,18:49,2025,3,Sunday,18,Mugging,Mirpur - under the Mirpur footover bridge,ROAD_34,Mirpur-1 to Gabtoli Highway,Mirpur,Mirpur,23.790177,90.350707,Prothom Alo,https://en.prothomalo.com/bangladesh/crime-and-law/incident-2025-03-1012,news,Motorcyclist,Sharp knife (Chhuri),2,CNG auto-rickshaw,Police blotter recorded a swift snatching incident under the Mirpur footover bridge during Sunday night hours.,INTERSECTION,VERIFIED,0.78
DHK-2025-0445,2025-03-24,19:48,2025,3,Monday,19,Robbery,Mirpur - near the intersection approaching Mirpur 11 Bus Stand,ROAD_32,Mirpur-10 to Mirpur-11 Strip,Mirpur,Mirpur,23.809272,90.368025,Dhaka Tribune,https://www.dhakatribune.com/bangladesh/crime/incident-2025-03-0445,news,Female commuter,Sharp knife (Chhuri),3,On foot (sprint),Police blotter recorded a swift snatching incident near the intersection approaching Mirpur 11 Bus Stand during Monday night hours.,EXACT,VERIFIED,0.81
DHK-2025-1262,2025-03-26,14:53,2025,3,Wednesday,14,Snatching,Baridhara - in front of the commercial complex at Baridhara,ROAD_21,Pragiti Sarani (Notun Bazar to Badda Link),Baridhara,Bhatara,23.781804,90.427761,The Business Standard,https://tbsnews.net/bangladesh/crime/incident-2025-03-1262,news,Motorcyclist,Sharp knife (Chhuri),4,Motorcycle (Pulsar/FZ),Police blotter recorded a swift snatching incident in front of the commercial complex at Baridhara during Wednesday night hours.,ROAD,VERIFIED,0.85
DHK-2025-0028,2025-03-27,01:21,2025,3,Thursday,1,Theft,Tejgaon - along the poorly lit section of Airport Road (Jahangir Gate to Mohakhali),ROAD_13,Airport Road (Jahangir Gate to Mohakhali),Tejgaon,Cantonment,23.772941,90.395254,Prothom Alo,https://en.prothomalo.com/bangladesh/crime-and-law/incident-2025-03-0028,news,Office worker,Unarmed / Speed snatch,3,On foot (sprint),Reported incident of theft involving a office worker at along the poorly lit section of Airport Road (Jahangir Gate to Mohakhali). Suspects fled using a on foot (sprint).,INTERSECTION,VERIFIED,0.97
DHK-2025-0006,2025-03-28,11:42,2025,3,Friday,11,Snatching,Mogbazar - near Mogbazar bus stop,ROAD_46,Mogbazar to Mouchak Flyover,Mogbazar,Ramna,23.748013,90.409235,The Daily Star,https://www.thedailystar.net/crime/incident-2025-03-0006,news,Rickshaw passenger,Paper cutter,2,Motorcycle (Pulsar/FZ),Reported incident of snatching involving a rickshaw passenger at near Mogbazar bus stop. Suspects fled using a motorcycle (pulsar/fz).,EXACT,VERIFIED,0.75
DHK-2025-0251,2025-03-29,08:48,2025,3,Saturday,8,Snatching,Mirpur - near the intersection approaching Mirpur 10 Roundabout,ROAD_31,Mirpur-1 to Mirpur-10 Connector,Mirpur,Mirpur,23.799157,90.358572,The Daily Star,https://www.thedailystar.net/crime/incident-2025-03-0251,news,Female commuter,Sharp knife (Chhuri),2,Private car,"Muggers armed with a sharp knife (chhuri) intercepted a female commuter near the intersection approaching Mirpur 10 Roundabout, fleeing with cash and bag.",ROAD,UNCONFIRMED,0.59
DHK-2025-0756,2025-03-29,23:31,2025,3,Saturday,23,Snatching,Mohammadpur - under the Mohammadpur footover bridge,ROAD_36,Town Hall to Beribadh Link,Mohammadpur,Mohammadpur,23.757665,90.355366,Daily Sun,https://www.daily-sun.com/post/crime/incident-2025-03-0756,news,Small shopkeeper,Sharp knife (Chhuri),2,On foot (sprint),A small shopkeeper had their smartphone snatched by 2 perpetrators on a on foot (sprint) under the Mohammadpur footover bridge around 23:31.,INTERSECTION,VERIFIED,0.87
DHK-2025-0898,2025-03-30,21:47,2025,3,Sunday,21,Robbery,Dhanmondi - near Dhanmondi bus stop,ROAD_10,Science Lab to Nilkhet / New Market,Dhanmondi,New Market,23.735267,90.383763,bdnews24,https://bdnews24.com/bangladesh/incident-2025-03-0898,news,Office worker,Pepper spray,4,On foot (sprint),Police blotter recorded a swift snatching incident near Dhanmondi bus stop during Sunday night hours.,EXACT,VERIFIED,0.82
DHK-2025-0308,2025-03-31,12:23,2025,3,Monday,12,Snatching,Malibagh - near Malibagh bus stop,ROAD_47,Mouchak to Khilgaon Flyover,Malibagh,Shahjahanpur,23.750694,90.419143,DMP Monthly Blotter,https://dmp.gov.bd/crime-statistics/incident-2025-03-0308,police_report,Female commuter,Pepper spray,1,CNG auto-rickshaw,A female commuter had their smartphone snatched by 1 perpetrators on a cng auto-rickshaw near Malibagh bus stop around 12:23.,EXACT,VERIFIED,0.8
DHK-2025-0116,2025-03-31,23:04,2025,3,Monday,23,Theft,Airport - along the poorly lit section of Dhaka-Mymensingh Hwy (Airport to Jasimuddin),ROAD_40,Dhaka-Mymensingh Hwy (Airport to Jasimuddin),Airport,Airport,23.852782,90.406225,The Business Standard,https://tbsnews.net/bangladesh/crime/incident-2025-03-0116,news,Motorcyclist,Firearm / Pistol,2,Motorcycle (Pulsar/FZ),Police blotter recorded a swift snatching incident along the poorly lit section of Dhaka-Mymensingh Hwy (Airport to Jasimuddin) during Monday night hours.,AREA,PROBABLE,0.85
DHK-2025-1233,2025-04-02,19:27,2025,4,Wednesday,19,Snatching,Kalabagan - along the poorly lit section of Mirpur Road (Kalabagan to Russell Square),ROAD_02,Mirpur Road (Kalabagan to Russell Square),Kalabagan,Kalabagan,23.749816,90.378312,The Business Standard,https://tbsnews.net/bangladesh/crime/incident-2025-04-1233,news,Pedestrian,Unarmed / Speed snatch,3,Motorcycle (Pulsar/FZ),Reported incident of snatching involving a pedestrian at along the poorly lit section of Mirpur Road (Kalabagan to Russell Square). Suspects fled using a motorcycle (pulsar/fz).,ROAD,VERIFIED,0.93
DHK-2025-0817,2025-04-02,23:06,2025,4,Wednesday,23,Mugging,Tejgaon - near Tejgaon bus stop,ROAD_26,Tejgaon Industrial to Farmgate Link,Tejgaon,Tejgaon Industrial,23.759817,90.394317,Daily Sun,https://www.daily-sun.com/post/crime/incident-2025-04-0817,news,Office worker,Sharp knife (Chhuri),3,Motorcycle (Pulsar/FZ),Police blotter recorded a swift snatching incident near Tejgaon bus stop during Wednesday night hours.,INTERSECTION,VERIFIED,0.84
DHK-2025-0618,2025-04-03,18:20,2025,4,Thursday,18,Theft,Mirpur - near Mirpur bus stop,ROAD_31,Mirpur-1 to Mirpur-10 Connector,Mirpur,Mirpur,23.79656,90.355779,Prothom Alo,https://en.prothomalo.com/bangladesh/crime-and-law/incident-2025-04-0618,news,Small shopkeeper,Paper cutter,2,Motorcycle (Pulsar/FZ),"Muggers armed with a paper cutter intercepted a small shopkeeper near Mirpur bus stop, fleeing with cash and bag.",ROAD,UNCONFIRMED,0.57
DHK-2025-1194,2025-04-05,22:59,2025,4,Saturday,22,Robbery,Dhanmondi - near Dhanmondi bus stop,ROAD_05,Dhanmondi 27 Inner Connector,Dhanmondi,Dhanmondi,23.755082,90.368061,The Daily Star,https://www.thedailystar.net/crime/incident-2025-04-1194,news,Motorcyclist,Sharp knife (Chhuri),2,Motorcycle (Pulsar/FZ),"Muggers armed with a sharp knife (chhuri) intercepted a motorcyclist near Dhanmondi bus stop, fleeing with cash and bag.",INTERSECTION,VERIFIED,0.81
DHK-2025-1103,2025-04-06,23:04,2025,4,Sunday,23,Snatching,Dhanmondi - along the poorly lit section of Dhanmondi 27 Inner Connector,ROAD_05,Dhanmondi 27 Inner Connector,Dhanmondi,Dhanmondi,23.753821,90.369272,The Daily Star,https://www.thedailystar.net/crime/incident-2025-04-1103,news,Office worker,Unarmed / Speed snatch,1,Motorcycle (Pulsar/FZ),Police blotter recorded a swift snatching incident along the poorly lit section of Dhanmondi 27 Inner Connector during Sunday night hours.,AREA,VERIFIED,0.82
DHK-2025-0454,2025-04-07,04:36,2025,4,Monday,4,Snatching,Mohakhali - close to the Mohakhali market square,ROAD_15,Mohakhali to Gulshan-1 (Gulshan South Ave),Mohakhali,Banani,23.777411,90.400581,DMP Monthly Blotter,https://dmp.gov.bd/crime-statistics/incident-2025-04-0454,police_report,Pedestrian,Sharp knife (Chhuri),3,Motorcycle (Pulsar/FZ),Reported incident of snatching involving a pedestrian at close to the Mohakhali market square. Suspects fled using a motorcycle (pulsar/fz).,ROAD,PROBABLE,0.97
DHK-2025-0609,2025-04-07,16:54,2025,4,Monday,16,Snatching,Mohammadpur - in front of the commercial complex at Mohammadpur,ROAD_54,Mohammadpur Town Hall to Asad Gate,Mohammadpur,Mohammadpur,23.75966,90.368601,Dhaka Tribune,https://www.dhakatribune.com/bangladesh/crime/incident-2025-04-0609,news,Pedestrian,Sharp knife (Chhuri),2,Motorcycle (Pulsar/FZ),Police blotter recorded a swift snatching incident in front of the commercial complex at Mohammadpur during Monday night hours.,ROAD,VERIFIED,0.78
DHK-2025-1253,2025-04-07,21:31,2025,4,Monday,21,Mugging,Shahbagh - along the poorly lit section of Shahbagh to Science Lab (Elephant Road),ROAD_09,Shahbagh to Science Lab (Elephant Road),Shahbagh,Shahbagh,23.739202,90.386721,Dhaka Tribune,https://www.dhakatribune.com/bangladesh/crime/incident-2025-04-1253,news,Small shopkeeper,Sharp knife (Chhuri),2,Motorcycle (Pulsar/FZ),Reported incident of mugging involving a small shopkeeper at along the poorly lit section of Shahbagh to Science Lab (Elephant Road). Suspects fled using a motorcycle (pulsar/fz).,EXACT,VERIFIED,0.75
DHK-2025-0355,2025-04-07,21:42,2025,4,Monday,21,Snatching,Farmgate - along the poorly lit section of Kazi Nazrul Islam Ave (Farmgate to Karwan Bazar),ROAD_07,Kazi Nazrul Islam Ave (Farmgate to Karwan Bazar),Farmgate,Tejgaon,23.755058,90.390385,bdnews24,https://bdnews24.com/bangladesh/incident-2025-04-0355,news,Female commuter,Unarmed / Speed snatch,2,Leguna van,Police blotter recorded a swift snatching incident along the poorly lit section of Kazi Nazrul Islam Ave (Farmgate to Karwan Bazar) during Monday night hours.,EXACT,VERIFIED,0.84
DHK-2025-1232,2025-04-08,00:51,2025,4,Tuesday,0,Snatching,Mohammadpur - along the poorly lit section of Mirpur Road (Asad Gate to Farmgate Connector),ROAD_06,Mirpur Road (Asad Gate to Farmgate Connector),Mohammadpur,Mohammadpur,23.757221,90.385502,DMP Monthly Blotter,https://dmp.gov.bd/crime-statistics/incident-2025-04-1232,police_report,University student,Iron rod,4,Motorcycle (Pulsar/FZ),A university student had their smartphone snatched by 4 perpetrators on a motorcycle (pulsar/fz) along the poorly lit section of Mirpur Road (Asad Gate to Farmgate Connector) around 00:51.,INTERSECTION,PROBABLE,0.86
DHK-2025-0685,2025-04-08,12:31,2025,4,Tuesday,12,Snatching,Shyamoli - along the poorly lit section of Mirpur Road (Shyamoli to Mirpur-1),ROAD_30,Mirpur Road (Shyamoli to Mirpur-1),Shyamoli,Adabor,23.78316,90.35837,The Daily Star,https://www.thedailystar.net/crime/incident-2025-04-0685,news,Female commuter,Iron rod,2,Motorcycle (Pulsar/FZ),"Muggers armed with a iron rod intercepted a female commuter along the poorly lit section of Mirpur Road (Shyamoli to Mirpur-1), fleeing with cash and bag.",INTERSECTION,VERIFIED,0.89
DHK-2025-0123,2025-04-09,06:01,2025,4,Wednesday,6,Snatching,Dhanmondi - close to the Dhanmondi market square,ROAD_10,Science Lab to Nilkhet / New Market,Dhanmondi,New Market,23.733023,90.384252,bdnews24,https://bdnews24.com/bangladesh/incident-2025-04-0123,news,Small shopkeeper,Firearm / Pistol,4,On foot (sprint),A small shopkeeper had their smartphone snatched by 4 perpetrators on a on foot (sprint) close to the Dhanmondi market square around 06:01.,EXACT,PROBABLE,0.85
DHK-2025-0575,2025-04-10,08:52,2025,4,Thursday,8,Snatching,Gulshan - near the intersection approaching Notun Bazar / Madani Ave,ROAD_20,Madani Avenue (Gulshan-2 to Notun Bazar),Gulshan,Gulshan,23.79655,90.422262,The Daily Star,https://www.thedailystar.net/crime/incident-2025-04-0575,news,Small shopkeeper,Sharp knife (Chhuri),2,On foot (sprint),Police blotter recorded a swift snatching incident near the intersection approaching Notun Bazar / Madani Ave during Thursday night hours.,ROAD,VERIFIED,0.84
DHK-2025-0158,2025-04-11,01:23,2025,4,Friday,1,Pickpocketing,Badda - in front of the commercial complex at Badda,ROAD_22,Pragiti Sarani (Badda Link to Rampura Bridge),Badda,Badda,23.770351,90.426757,The Daily Star,https://www.thedailystar.net/crime/incident-2025-04-0158,news,Rickshaw passenger,Unarmed / Speed snatch,3,Leguna van,Police blotter recorded a swift snatching incident in front of the commercial complex at Badda during Friday night hours.,AREA,VERIFIED,0.76
DHK-2025-0172,2025-04-11,21:19,2025,4,Friday,21,Snatching,Nilkhet - under the Nilkhet footover bridge,ROAD_52,New Market to Sadarghat Riverfront Connector,Nilkhet,New Market,23.721775,90.396494,bdnews24,https://bdnews24.com/bangladesh/incident-2025-04-0172,news,University student,Pepper spray,2,Motorcycle (Pulsar/FZ),Reported incident of snatching involving a university student at under the Nilkhet footover bridge. Suspects fled using a motorcycle (pulsar/fz).,EXACT,VERIFIED,0.89
DHK-2025-0707,2025-04-13,13:57,2025,4,Sunday,13,Mugging,Motijheel - under the Motijheel footover bridge,ROAD_49,Motijheel to Sayedabad Bus Terminal,Motijheel,Motijheel,23.723052,90.422752,Daily Sun,https://www.daily-sun.com/post/crime/incident-2025-04-0707,news,Office worker,Unarmed / Speed snatch,2,On foot (sprint),A office worker had their smartphone snatched by 2 perpetrators on a on foot (sprint) under the Motijheel footover bridge around 13:57.,ROAD,PROBABLE,0.88
DHK-2025-0066,2025-04-16,00:28,2025,4,Wednesday,0,Robbery,Shyamoli - in front of the commercial complex at Shyamoli,ROAD_30,Mirpur Road (Shyamoli to Mirpur-1),Shyamoli,Adabor,23.787589,90.356515,Prothom Alo,https://en.prothomalo.com/bangladesh/crime-and-law/incident-2025-04-0066,news,Office worker,Sharp knife (Chhuri),2,Motorcycle (Pulsar/FZ),Police blotter recorded a swift snatching incident in front of the commercial complex at Shyamoli during Wednesday night hours.,EXACT,VERIFIED,0.77
DHK-2025-0216,2025-04-16,18:09,2025,4,Wednesday,18,Robbery,Rampura - close to the Rampura market square,ROAD_23,Hatirjheel Bypass (Rampura to Karwan Bazar),Rampura,Rampura,23.759252,90.416016,Dhaka Tribune,https://www.dhakatribune.com/bangladesh/crime/incident-2025-04-0216,news,Small shopkeeper,Paper cutter,2,CNG auto-rickshaw,"Muggers armed with a paper cutter intercepted a small shopkeeper close to the Rampura market square, fleeing with cash and bag.",ROAD,VERIFIED,0.94
DHK-2025-0072,2025-04-16,23:21,2025,4,Wednesday,23,Pickpocketing,Dhanmondi - close to the Dhanmondi market square,ROAD_05,Dhanmondi 27 Inner Connector,Dhanmondi,Dhanmondi,23.755278,90.367285,bdnews24,https://bdnews24.com/bangladesh/incident-2025-04-0072,news,Office worker,Paper cutter,2,Motorcycle (Pulsar/FZ),Police blotter recorded a swift snatching incident close to the Dhanmondi market square during Wednesday night hours.,INTERSECTION,PROBABLE,0.94
DHK-2025-1170,2025-04-17,10:03,2025,4,Thursday,10,Snatching,Mohammadpur - along the poorly lit section of Mohammadpur Town Hall to Asad Gate,ROAD_54,Mohammadpur Town Hall to Asad Gate,Mohammadpur,Mohammadpur,23.759532,90.36754,bdnews24,https://bdnews24.com/bangladesh/incident-2025-04-1170,news,University student,Sharp knife (Chhuri),2,Leguna van,Police blotter recorded a swift snatching incident along the poorly lit section of Mohammadpur Town Hall to Asad Gate during Thursday night hours.,INTERSECTION,VERIFIED,0.81
DHK-2025-0248,2025-04-17,11:43,2025,4,Thursday,11,Robbery,Mirpur - along the poorly lit section of Mirpur-11 to Mirpur-12 Avenue,ROAD_33,Mirpur-11 to Mirpur-12 Avenue,Mirpur,Pallabi,23.822074,90.364347,The Business Standard,https://tbsnews.net/bangladesh/crime/incident-2025-04-0248,news,Rickshaw passenger,Firearm / Pistol,4,Motorcycle (Pulsar/FZ),Police blotter recorded a swift snatching incident along the poorly lit section of Mirpur-11 to Mirpur-12 Avenue during Thursday night hours.,EXACT,PROBABLE,0.77
DHK-2025-0350,2025-04-18,15:32,2025,4,Friday,15,Snatching,Malibagh - in front of the commercial complex at Malibagh,ROAD_48,Mouchak to Kakrail Road,Malibagh,Shahjahanpur,23.747008,90.41157,The Daily Star,https://www.thedailystar.net/crime/incident-2025-04-0350,news,University student,Sharp knife (Chhuri),2,Motorcycle (Pulsar/FZ),"Muggers armed with a sharp knife (chhuri) intercepted a university student in front of the commercial complex at Malibagh, fleeing with cash and bag.",EXACT,VERIFIED,0.89
DHK-2025-0299,2025-04-19,19:01,2025,4,Saturday,19,Mugging,Farmgate - in front of the commercial complex at Farmgate,ROAD_07,Kazi Nazrul Islam Ave (Farmgate to Karwan Bazar),Farmgate,Tejgaon,23.75565,90.390476,The Daily Star,https://www.thedailystar.net/crime/incident-2025-04-0299,news,Female commuter,Sharp knife (Chhuri),1,CNG auto-rickshaw,Police blotter recorded a swift snatching incident in front of the commercial complex at Farmgate during Saturday night hours.,AREA,VERIFIED,0.95
DHK-2025-0719,2025-04-20,00:50,2025,4,Sunday,0,Mugging,Mohakhali - in front of the commercial complex at Mohakhali,ROAD_15,Mohakhali to Gulshan-1 (Gulshan South Ave),Mohakhali,Banani,23.778698,90.416412,Dhaka Tribune,https://www.dhakatribune.com/bangladesh/crime/incident-2025-04-0719,news,Female commuter,Sharp knife (Chhuri),2,Motorcycle (Pulsar/FZ),Reported incident of mugging involving a female commuter at in front of the commercial complex at Mohakhali. Suspects fled using a motorcycle (pulsar/fz).,INTERSECTION,VERIFIED,0.93
DHK-2025-1124,2025-04-21,00:45,2025,4,Monday,0,Robbery,Dhanmondi - under the Dhanmondi footover bridge,ROAD_10,Science Lab to Nilkhet / New Market,Dhanmondi,New Market,23.733313,90.383722,Dhaka Tribune,https://www.dhakatribune.com/bangladesh/crime/incident-2025-04-1124,news,Small shopkeeper,Sharp knife (Chhuri),3,Private car,Reported incident of robbery involving a small shopkeeper at under the Dhanmondi footover bridge. Suspects fled using a private car.,EXACT,VERIFIED,0.92
DHK-2025-0081,2025-04-21,08:02,2025,4,Monday,8,Snatching,Mohammadpur - in front of the commercial complex at Mohammadpur,ROAD_36,Town Hall to Beribadh Link,Mohammadpur,Mohammadpur,23.758529,90.358203,bdnews24,https://bdnews24.com/bangladesh/incident-2025-04-0081,news,University student,Sharp knife (Chhuri),4,Motorcycle (Pulsar/FZ),"Muggers armed with a sharp knife (chhuri) intercepted a university student in front of the commercial complex at Mohammadpur, fleeing with cash and bag.",INTERSECTION,VERIFIED,0.86
DHK-2025-0850,2025-04-21,23:25,2025,4,Monday,23,Snatching,Motijheel - along the poorly lit section of Motijheel to Sayedabad Bus Terminal,ROAD_49,Motijheel to Sayedabad Bus Terminal,Motijheel,Motijheel,23.725304,90.420749,bdnews24,https://bdnews24.com/bangladesh/incident-2025-04-0850,news,Office worker,Sharp knife (Chhuri),1,Motorcycle (Pulsar/FZ),"Muggers armed with a sharp knife (chhuri) intercepted a office worker along the poorly lit section of Motijheel to Sayedabad Bus Terminal, fleeing with cash and bag.",ROAD,PROBABLE,0.78
DHK-2025-0270,2025-04-22,04:58,2025,4,Tuesday,4,Robbery,Shahbagh - under the Shahbagh footover bridge,ROAD_42,Shahbagh to Kakrail VIP Road,Shahbagh,Shahbagh,23.738678,90.396463,The Business Standard,https://tbsnews.net/bangladesh/crime/incident-2025-04-0270,news,Small shopkeeper,Sharp knife (Chhuri),2,Motorcycle (Pulsar/FZ),"Muggers armed with a sharp knife (chhuri) intercepted a small shopkeeper under the Shahbagh footover bridge, fleeing with cash and bag.",ROAD,UNCONFIRMED,0.64
DHK-2025-0856,2025-04-22,18:48,2025,4,Tuesday,18,Theft,Kalabagan - along the poorly lit section of Mirpur Road (Kalabagan to Russell Square),ROAD_02,Mirpur Road (Kalabagan to Russell Square),Kalabagan,Kalabagan,23.749117,90.37864,The Daily Star,https://www.thedailystar.net/crime/incident-2025-04-0856,news,Motorcyclist,Paper cutter,2,CNG auto-rickshaw,Police blotter recorded a swift snatching incident along the poorly lit section of Mirpur Road (Kalabagan to Russell Square) during Tuesday night hours.,EXACT,VERIFIED,0.79
DHK-2025-0026,2025-04-23,20:51,2025,4,Wednesday,20,Snatching,Dhanmondi - near Dhanmondi bus stop,ROAD_10,Science Lab to Nilkhet / New Market,Dhanmondi,New Market,23.735287,90.383684,Dhaka Tribune,https://www.dhakatribune.com/bangladesh/crime/incident-2025-04-0026,news,Small shopkeeper,Unarmed / Speed snatch,4,Motorcycle (Pulsar/FZ),Police blotter recorded a swift snatching incident near Dhanmondi bus stop during Wednesday night hours.,INTERSECTION,VERIFIED,0.95
DHK-2025-1009,2025-04-26,09:32,2025,4,Saturday,9,Theft,Mogbazar - near Mogbazar bus stop,ROAD_46,Mogbazar to Mouchak Flyover,Mogbazar,Ramna,23.748876,90.40822,The Daily Star,https://www.thedailystar.net/crime/incident-2025-04-1009,news,Motorcyclist,Unarmed / Speed snatch,4,Leguna van,"Muggers armed with a unarmed / speed snatch intercepted a motorcyclist near Mogbazar bus stop, fleeing with cash and bag.",INTERSECTION,VERIFIED,0.91
DHK-2025-0576,2025-04-26,14:15,2025,4,Saturday,14,Snatching,Malibagh - under the Malibagh footover bridge,ROAD_47,Mouchak to Khilgaon Flyover,Malibagh,Shahjahanpur,23.750133,90.418924,bdnews24,https://bdnews24.com/bangladesh/incident-2025-04-0576,news,Pedestrian,Pepper spray,2,Motorcycle (Pulsar/FZ),Police blotter recorded a swift snatching incident under the Malibagh footover bridge during Saturday night hours.,ROAD,VERIFIED,0.93
DHK-2025-0518,2025-04-27,20:27,2025,4,Sunday,20,Snatching,Dhanmondi - under the Dhanmondi footover bridge,ROAD_10,Science Lab to Nilkhet / New Market,Dhanmondi,New Market,23.73694,90.383589,The Business Standard,https://tbsnews.net/bangladesh/crime/incident-2025-04-0518,news,Pedestrian,Sharp knife (Chhuri),2,CNG auto-rickshaw,Reported incident of snatching involving a pedestrian at under the Dhanmondi footover bridge. Suspects fled using a cng auto-rickshaw.,EXACT,VERIFIED,0.89
DHK-2025-0391,2025-04-28,16:02,2025,4,Monday,16,Snatching,Uttara - in front of the commercial complex at Uttara,ROAD_41,Dhaka-Mymensingh Hwy (Jasimuddin to House Building),Uttara,Uttara East,23.872469,90.398237,Daily Sun,https://www.daily-sun.com/post/crime/incident-2025-04-0391,news,University student,Iron rod,2,Leguna van,"Muggers armed with a iron rod intercepted a university student in front of the commercial complex at Uttara, fleeing with cash and bag.",ROAD,UNCONFIRMED,0.69
DHK-2025-1029,2025-04-29,21:02,2025,4,Tuesday,21,Theft,Farmgate - near the intersection approaching Karwan Bazar Chottor,ROAD_07,Kazi Nazrul Islam Ave (Farmgate to Karwan Bazar),Farmgate,Tejgaon,23.756708,90.389196,Daily Sun,https://www.daily-sun.com/post/crime/incident-2025-04-1029,news,Motorcyclist,Unarmed / Speed snatch,4,Motorcycle (Pulsar/FZ),Reported incident of theft involving a motorcyclist at near the intersection approaching Karwan Bazar Chottor. Suspects fled using a motorcycle (pulsar/fz).,EXACT,VERIFIED,0.83
DHK-2025-0434,2025-04-29,21:51,2025,4,Tuesday,21,Snatching,Tejgaon - under the Tejgaon footover bridge,ROAD_25,Tejgaon-Gulshan Link Road,Tejgaon,Tejgaon Industrial,23.76899,90.407125,bdnews24,https://bdnews24.com/bangladesh/incident-2025-04-0434,news,Rickshaw passenger,Sharp knife (Chhuri),3,Motorcycle (Pulsar/FZ),Police blotter recorded a swift snatching incident under the Tejgaon footover bridge during Tuesday night hours.,INTERSECTION,UNCONFIRMED,0.5
DHK-2025-0206,2025-04-30,11:29,2025,4,Wednesday,11,Mugging,Dhanmondi - along the poorly lit section of Mirpur Road (Russell Square to Asad Gate),ROAD_03,Mirpur Road (Russell Square to Asad Gate),Dhanmondi,Dhanmondi,23.755703,90.374269,Prothom Alo,https://en.prothomalo.com/bangladesh/crime-and-law/incident-2025-04-0206,news,Office worker,Sharp knife (Chhuri),1,On foot (sprint),Reported incident of mugging involving a office worker at along the poorly lit section of Mirpur Road (Russell Square to Asad Gate). Suspects fled using a on foot (sprint).,AREA,VERIFIED,0.94
DHK-2025-0979,2025-04-30,16:09,2025,4,Wednesday,16,Robbery,Tejgaon - in front of the commercial complex at Tejgaon,ROAD_25,Tejgaon-Gulshan Link Road,Tejgaon,Tejgaon Industrial,23.764352,90.401854,bdnews24,https://bdnews24.com/bangladesh/incident-2025-04-0979,news,Rickshaw passenger,Sharp knife (Chhuri),2,Motorcycle (Pulsar/FZ),Reported incident of robbery involving a rickshaw passenger at in front of the commercial complex at Tejgaon. Suspects fled using a motorcycle (pulsar/fz).,AREA,PROBABLE,0.8
DHK-2025-0881,2025-05-01,11:25,2025,5,Thursday,11,Snatching,Karwan Bazar - along the poorly lit section of Kazi Nazrul Islam Ave (Karwan Bazar to Shahbagh),ROAD_08,Kazi Nazrul Islam Ave (Karwan Bazar to Shahbagh),Karwan Bazar,Tejgaon,23.739102,90.395638,The Business Standard,https://tbsnews.net/bangladesh/crime/incident-2025-05-0881,news,Motorcyclist,Sharp knife (Chhuri),1,Motorcycle (Pulsar/FZ),A motorcyclist had their smartphone snatched by 1 perpetrators on a motorcycle (pulsar/fz) along the poorly lit section of Kazi Nazrul Islam Ave (Karwan Bazar to Shahbagh) around 11:25.,INTERSECTION,VERIFIED,0.98
DHK-2025-0344,2025-05-03,15:38,2025,5,Saturday,15,Snatching,Dhanmondi - along the poorly lit section of Dhanmondi 27 Inner Connector,ROAD_05,Dhanmondi 27 Inner Connector,Dhanmondi,Dhanmondi,23.757567,90.364979,Daily Sun,https://www.daily-sun.com/post/crime/incident-2025-05-0344,news,University student,Paper cutter,4,On foot (sprint),Reported incident of snatching involving a university student at along the poorly lit section of Dhanmondi 27 Inner Connector. Suspects fled using a on foot (sprint).,INTERSECTION,VERIFIED,0.94
DHK-2025-0370,2025-05-03,18:28,2025,5,Saturday,18,Robbery,Tejgaon - in front of the commercial complex at Tejgaon,ROAD_26,Tejgaon Industrial to Farmgate Link,Tejgaon,Tejgaon Industrial,23.761676,90.397117,Dhaka Tribune,https://www.dhakatribune.com/bangladesh/crime/incident-2025-05-0370,news,Rickshaw passenger,Sharp knife (Chhuri),4,On foot (sprint),A rickshaw passenger had their smartphone snatched by 4 perpetrators on a on foot (sprint) in front of the commercial complex at Tejgaon around 18:28.,EXACT,VERIFIED,0.82
DHK-2025-0171,2025-05-03,18:39,2025,5,Saturday,18,Snatching,Dhanmondi - along the poorly lit section of Dhanmondi 27 Inner Connector,ROAD_05,Dhanmondi 27 Inner Connector,Dhanmondi,Dhanmondi,23.757708,90.365276,Prothom Alo,https://en.prothomalo.com/bangladesh/crime-and-law/incident-2025-05-0171,news,Office worker,Paper cutter,2,Motorcycle (Pulsar/FZ),"Muggers armed with a paper cutter intercepted a office worker along the poorly lit section of Dhanmondi 27 Inner Connector, fleeing with cash and bag.",ROAD,UNCONFIRMED,0.66
DHK-2025-0786,2025-05-05,18:30,2025,5,Monday,18,Theft,Baridhara - in front of the commercial complex at Baridhara,ROAD_21,Pragiti Sarani (Notun Bazar to Badda Link),Baridhara,Bhatara,23.786792,90.42716,Daily Sun,https://www.daily-sun.com/post/crime/incident-2025-05-0786,news,University student,Firearm / Pistol,2,On foot (sprint),"Muggers armed with a firearm / pistol intercepted a university student in front of the commercial complex at Baridhara, fleeing with cash and bag.",INTERSECTION,VERIFIED,0.93
DHK-2025-1017,2025-05-08,07:30,2025,5,Thursday,7,Robbery,Rampura - in front of the commercial complex at Rampura,ROAD_24,Hatirjheel Expressway (Rampura to Mohakhali),Rampura,Rampura,23.769951,90.413409,The Business Standard,https://tbsnews.net/bangladesh/crime/incident-2025-05-1017,news,University student,Unarmed / Speed snatch,2,CNG auto-rickshaw,Police blotter recorded a swift snatching incident in front of the commercial complex at Rampura during Thursday night hours.,EXACT,VERIFIED,0.94
DHK-2025-0016,2025-05-08,15:42,2025,5,Thursday,15,Mugging,Tejgaon - close to the Tejgaon market square,ROAD_14,Bijoy Sarani to Agargaon Connector,Tejgaon,Tejgaon,23.772901,90.380757,Dhaka Tribune,https://www.dhakatribune.com/bangladesh/crime/incident-2025-05-0016,news,Office worker,Sharp knife (Chhuri),4,Motorcycle (Pulsar/FZ),"Muggers armed with a sharp knife (chhuri) intercepted a office worker close to the Tejgaon market square, fleeing with cash and bag.",INTERSECTION,VERIFIED,0.81
DHK-2025-0147,2025-05-09,23:40,2025,5,Friday,23,Theft,Sayedabad - near Sayedabad bus stop,ROAD_50,Sayedabad to Jatrabari Flyover Entrance,Sayedabad,Jatrabari,23.711799,90.433736,bdnews24,https://bdnews24.com/bangladesh/incident-2025-05-0147,news,Motorcyclist,Firearm / Pistol,3,CNG auto-rickshaw,"Muggers armed with a firearm / pistol intercepted a motorcyclist near Sayedabad bus stop, fleeing with cash and bag.",ROAD,VERIFIED,0.92
DHK-2025-0645,2025-05-10,23:28,2025,5,Saturday,23,Snatching,Mirpur - near the intersection approaching Mirpur 11 Bus Stand,ROAD_32,Mirpur-10 to Mirpur-11 Strip,Mirpur,Mirpur,23.814828,90.366469,The Daily Star,https://www.thedailystar.net/crime/incident-2025-05-0645,news,Small shopkeeper,Firearm / Pistol,2,Motorcycle (Pulsar/FZ),Reported incident of snatching involving a small shopkeeper at near the intersection approaching Mirpur 11 Bus Stand. Suspects fled using a motorcycle (pulsar/fz).,INTERSECTION,VERIFIED,0.84
DHK-2025-0052,2025-05-10,23:52,2025,5,Saturday,23,Robbery,Mirpur - under the Mirpur footover bridge,ROAD_32,Mirpur-10 to Mirpur-11 Strip,Mirpur,Mirpur,23.812352,90.367192,Daily Sun,https://www.daily-sun.com/post/crime/incident-2025-05-0052,news,University student,Sharp knife (Chhuri),4,On foot (sprint),Police blotter recorded a swift snatching incident under the Mirpur footover bridge during Saturday night hours.,INTERSECTION,VERIFIED,0.79
DHK-2025-0695,2025-05-12,22:17,2025,5,Monday,22,Robbery,Sayedabad - along the poorly lit section of Sayedabad to Jatrabari Flyover Entrance,ROAD_50,Sayedabad to Jatrabari Flyover Entrance,Sayedabad,Jatrabari,23.7149,90.429815,Prothom Alo,https://en.prothomalo.com/bangladesh/crime-and-law/incident-2025-05-0695,news,University student,Unarmed / Speed snatch,3,Motorcycle (Pulsar/FZ),Reported incident of robbery involving a university student at along the poorly lit section of Sayedabad to Jatrabari Flyover Entrance. Suspects fled using a motorcycle (pulsar/fz).,INTERSECTION,VERIFIED,0.88
DHK-2025-0987,2025-05-13,19:33,2025,5,Tuesday,19,Snatching,Dhanmondi - close to the Dhanmondi market square,ROAD_03,Mirpur Road (Russell Square to Asad Gate),Dhanmondi,Dhanmondi,23.755897,90.374219,The Business Standard,https://tbsnews.net/bangladesh/crime/incident-2025-05-0987,news,Pedestrian,Sharp knife (Chhuri),2,Motorcycle (Pulsar/FZ),A pedestrian had their smartphone snatched by 2 perpetrators on a motorcycle (pulsar/fz) close to the Dhanmondi market square around 19:33.,ROAD,PROBABLE,0.8
DHK-2025-1231,2025-05-13,22:11,2025,5,Tuesday,22,Pickpocketing,Tejgaon - close to the Tejgaon market square,ROAD_25,Tejgaon-Gulshan Link Road,Tejgaon,Tejgaon Industrial,23.766948,90.404686,bdnews24,https://bdnews24.com/bangladesh/incident-2025-05-1231,news,Small shopkeeper,Sharp knife (Chhuri),1,Motorcycle (Pulsar/FZ),A small shopkeeper had their smartphone snatched by 1 perpetrators on a motorcycle (pulsar/fz) close to the Tejgaon market square around 22:11.,AREA,UNCONFIRMED,0.63
DHK-2025-0757,2025-05-14,00:36,2025,5,Wednesday,0,Mugging,Dhanmondi - along the poorly lit section of Mirpur Road (Russell Square to Asad Gate),ROAD_03,Mirpur Road (Russell Square to Asad Gate),Dhanmondi,Dhanmondi,23.753396,90.376088,bdnews24,https://bdnews24.com/bangladesh/incident-2025-05-0757,news,University student,Sharp knife (Chhuri),1,Motorcycle (Pulsar/FZ),Reported incident of mugging involving a university student at along the poorly lit section of Mirpur Road (Russell Square to Asad Gate). Suspects fled using a motorcycle (pulsar/fz).,INTERSECTION,VERIFIED,0.85
DHK-2025-0942,2025-05-15,07:31,2025,5,Thursday,7,Mugging,Dhanmondi - near Dhanmondi bus stop,ROAD_05,Dhanmondi 27 Inner Connector,Dhanmondi,Dhanmondi,23.75584,90.366838,The Business Standard,https://tbsnews.net/bangladesh/crime/incident-2025-05-0942,news,Rickshaw passenger,Firearm / Pistol,3,Motorcycle (Pulsar/FZ),Reported incident of mugging involving a rickshaw passenger at near Dhanmondi bus stop. Suspects fled using a motorcycle (pulsar/fz).,INTERSECTION,PROBABLE,0.82
DHK-2025-0397,2025-05-15,16:51,2025,5,Thursday,16,Robbery,Mogbazar - under the Mogbazar footover bridge,ROAD_46,Mogbazar to Mouchak Flyover,Mogbazar,Ramna,23.749726,90.405012,The Daily Star,https://www.thedailystar.net/crime/incident-2025-05-0397,news,Office worker,Sharp knife (Chhuri),1,Motorcycle (Pulsar/FZ),Reported incident of robbery involving a office worker at under the Mogbazar footover bridge. Suspects fled using a motorcycle (pulsar/fz).,EXACT,VERIFIED,0.92
DHK-2025-1066,2025-05-15,19:12,2025,5,Thursday,19,Snatching,Mohammadpur - near the intersection approaching Asad Gate,ROAD_54,Mohammadpur Town Hall to Asad Gate,Mohammadpur,Mohammadpur,23.759848,90.365185,DMP Monthly Blotter,https://dmp.gov.bd/crime-statistics/incident-2025-05-1066,police_report,Motorcyclist,Sharp knife (Chhuri),2,Motorcycle (Pulsar/FZ),Police blotter recorded a swift snatching incident near the intersection approaching Asad Gate during Thursday night hours.,INTERSECTION,VERIFIED,0.78
DHK-2025-0463,2025-05-16,08:30,2025,5,Friday,8,Snatching,Badda - along the poorly lit section of Pragiti Sarani (Badda Link to Rampura Bridge),ROAD_22,Pragiti Sarani (Badda Link to Rampura Bridge),Badda,Badda,23.763437,90.425589,Daily Sun,https://www.daily-sun.com/post/crime/incident-2025-05-0463,news,Office worker,Iron rod,2,On foot (sprint),A office worker had their smartphone snatched by 2 perpetrators on a on foot (sprint) along the poorly lit section of Pragiti Sarani (Badda Link to Rampura Bridge) around 08:30.,INTERSECTION,VERIFIED,0.91
DHK-2025-0136,2025-05-17,03:32,2025,5,Saturday,3,Theft,Kalabagan - under the Kalabagan footover bridge,ROAD_02,Mirpur Road (Kalabagan to Russell Square),Kalabagan,Kalabagan,23.747763,90.379085,Dhaka Tribune,https://www.dhakatribune.com/bangladesh/crime/incident-2025-05-0136,news,Female commuter,Unarmed / Speed snatch,2,On foot (sprint),"Muggers armed with a unarmed / speed snatch intercepted a female commuter under the Kalabagan footover bridge, fleeing with cash and bag.",INTERSECTION,VERIFIED,0.98
DHK-2025-0658,2025-05-18,07:46,2025,5,Sunday,7,Mugging,Gulshan - close to the Gulshan market square,ROAD_16,Gulshan Avenue (Gulshan-1 to Gulshan-2),Gulshan,Gulshan,23.790865,90.415997,The Daily Star,https://www.thedailystar.net/crime/incident-2025-05-0658,news,Rickshaw passenger,Unarmed / Speed snatch,2,Motorcycle (Pulsar/FZ),Police blotter recorded a swift snatching incident close to the Gulshan market square during Sunday night hours.,ROAD,PROBABLE,0.98
DHK-2025-0411,2025-05-18,23:53,2025,5,Sunday,23,Theft,Sayedabad - in front of the commercial complex at Sayedabad,ROAD_50,Sayedabad to Jatrabari Flyover Entrance,Sayedabad,Jatrabari,23.714607,90.430641,The Business Standard,https://tbsnews.net/bangladesh/crime/incident-2025-05-0411,news,Small shopkeeper,Sharp knife (Chhuri),2,CNG auto-rickshaw,A small shopkeeper had their smartphone snatched by 2 perpetrators on a cng auto-rickshaw in front of the commercial complex at Sayedabad around 23:53.,INTERSECTION,VERIFIED,0.92
DHK-2025-0780,2025-05-20,20:56,2025,5,Tuesday,20,Snatching,Tejgaon - near the intersection approaching Gulshan 1 Circle,ROAD_25,Tejgaon-Gulshan Link Road,Tejgaon,Tejgaon Industrial,23.766189,90.403724,The Business Standard,https://tbsnews.net/bangladesh/crime/incident-2025-05-0780,news,Motorcyclist,Sharp knife (Chhuri),2,Motorcycle (Pulsar/FZ),Police blotter recorded a swift snatching incident near the intersection approaching Gulshan 1 Circle during Tuesday night hours.,AREA,UNCONFIRMED,0.67
DHK-2025-0266,2025-05-20,21:06,2025,5,Tuesday,21,Robbery,Tejgaon - close to the Tejgaon market square,ROAD_14,Bijoy Sarani to Agargaon Connector,Tejgaon,Tejgaon,23.774777,90.378517,Daily Sun,https://www.daily-sun.com/post/crime/incident-2025-05-0266,news,Pedestrian,Unarmed / Speed snatch,2,On foot (sprint),Reported incident of robbery involving a pedestrian at close to the Tejgaon market square. Suspects fled using a on foot (sprint).,ROAD,VERIFIED,0.95
DHK-2025-1168,2025-05-20,21:07,2025,5,Tuesday,21,Mugging,Dhanmondi - in front of the commercial complex at Dhanmondi,ROAD_10,Science Lab to Nilkhet / New Market,Dhanmondi,New Market,23.738629,90.383684,Prothom Alo,https://en.prothomalo.com/bangladesh/crime-and-law/incident-2025-05-1168,news,Office worker,Firearm / Pistol,2,Motorcycle (Pulsar/FZ),"Muggers armed with a firearm / pistol intercepted a office worker in front of the commercial complex at Dhanmondi, fleeing with cash and bag.",INTERSECTION,VERIFIED,0.93
DHK-2025-0586,2025-05-21,00:39,2025,5,Wednesday,0,Snatching,Mirpur - under the Mirpur footover bridge,ROAD_28,Begum Rokeya Sarani (Shewrapara to Kazipara),Mirpur,Kafrul,23.786034,90.373172,bdnews24,https://bdnews24.com/bangladesh/incident-2025-05-0586,news,University student,Sharp knife (Chhuri),2,Motorcycle (Pulsar/FZ),"Muggers armed with a sharp knife (chhuri) intercepted a university student under the Mirpur footover bridge, fleeing with cash and bag.",INTERSECTION,VERIFIED,0.85
DHK-2025-1023,2025-05-22,21:33,2025,5,Thursday,21,Robbery,Gulshan - under the Gulshan footover bridge,ROAD_16,Gulshan Avenue (Gulshan-1 to Gulshan-2),Gulshan,Gulshan,23.792046,90.416092,bdnews24,https://bdnews24.com/bangladesh/incident-2025-05-1023,news,University student,Firearm / Pistol,2,Motorcycle (Pulsar/FZ),"Muggers armed with a firearm / pistol intercepted a university student under the Gulshan footover bridge, fleeing with cash and bag.",INTERSECTION,VERIFIED,0.87
DHK-2025-1139,2025-05-23,00:56,2025,5,Friday,0,Snatching,Banani - in front of the commercial complex at Banani,ROAD_17,Kemal Ataturk Ave (Banani Kakoli to Gulshan-2),Banani,Banani,23.793075,90.407548,Prothom Alo,https://en.prothomalo.com/bangladesh/crime-and-law/incident-2025-05-1139,news,Female commuter,Unarmed / Speed snatch,2,Private car,Reported incident of snatching involving a female commuter at in front of the commercial complex at Banani. Suspects fled using a private car.,INTERSECTION,VERIFIED,0.86
DHK-2025-1159,2025-05-23,17:46,2025,5,Friday,17,Mugging,Dhanmondi - near Dhanmondi bus stop,ROAD_10,Science Lab to Nilkhet / New Market,Dhanmondi,New Market,23.736384,90.383695,The Daily Star,https://www.thedailystar.net/crime/incident-2025-05-1159,news,Office worker,Pepper spray,4,Motorcycle (Pulsar/FZ),Police blotter recorded a swift snatching incident near Dhanmondi bus stop during Friday night hours.,INTERSECTION,UNCONFIRMED,0.68
DHK-2025-0818,2025-05-26,02:56,2025,5,Monday,2,Snatching,Farmgate - along the poorly lit section of Kazi Nazrul Islam Ave (Farmgate to Karwan Bazar),ROAD_07,Kazi Nazrul Islam Ave (Farmgate to Karwan Bazar),Farmgate,Tejgaon,23.753412,90.392144,The Business Standard,https://tbsnews.net/bangladesh/crime/incident-2025-05-0818,news,Small shopkeeper,Unarmed / Speed snatch,1,Motorcycle (Pulsar/FZ),Reported incident of snatching involving a small shopkeeper at along the poorly lit section of Kazi Nazrul Islam Ave (Farmgate to Karwan Bazar). Suspects fled using a motorcycle (pulsar/fz).,EXACT,VERIFIED,0.89
DHK-2025-0632,2025-05-26,12:47,2025,5,Monday,12,Snatching,Kalabagan - near the intersection approaching Russell Square / Dhanmondi 32,ROAD_02,Mirpur Road (Kalabagan to Russell Square),Kalabagan,Kalabagan,23.750299,90.378215,Dhaka Tribune,https://www.dhakatribune.com/bangladesh/crime/incident-2025-05-0632,news,Motorcyclist,Sharp knife (Chhuri),2,Private car,A motorcyclist had their smartphone snatched by 2 perpetrators on a private car near the intersection approaching Russell Square / Dhanmondi 32 around 12:47.,INTERSECTION,VERIFIED,0.85
DHK-2025-0693,2025-05-26,14:22,2025,5,Monday,14,Theft,Dhanmondi - in front of the commercial complex at Dhanmondi,ROAD_10,Science Lab to Nilkhet / New Market,Dhanmondi,New Market,23.733,90.38373,Dhaka Tribune,https://www.dhakatribune.com/bangladesh/crime/incident-2025-05-0693,news,Rickshaw passenger,Sharp knife (Chhuri),2,CNG auto-rickshaw,Reported incident of theft involving a rickshaw passenger at in front of the commercial complex at Dhanmondi. Suspects fled using a cng auto-rickshaw.,EXACT,UNCONFIRMED,0.62
DHK-2025-0276,2025-05-26,18:12,2025,5,Monday,18,Robbery,Mohammadpur - near Mohammadpur bus stop,ROAD_06,Mirpur Road (Asad Gate to Farmgate Connector),Mohammadpur,Mohammadpur,23.757255,90.389352,Prothom Alo,https://en.prothomalo.com/bangladesh/crime-and-law/incident-2025-05-0276,news,Rickshaw passenger,Paper cutter,2,Motorcycle (Pulsar/FZ),Reported incident of robbery involving a rickshaw passenger at near Mohammadpur bus stop. Suspects fled using a motorcycle (pulsar/fz).,INTERSECTION,VERIFIED,0.81
DHK-2025-0268,2025-05-26,21:10,2025,5,Monday,21,Snatching,Banani - close to the Banani market square,ROAD_38,Dhaka-Mymensingh Hwy (Banani to Kuril),Banani,Banani,23.808843,90.412891,Daily Sun,https://www.daily-sun.com/post/crime/incident-2025-05-0268,news,Pedestrian,Firearm / Pistol,3,CNG auto-rickshaw,Reported incident of snatching involving a pedestrian at close to the Banani market square. Suspects fled using a cng auto-rickshaw.,ROAD,VERIFIED,0.89
DHK-2025-0681,2025-05-26,23:12,2025,5,Monday,23,Mugging,Mirpur - near Mirpur bus stop,ROAD_29,Begum Rokeya Sarani (Kazipara to Mirpur-10),Mirpur,Kafrul,23.805232,90.369111,The Business Standard,https://tbsnews.net/bangladesh/crime/incident-2025-05-0681,news,Female commuter,Sharp knife (Chhuri),2,Motorcycle (Pulsar/FZ),Police blotter recorded a swift snatching incident near Mirpur bus stop during Monday night hours.,AREA,PROBABLE,0.9
DHK-2025-0769,2025-05-28,12:26,2025,5,Wednesday,12,Mugging,Mirpur - close to the Mirpur market square,ROAD_32,Mirpur-10 to Mirpur-11 Strip,Mirpur,Mirpur,23.817337,90.366476,DMP Monthly Blotter,https://dmp.gov.bd/crime-statistics/incident-2025-05-0769,police_report,Small shopkeeper,Sharp knife (Chhuri),4,Motorcycle (Pulsar/FZ),A small shopkeeper had their smartphone snatched by 4 perpetrators on a motorcycle (pulsar/fz) close to the Mirpur market square around 12:26.,INTERSECTION,VERIFIED,0.85
DHK-2025-0257,2025-05-29,20:24,2025,5,Thursday,20,Snatching,Shyamoli - near the intersection approaching Mirpur 1 Roundabout,ROAD_30,Mirpur Road (Shyamoli to Mirpur-1),Shyamoli,Adabor,23.771135,90.362827,The Business Standard,https://tbsnews.net/bangladesh/crime/incident-2025-05-0257,news,Small shopkeeper,Sharp knife (Chhuri),1,On foot (sprint),A small shopkeeper had their smartphone snatched by 1 perpetrators on a on foot (sprint) near the intersection approaching Mirpur 1 Roundabout around 20:24.,EXACT,VERIFIED,0.93
DHK-2025-1030,2025-05-30,23:15,2025,5,Friday,23,Snatching,Farmgate - near the intersection approaching Karwan Bazar Chottor,ROAD_07,Kazi Nazrul Islam Ave (Farmgate to Karwan Bazar),Farmgate,Tejgaon,23.753934,90.391826,bdnews24,https://bdnews24.com/bangladesh/incident-2025-05-1030,news,Small shopkeeper,Sharp knife (Chhuri),1,Motorcycle (Pulsar/FZ),Police blotter recorded a swift snatching incident near the intersection approaching Karwan Bazar Chottor during Friday night hours.,INTERSECTION,PROBABLE,0.78
DHK-2025-0507,2025-05-31,12:52,2025,5,Saturday,12,Theft,Farmgate - in front of the commercial complex at Farmgate,ROAD_07,Kazi Nazrul Islam Ave (Farmgate to Karwan Bazar),Farmgate,Tejgaon,23.753145,90.392577,Dhaka Tribune,https://www.dhakatribune.com/bangladesh/crime/incident-2025-05-0507,news,University student,Sharp knife (Chhuri),3,Motorcycle (Pulsar/FZ),Reported incident of theft involving a university student at in front of the commercial complex at Farmgate. Suspects fled using a motorcycle (pulsar/fz).,INTERSECTION,VERIFIED,0.83
DHK-2025-0121,2025-05-31,19:11,2025,5,Saturday,19,Snatching,Kalabagan - close to the Kalabagan market square,ROAD_02,Mirpur Road (Kalabagan to Russell Square),Kalabagan,Kalabagan,23.746678,90.37958,DMP Monthly Blotter,https://dmp.gov.bd/crime-statistics/incident-2025-05-0121,police_report,Small shopkeeper,Iron rod,4,Motorcycle (Pulsar/FZ),A small shopkeeper had their smartphone snatched by 4 perpetrators on a motorcycle (pulsar/fz) close to the Kalabagan market square around 19:11.,INTERSECTION,VERIFIED,0.84
DHK-2025-0724,2025-06-02,17:54,2025,6,Monday,17,Snatching,Sayedabad - along the poorly lit section of Sayedabad to Jatrabari Flyover Entrance,ROAD_50,Sayedabad to Jatrabari Flyover Entrance,Sayedabad,Jatrabari,23.714003,90.431227,The Business Standard,https://tbsnews.net/bangladesh/crime/incident-2025-06-0724,news,Office worker,Pepper spray,2,Motorcycle (Pulsar/FZ),"Muggers armed with a pepper spray intercepted a office worker along the poorly lit section of Sayedabad to Jatrabari Flyover Entrance, fleeing with cash and bag.",INTERSECTION,VERIFIED,0.84
DHK-2025-1149,2025-06-02,22:01,2025,6,Monday,22,Snatching,Gulshan - along the poorly lit section of Gulshan Avenue (Gulshan-1 to Gulshan-2),ROAD_16,Gulshan Avenue (Gulshan-1 to Gulshan-2),Gulshan,Gulshan,23.788548,90.416013,Daily Sun,https://www.daily-sun.com/post/crime/incident-2025-06-1149,news,Motorcyclist,Iron rod,2,Private car,Reported incident of snatching involving a motorcyclist at along the poorly lit section of Gulshan Avenue (Gulshan-1 to Gulshan-2). Suspects fled using a private car.,INTERSECTION,VERIFIED,0.78
DHK-2025-0441,2025-06-02,22:33,2025,6,Monday,22,Snatching,Airport - along the poorly lit section of Dhaka-Mymensingh Hwy (Airport to Jasimuddin),ROAD_40,Dhaka-Mymensingh Hwy (Airport to Jasimuddin),Airport,Airport,23.856273,90.404674,bdnews24,https://bdnews24.com/bangladesh/incident-2025-06-0441,news,Rickshaw passenger,Firearm / Pistol,2,On foot (sprint),Reported incident of snatching involving a rickshaw passenger at along the poorly lit section of Dhaka-Mymensingh Hwy (Airport to Jasimuddin). Suspects fled using a on foot (sprint).,ROAD,VERIFIED,0.89
DHK-2025-0310,2025-06-06,16:52,2025,6,Friday,16,Pickpocketing,Motijheel - under the Motijheel footover bridge,ROAD_49,Motijheel to Sayedabad Bus Terminal,Motijheel,Motijheel,23.718442,90.426898,bdnews24,https://bdnews24.com/bangladesh/incident-2025-06-0310,news,Rickshaw passenger,Paper cutter,2,Motorcycle (Pulsar/FZ),"Muggers armed with a paper cutter intercepted a rickshaw passenger under the Motijheel footover bridge, fleeing with cash and bag.",ROAD,VERIFIED,0.81
DHK-2025-0232,2025-06-07,18:41,2025,6,Saturday,18,Mugging,Mirpur - under the Mirpur footover bridge,ROAD_34,Mirpur-1 to Gabtoli Highway,Mirpur,Mirpur,23.786411,90.348724,The Daily Star,https://www.thedailystar.net/crime/incident-2025-06-0232,news,Motorcyclist,Firearm / Pistol,1,Motorcycle (Pulsar/FZ),"Muggers armed with a firearm / pistol intercepted a motorcyclist under the Mirpur footover bridge, fleeing with cash and bag.",INTERSECTION,UNCONFIRMED,0.68
DHK-2025-0581,2025-06-09,08:45,2025,6,Monday,8,Mugging,Banani - along the poorly lit section of Banani 11 to Gulshan-2 Bridge Link,ROAD_19,Banani 11 to Gulshan-2 Bridge Link,Banani,Banani,23.792415,90.415453,The Daily Star,https://www.thedailystar.net/crime/incident-2025-06-0581,news,Motorcyclist,Sharp knife (Chhuri),3,CNG auto-rickshaw,"Muggers armed with a sharp knife (chhuri) intercepted a motorcyclist along the poorly lit section of Banani 11 to Gulshan-2 Bridge Link, fleeing with cash and bag.",EXACT,VERIFIED,0.95
DHK-2025-1049,2025-06-10,10:20,2025,6,Tuesday,10,Mugging,Dhanmondi - close to the Dhanmondi market square,ROAD_05,Dhanmondi 27 Inner Connector,Dhanmondi,Dhanmondi,23.758731,90.363673,bdnews24,https://bdnews24.com/bangladesh/incident-2025-06-1049,news,University student,Firearm / Pistol,1,Leguna van,Police blotter recorded a swift snatching incident close to the Dhanmondi market square during Tuesday night hours.,INTERSECTION,VERIFIED,0.78
DHK-2025-1230,2025-06-10,16:05,2025,6,Tuesday,16,Snatching,Karwan Bazar - in front of the commercial complex at Karwan Bazar,ROAD_08,Kazi Nazrul Islam Ave (Karwan Bazar to Shahbagh),Karwan Bazar,Tejgaon,23.747346,90.394401,Prothom Alo,https://en.prothomalo.com/bangladesh/crime-and-law/incident-2025-06-1230,news,Female commuter,Paper cutter,2,Motorcycle (Pulsar/FZ),Police blotter recorded a swift snatching incident in front of the commercial complex at Karwan Bazar during Tuesday night hours.,INTERSECTION,PROBABLE,0.76
DHK-2025-0577,2025-06-10,23:36,2025,6,Tuesday,23,Snatching,Dhanmondi - in front of the commercial complex at Dhanmondi,ROAD_05,Dhanmondi 27 Inner Connector,Dhanmondi,Dhanmondi,23.758759,90.363973,The Business Standard,https://tbsnews.net/bangladesh/crime/incident-2025-06-0577,news,Office worker,Iron rod,1,Private car,Police blotter recorded a swift snatching incident in front of the commercial complex at Dhanmondi during Tuesday night hours.,ROAD,VERIFIED,0.78
DHK-2025-1085,2025-06-11,01:43,2025,6,Wednesday,1,Snatching,Mirpur - under the Mirpur footover bridge,ROAD_31,Mirpur-1 to Mirpur-10 Connector,Mirpur,Mirpur,23.805694,90.366485,Daily Sun,https://www.daily-sun.com/post/crime/incident-2025-06-1085,news,Rickshaw passenger,Unarmed / Speed snatch,2,On foot (sprint),Police blotter recorded a swift snatching incident under the Mirpur footover bridge during Wednesday night hours.,ROAD,VERIFIED,0.88
DHK-2025-0758,2025-06-12,21:01,2025,6,Thursday,21,Snatching,Dhanmondi - under the Dhanmondi footover bridge,ROAD_03,Mirpur Road (Russell Square to Asad Gate),Dhanmondi,Dhanmondi,23.752543,90.376884,bdnews24,https://bdnews24.com/bangladesh/incident-2025-06-0758,news,Rickshaw passenger,Pepper spray,3,CNG auto-rickshaw,Reported incident of snatching involving a rickshaw passenger at under the Dhanmondi footover bridge. Suspects fled using a cng auto-rickshaw.,INTERSECTION,VERIFIED,0.96
DHK-2025-0377,2025-06-15,05:39,2025,6,Sunday,5,Mugging,Dhanmondi - along the poorly lit section of Mirpur Road (Science Lab to Kalabagan),ROAD_01,Mirpur Road (Science Lab to Kalabagan),Dhanmondi,New Market,23.741384,90.382484,Prothom Alo,https://en.prothomalo.com/bangladesh/crime-and-law/incident-2025-06-0377,news,Rickshaw passenger,Paper cutter,1,Private car,Police blotter recorded a swift snatching incident along the poorly lit section of Mirpur Road (Science Lab to Kalabagan) during Sunday night hours.,ROAD,UNCONFIRMED,0.69
DHK-2025-0132,2025-06-15,21:28,2025,6,Sunday,21,Snatching,Paltan - close to the Paltan market square,ROAD_51,Paltan to Sadarghat (Old Dhaka Arterial),Paltan,Paltan,23.718774,90.411062,Prothom Alo,https://en.prothomalo.com/bangladesh/crime-and-law/incident-2025-06-0132,news,University student,Unarmed / Speed snatch,2,Motorcycle (Pulsar/FZ),A university student had their smartphone snatched by 2 perpetrators on a motorcycle (pulsar/fz) close to the Paltan market square around 21:28.,ROAD,PROBABLE,0.93
DHK-2025-0075,2025-06-16,03:56,2025,6,Monday,3,Robbery,Mohammadpur - in front of the commercial complex at Mohammadpur,ROAD_53,Asad Gate to Shyamoli (Mirpur Road),Mohammadpur,Mohammadpur,23.767352,90.365758,DMP Monthly Blotter,https://dmp.gov.bd/crime-statistics/incident-2025-06-0075,police_report,Small shopkeeper,Sharp knife (Chhuri),2,Private car,"Muggers armed with a sharp knife (chhuri) intercepted a small shopkeeper in front of the commercial complex at Mohammadpur, fleeing with cash and bag.",ROAD,PROBABLE,0.82
DHK-2025-0947,2025-06-18,18:10,2025,6,Wednesday,18,Mugging,Mirpur - near Mirpur bus stop,ROAD_29,Begum Rokeya Sarani (Kazipara to Mirpur-10),Mirpur,Kafrul,23.795106,90.370784,Daily Sun,https://www.daily-sun.com/post/crime/incident-2025-06-0947,news,Office worker,Sharp knife (Chhuri),2,CNG auto-rickshaw,"Muggers armed with a sharp knife (chhuri) intercepted a office worker near Mirpur bus stop, fleeing with cash and bag.",ROAD,VERIFIED,0.82
DHK-2025-0767,2025-06-18,20:26,2025,6,Wednesday,20,Robbery,Mirpur - near the intersection approaching Mirpur 10 Roundabout,ROAD_31,Mirpur-1 to Mirpur-10 Connector,Mirpur,Mirpur,23.803935,90.365355,bdnews24,https://bdnews24.com/bangladesh/incident-2025-06-0767,news,Female commuter,Iron rod,2,On foot (sprint),"Muggers armed with a iron rod intercepted a female commuter near the intersection approaching Mirpur 10 Roundabout, fleeing with cash and bag.",INTERSECTION,PROBABLE,0.77
DHK-2025-0766,2025-06-23,05:48,2025,6,Monday,5,Pickpocketing,Rampura - under the Rampura footover bridge,ROAD_24,Hatirjheel Expressway (Rampura to Mohakhali),Rampura,Rampura,23.770427,90.412612,The Business Standard,https://tbsnews.net/bangladesh/crime/incident-2025-06-0766,news,Female commuter,Unarmed / Speed snatch,2,Motorcycle (Pulsar/FZ),A female commuter had their smartphone snatched by 2 perpetrators on a motorcycle (pulsar/fz) under the Rampura footover bridge around 05:48.,INTERSECTION,VERIFIED,0.95
DHK-2025-0547,2025-06-23,12:05,2025,6,Monday,12,Snatching,Mogbazar - near the intersection approaching Mouchak / Malibagh Crossing,ROAD_46,Mogbazar to Mouchak Flyover,Mogbazar,Ramna,23.7479,90.409137,Prothom Alo,https://en.prothomalo.com/bangladesh/crime-and-law/incident-2025-06-0547,news,Motorcyclist,Sharp knife (Chhuri),4,Motorcycle (Pulsar/FZ),"Muggers armed with a sharp knife (chhuri) intercepted a motorcyclist near the intersection approaching Mouchak / Malibagh Crossing, fleeing with cash and bag.",INTERSECTION,PROBABLE,0.76
DHK-2025-0914,2025-06-23,21:44,2025,6,Monday,21,Mugging,Tejgaon - in front of the commercial complex at Tejgaon,ROAD_25,Tejgaon-Gulshan Link Road,Tejgaon,Tejgaon Industrial,23.771637,90.409159,Daily Sun,https://www.daily-sun.com/post/crime/incident-2025-06-0914,news,Office worker,Iron rod,2,Motorcycle (Pulsar/FZ),A office worker had their smartphone snatched by 2 perpetrators on a motorcycle (pulsar/fz) in front of the commercial complex at Tejgaon around 21:44.,INTERSECTION,VERIFIED,0.83
DHK-2025-0816,2025-06-24,22:03,2025,6,Tuesday,22,Snatching,Gulshan - near Gulshan bus stop,ROAD_16,Gulshan Avenue (Gulshan-1 to Gulshan-2),Gulshan,Gulshan,23.783006,90.416517,The Business Standard,https://tbsnews.net/bangladesh/crime/incident-2025-06-0816,news,Pedestrian,Paper cutter,3,Leguna van,Reported incident of snatching involving a pedestrian at near Gulshan bus stop. Suspects fled using a leguna van.,EXACT,UNCONFIRMED,0.67
DHK-2025-0519,2025-06-24,22:39,2025,6,Tuesday,22,Mugging,Dhanmondi - under the Dhanmondi footover bridge,ROAD_01,Mirpur Road (Science Lab to Kalabagan),Dhanmondi,New Market,23.740175,90.383181,Dhaka Tribune,https://www.dhakatribune.com/bangladesh/crime/incident-2025-06-0519,news,Office worker,Paper cutter,2,CNG auto-rickshaw,A office worker had their smartphone snatched by 2 perpetrators on a cng auto-rickshaw under the Dhanmondi footover bridge around 22:39.,EXACT,VERIFIED,0.78
DHK-2025-1087,2025-06-24,22:44,2025,6,Tuesday,22,Snatching,Mirpur - along the poorly lit section of Mirpur-10 to Mirpur-11 Strip,ROAD_32,Mirpur-10 to Mirpur-11 Strip,Mirpur,Mirpur,23.810707,90.367844,bdnews24,https://bdnews24.com/bangladesh/incident-2025-06-1087,news,Female commuter,Paper cutter,2,Motorcycle (Pulsar/FZ),Police blotter recorded a swift snatching incident along the poorly lit section of Mirpur-10 to Mirpur-11 Strip during Tuesday night hours.,INTERSECTION,VERIFIED,0.97
DHK-2025-0039,2025-06-25,20:39,2025,6,Wednesday,20,Snatching,Mohammadpur - in front of the commercial complex at Mohammadpur,ROAD_35,Mohammadpur Beribadh Outer Road,Mohammadpur,Mohammadpur,23.77887,90.347141,DMP Monthly Blotter,https://dmp.gov.bd/crime-statistics/incident-2025-06-0039,police_report,University student,Sharp knife (Chhuri),2,CNG auto-rickshaw,Police blotter recorded a swift snatching incident in front of the commercial complex at Mohammadpur during Wednesday night hours.,ROAD,PROBABLE,0.85
DHK-2025-0489,2025-06-26,19:15,2025,6,Thursday,19,Snatching,Baridhara - in front of the commercial complex at Baridhara,ROAD_21,Pragiti Sarani (Notun Bazar to Badda Link),Baridhara,Bhatara,23.783099,90.427506,Daily Sun,https://www.daily-sun.com/post/crime/incident-2025-06-0489,news,Pedestrian,Sharp knife (Chhuri),3,CNG auto-rickshaw,"Muggers armed with a sharp knife (chhuri) intercepted a pedestrian in front of the commercial complex at Baridhara, fleeing with cash and bag.",INTERSECTION,PROBABLE,0.86
DHK-2025-0108,2025-06-27,02:04,2025,6,Friday,2,Theft,Mirpur - in front of the commercial complex at Mirpur,ROAD_34,Mirpur-1 to Gabtoli Highway,Mirpur,Mirpur,23.785001,90.347494,Dhaka Tribune,https://www.dhakatribune.com/bangladesh/crime/incident-2025-06-0108,news,Female commuter,Paper cutter,3,Motorcycle (Pulsar/FZ),Reported incident of theft involving a female commuter at in front of the commercial complex at Mirpur. Suspects fled using a motorcycle (pulsar/fz).,EXACT,PROBABLE,0.84
DHK-2025-0309,2025-06-27,12:51,2025,6,Friday,12,Robbery,Farmgate - along the poorly lit section of Kazi Nazrul Islam Ave (Farmgate to Karwan Bazar),ROAD_07,Kazi Nazrul Islam Ave (Farmgate to Karwan Bazar),Farmgate,Tejgaon,23.756548,90.38999,Prothom Alo,https://en.prothomalo.com/bangladesh/crime-and-law/incident-2025-06-0309,news,Pedestrian,Pepper spray,1,On foot (sprint),A pedestrian had their smartphone snatched by 1 perpetrators on a on foot (sprint) along the poorly lit section of Kazi Nazrul Islam Ave (Farmgate to Karwan Bazar) around 12:51.,INTERSECTION,VERIFIED,0.79
DHK-2025-0157,2025-06-28,17:22,2025,6,Saturday,17,Snatching,Mirpur - in front of the commercial complex at Mirpur,ROAD_33,Mirpur-11 to Mirpur-12 Avenue,Mirpur,Pallabi,23.821713,90.364906,DMP Monthly Blotter,https://dmp.gov.bd/crime-statistics/incident-2025-06-0157,police_report,University student,Sharp knife (Chhuri),2,Motorcycle (Pulsar/FZ),A university student had their smartphone snatched by 2 perpetrators on a motorcycle (pulsar/fz) in front of the commercial complex at Mirpur around 17:22.,EXACT,PROBABLE,0.77
DHK-2025-1145,2025-06-30,00:46,2025,6,Monday,0,Theft,Mohammadpur - close to the Mohammadpur market square,ROAD_35,Mohammadpur Beribadh Outer Road,Mohammadpur,Mohammadpur,23.782717,90.34679,DMP Monthly Blotter,https://dmp.gov.bd/crime-statistics/incident-2025-06-1145,police_report,Motorcyclist,Sharp knife (Chhuri),1,On foot (sprint),Police blotter recorded a swift snatching incident close to the Mohammadpur market square during Monday night hours.,EXACT,VERIFIED,0.89
DHK-2025-0754,2025-06-30,11:31,2025,6,Monday,11,Mugging,Farmgate - along the poorly lit section of Kazi Nazrul Islam Ave (Farmgate to Karwan Bazar),ROAD_07,Kazi Nazrul Islam Ave (Farmgate to Karwan Bazar),Farmgate,Tejgaon,23.75467,90.39142,Dhaka Tribune,https://www.dhakatribune.com/bangladesh/crime/incident-2025-06-0754,news,Female commuter,Firearm / Pistol,3,Motorcycle (Pulsar/FZ),A female commuter had their smartphone snatched by 3 perpetrators on a motorcycle (pulsar/fz) along the poorly lit section of Kazi Nazrul Islam Ave (Farmgate to Karwan Bazar) around 11:31.,EXACT,VERIFIED,0.83
DHK-2025-0474,2025-06-30,20:49,2025,6,Monday,20,Snatching,Mirpur - under the Mirpur footover bridge,ROAD_34,Mirpur-1 to Gabtoli Highway,Mirpur,Mirpur,23.785427,90.348013,bdnews24,https://bdnews24.com/bangladesh/incident-2025-06-0474,news,University student,Sharp knife (Chhuri),2,On foot (sprint),A university student had their smartphone snatched by 2 perpetrators on a on foot (sprint) under the Mirpur footover bridge around 20:49.,INTERSECTION,VERIFIED,0.78
DHK-2025-0925,2025-06-30,21:08,2025,6,Monday,21,Mugging,Paltan - near the intersection approaching Sadarghat Launch Terminal,ROAD_51,Paltan to Sadarghat (Old Dhaka Arterial),Paltan,Paltan,23.717633,90.411252,Prothom Alo,https://en.prothomalo.com/bangladesh/crime-and-law/incident-2025-06-0925,news,Motorcyclist,Unarmed / Speed snatch,3,On foot (sprint),"Muggers armed with a unarmed / speed snatch intercepted a motorcyclist near the intersection approaching Sadarghat Launch Terminal, fleeing with cash and bag.",AREA,VERIFIED,0.91
DHK-2025-0657,2025-07-01,11:55,2025,7,Tuesday,11,Snatching,Shyamoli - close to the Shyamoli market square,ROAD_30,Mirpur Road (Shyamoli to Mirpur-1),Shyamoli,Adabor,23.784382,90.358183,The Business Standard,https://tbsnews.net/bangladesh/crime/incident-2025-07-0657,news,University student,Paper cutter,2,On foot (sprint),"Muggers armed with a paper cutter intercepted a university student close to the Shyamoli market square, fleeing with cash and bag.",EXACT,VERIFIED,0.94
DHK-2025-0655,2025-07-01,19:43,2025,7,Tuesday,19,Theft,Nilkhet - near the intersection approaching Sadarghat Launch Terminal,ROAD_52,New Market to Sadarghat Riverfront Connector,Nilkhet,New Market,23.715963,90.402811,Dhaka Tribune,https://www.dhakatribune.com/bangladesh/crime/incident-2025-07-0655,news,University student,Sharp knife (Chhuri),2,CNG auto-rickshaw,A university student had their smartphone snatched by 2 perpetrators on a cng auto-rickshaw near the intersection approaching Sadarghat Launch Terminal around 19:43.,ROAD,VERIFIED,0.96
DHK-2025-0311,2025-07-02,01:56,2025,7,Wednesday,1,Snatching,Mohammadpur - along the poorly lit section of Mohammadpur Beribadh Outer Road,ROAD_35,Mohammadpur Beribadh Outer Road,Mohammadpur,Mohammadpur,23.759379,90.347922,The Business Standard,https://tbsnews.net/bangladesh/crime/incident-2025-07-0311,news,Female commuter,Unarmed / Speed snatch,2,Motorcycle (Pulsar/FZ),Police blotter recorded a swift snatching incident along the poorly lit section of Mohammadpur Beribadh Outer Road during Wednesday night hours.,ROAD,VERIFIED,0.76
DHK-2025-0773,2025-07-02,22:41,2025,7,Wednesday,22,Pickpocketing,Baridhara - close to the Baridhara market square,ROAD_21,Pragiti Sarani (Notun Bazar to Badda Link),Baridhara,Bhatara,23.794321,90.425732,The Business Standard,https://tbsnews.net/bangladesh/crime/incident-2025-07-0773,news,University student,Sharp knife (Chhuri),4,Motorcycle (Pulsar/FZ),Police blotter recorded a swift snatching incident close to the Baridhara market square during Wednesday night hours.,INTERSECTION,VERIFIED,0.93
DHK-2025-0815,2025-07-03,11:37,2025,7,Thursday,11,Snatching,Mohammadpur - near Mohammadpur bus stop,ROAD_53,Asad Gate to Shyamoli (Mirpur Road),Mohammadpur,Mohammadpur,23.760983,90.370426,bdnews24,https://bdnews24.com/bangladesh/incident-2025-07-0815,news,Female commuter,Sharp knife (Chhuri),4,On foot (sprint),"Muggers armed with a sharp knife (chhuri) intercepted a female commuter near Mohammadpur bus stop, fleeing with cash and bag.",INTERSECTION,PROBABLE,0.76
DHK-2025-0962,2025-07-07,23:40,2025,7,Monday,23,Mugging,Mohammadpur - near Mohammadpur bus stop,ROAD_06,Mirpur Road (Asad Gate to Farmgate Connector),Mohammadpur,Mohammadpur,23.757868,90.383852,bdnews24,https://bdnews24.com/bangladesh/incident-2025-07-0962,news,Motorcyclist,Firearm / Pistol,3,Motorcycle (Pulsar/FZ),"Muggers armed with a firearm / pistol intercepted a motorcyclist near Mohammadpur bus stop, fleeing with cash and bag.",AREA,VERIFIED,0.89
DHK-2025-1146,2025-07-08,16:50,2025,7,Tuesday,16,Robbery,Paltan - along the poorly lit section of Paltan to Motijheel Commercial Area,ROAD_44,Paltan to Motijheel Commercial Area,Paltan,Paltan,23.729285,90.414082,Dhaka Tribune,https://www.dhakatribune.com/bangladesh/crime/incident-2025-07-1146,news,Motorcyclist,Firearm / Pistol,2,CNG auto-rickshaw,"Muggers armed with a firearm / pistol intercepted a motorcyclist along the poorly lit section of Paltan to Motijheel Commercial Area, fleeing with cash and bag.",INTERSECTION,PROBABLE,0.89
DHK-2025-0614,2025-07-09,18:01,2025,7,Wednesday,18,Theft,Dhanmondi - under the Dhanmondi footover bridge,ROAD_05,Dhanmondi 27 Inner Connector,Dhanmondi,Dhanmondi,23.753289,90.369706,The Daily Star,https://www.thedailystar.net/crime/incident-2025-07-0614,news,University student,Sharp knife (Chhuri),1,Motorcycle (Pulsar/FZ),Police blotter recorded a swift snatching incident under the Dhanmondi footover bridge during Wednesday night hours.,EXACT,VERIFIED,0.97
DHK-2025-1106,2025-07-09,22:24,2025,7,Wednesday,22,Snatching,Mirpur - along the poorly lit section of Mirpur-1 to Gabtoli Highway,ROAD_34,Mirpur-1 to Gabtoli Highway,Mirpur,Mirpur,23.793617,90.353101,Dhaka Tribune,https://www.dhakatribune.com/bangladesh/crime/incident-2025-07-1106,news,Female commuter,Paper cutter,2,Motorcycle (Pulsar/FZ),Reported incident of snatching involving a female commuter at along the poorly lit section of Mirpur-1 to Gabtoli Highway. Suspects fled using a motorcycle (pulsar/fz).,INTERSECTION,VERIFIED,0.8
DHK-2025-0218,2025-07-10,01:54,2025,7,Thursday,1,Theft,Sayedabad - in front of the commercial complex at Sayedabad,ROAD_50,Sayedabad to Jatrabari Flyover Entrance,Sayedabad,Jatrabari,23.713537,90.432053,The Daily Star,https://www.thedailystar.net/crime/incident-2025-07-0218,news,Female commuter,Sharp knife (Chhuri),2,Motorcycle (Pulsar/FZ),A female commuter had their smartphone snatched by 2 perpetrators on a motorcycle (pulsar/fz) in front of the commercial complex at Sayedabad around 01:54.,INTERSECTION,VERIFIED,0.95
DHK-2025-0844,2025-07-10,02:54,2025,7,Thursday,2,Snatching,Mirpur - near Mirpur bus stop,ROAD_31,Mirpur-1 to Mirpur-10 Connector,Mirpur,Mirpur,23.801626,90.362144,Dhaka Tribune,https://www.dhakatribune.com/bangladesh/crime/incident-2025-07-0844,news,Female commuter,Sharp knife (Chhuri),4,On foot (sprint),Police blotter recorded a swift snatching incident near Mirpur bus stop during Thursday night hours.,INTERSECTION,PROBABLE,0.94
DHK-2025-0538,2025-07-13,02:29,2025,7,Sunday,2,Mugging,Malibagh - in front of the commercial complex at Malibagh,ROAD_47,Mouchak to Khilgaon Flyover,Malibagh,Shahjahanpur,23.750861,90.421308,DMP Monthly Blotter,https://dmp.gov.bd/crime-statistics/incident-2025-07-0538,police_report,Motorcyclist,Firearm / Pistol,2,Motorcycle (Pulsar/FZ),A motorcyclist had their smartphone snatched by 2 perpetrators on a motorcycle (pulsar/fz) in front of the commercial complex at Malibagh around 02:29.,INTERSECTION,VERIFIED,0.88
DHK-2025-0399,2025-07-15,07:06,2025,7,Tuesday,7,Pickpocketing,Nilkhet - near the intersection approaching Sadarghat Launch Terminal,ROAD_52,New Market to Sadarghat Riverfront Connector,Nilkhet,New Market,23.717703,90.401288,Dhaka Tribune,https://www.dhakatribune.com/bangladesh/crime/incident-2025-07-0399,news,Office worker,Iron rod,4,On foot (sprint),Police blotter recorded a swift snatching incident near the intersection approaching Sadarghat Launch Terminal during Tuesday night hours.,AREA,VERIFIED,0.8
DHK-2025-0508,2025-07-15,21:28,2025,7,Tuesday,21,Snatching,Mirpur - near the intersection approaching Mirpur 11 Bus Stand,ROAD_32,Mirpur-10 to Mirpur-11 Strip,Mirpur,Mirpur,23.817258,90.365821,Prothom Alo,https://en.prothomalo.com/bangladesh/crime-and-law/incident-2025-07-0508,news,Motorcyclist,Firearm / Pistol,1,Motorcycle (Pulsar/FZ),"Muggers armed with a firearm / pistol intercepted a motorcyclist near the intersection approaching Mirpur 11 Bus Stand, fleeing with cash and bag.",EXACT,VERIFIED,0.98
DHK-2025-1050,2025-07-16,17:10,2025,7,Wednesday,17,Snatching,Shyamoli - in front of the commercial complex at Shyamoli,ROAD_30,Mirpur Road (Shyamoli to Mirpur-1),Shyamoli,Adabor,23.785569,90.357429,The Daily Star,https://www.thedailystar.net/crime/incident-2025-07-1050,news,Female commuter,Firearm / Pistol,1,Motorcycle (Pulsar/FZ),A female commuter had their smartphone snatched by 1 perpetrators on a motorcycle (pulsar/fz) in front of the commercial complex at Shyamoli around 17:10.,ROAD,PROBABLE,0.96
DHK-2025-1148,2025-07-18,12:00,2025,7,Friday,12,Robbery,Mogbazar - near Mogbazar bus stop,ROAD_46,Mogbazar to Mouchak Flyover,Mogbazar,Ramna,23.749451,90.406243,The Business Standard,https://tbsnews.net/bangladesh/crime/incident-2025-07-1148,news,University student,Sharp knife (Chhuri),4,Motorcycle (Pulsar/FZ),"Muggers armed with a sharp knife (chhuri) intercepted a university student near Mogbazar bus stop, fleeing with cash and bag.",ROAD,VERIFIED,0.95
DHK-2025-0001,2025-07-18,23:00,2025,7,Friday,23,Mugging,Badda - near the intersection approaching Rampura Bridge,ROAD_22,Pragiti Sarani (Badda Link to Rampura Bridge),Badda,Badda,23.763728,90.425497,DMP Monthly Blotter,https://dmp.gov.bd/crime-statistics/incident-2025-07-0001,police_report,Small shopkeeper,Firearm / Pistol,2,Motorcycle (Pulsar/FZ),A small shopkeeper had their smartphone snatched by 2 perpetrators on a motorcycle (pulsar/fz) near the intersection approaching Rampura Bridge around 23:00.,EXACT,VERIFIED,0.95
DHK-2025-1013,2025-07-19,00:02,2025,7,Saturday,0,Mugging,Mirpur - near Mirpur bus stop,ROAD_34,Mirpur-1 to Gabtoli Highway,Mirpur,Mirpur,23.789273,90.349972,Dhaka Tribune,https://www.dhakatribune.com/bangladesh/crime/incident-2025-07-1013,news,Female commuter,Paper cutter,3,Motorcycle (Pulsar/FZ),Police blotter recorded a swift snatching incident near Mirpur bus stop during Saturday night hours.,EXACT,VERIFIED,0.76
DHK-2025-0994,2025-07-19,16:35,2025,7,Saturday,16,Snatching,Mirpur - along the poorly lit section of Begum Rokeya Sarani (Kazipara to Mirpur-10),ROAD_29,Begum Rokeya Sarani (Kazipara to Mirpur-10),Mirpur,Kafrul,23.802815,90.369409,Prothom Alo,https://en.prothomalo.com/bangladesh/crime-and-law/incident-2025-07-0994,news,Office worker,Unarmed / Speed snatch,2,Motorcycle (Pulsar/FZ),"Muggers armed with a unarmed / speed snatch intercepted a office worker along the poorly lit section of Begum Rokeya Sarani (Kazipara to Mirpur-10), fleeing with cash and bag.",INTERSECTION,VERIFIED,0.81
DHK-2025-1006,2025-07-20,10:20,2025,7,Sunday,10,Snatching,Malibagh - near Malibagh bus stop,ROAD_48,Mouchak to Kakrail Road,Malibagh,Shahjahanpur,23.74552,90.410477,DMP Monthly Blotter,https://dmp.gov.bd/crime-statistics/incident-2025-07-1006,police_report,Female commuter,Firearm / Pistol,2,On foot (sprint),A female commuter had their smartphone snatched by 2 perpetrators on a on foot (sprint) near Malibagh bus stop around 10:20.,ROAD,VERIFIED,0.79
DHK-2025-0430,2025-07-20,18:56,2025,7,Sunday,18,Theft,Mirpur - close to the Mirpur market square,ROAD_34,Mirpur-1 to Gabtoli Highway,Mirpur,Mirpur,23.794778,90.353569,The Business Standard,https://tbsnews.net/bangladesh/crime/incident-2025-07-0430,news,Motorcyclist,Unarmed / Speed snatch,4,Motorcycle (Pulsar/FZ),Reported incident of theft involving a motorcyclist at close to the Mirpur market square. Suspects fled using a motorcycle (pulsar/fz).,ROAD,VERIFIED,0.88
DHK-2025-1071,2025-07-21,14:09,2025,7,Monday,14,Snatching,Farmgate - near Farmgate bus stop,ROAD_07,Kazi Nazrul Islam Ave (Farmgate to Karwan Bazar),Farmgate,Tejgaon,23.751904,90.393583,The Daily Star,https://www.thedailystar.net/crime/incident-2025-07-1071,news,Rickshaw passenger,Firearm / Pistol,2,CNG auto-rickshaw,"Muggers armed with a firearm / pistol intercepted a rickshaw passenger near Farmgate bus stop, fleeing with cash and bag.",EXACT,VERIFIED,0.91
DHK-2025-0648,2025-07-22,10:10,2025,7,Tuesday,10,Snatching,Dhanmondi - in front of the commercial complex at Dhanmondi,ROAD_10,Science Lab to Nilkhet / New Market,Dhanmondi,New Market,23.735275,90.383831,Dhaka Tribune,https://www.dhakatribune.com/bangladesh/crime/incident-2025-07-0648,news,Rickshaw passenger,Sharp knife (Chhuri),4,Motorcycle (Pulsar/FZ),"Muggers armed with a sharp knife (chhuri) intercepted a rickshaw passenger in front of the commercial complex at Dhanmondi, fleeing with cash and bag.",INTERSECTION,VERIFIED,0.79
DHK-2025-1275,2025-07-23,18:11,2025,7,Wednesday,18,Robbery,Tejgaon - in front of the commercial complex at Tejgaon,ROAD_26,Tejgaon Industrial to Farmgate Link,Tejgaon,Tejgaon Industrial,23.764264,90.401516,The Daily Star,https://www.thedailystar.net/crime/incident-2025-07-1275,news,Office worker,Sharp knife (Chhuri),2,On foot (sprint),A office worker had their smartphone snatched by 2 perpetrators on a on foot (sprint) in front of the commercial complex at Tejgaon around 18:11.,ROAD,VERIFIED,0.96
DHK-2025-1220,2025-07-23,18:37,2025,7,Wednesday,18,Snatching,Karwan Bazar - in front of the commercial complex at Karwan Bazar,ROAD_45,Mogbazar Flyover Road (Karwan Bazar to Mogbazar),Karwan Bazar,Tejgaon,23.750639,90.40019,Daily Sun,https://www.daily-sun.com/post/crime/incident-2025-07-1220,news,Rickshaw passenger,Sharp knife (Chhuri),2,CNG auto-rickshaw,Reported incident of snatching involving a rickshaw passenger at in front of the commercial complex at Karwan Bazar. Suspects fled using a cng auto-rickshaw.,INTERSECTION,PROBABLE,0.89
DHK-2025-1279,2025-07-23,23:00,2025,7,Wednesday,23,Snatching,Karwan Bazar - near the intersection approaching Mogbazar Wireless Mor,ROAD_45,Mogbazar Flyover Road (Karwan Bazar to Mogbazar),Karwan Bazar,Tejgaon,23.751142,90.396482,The Business Standard,https://tbsnews.net/bangladesh/crime/incident-2025-07-1279,news,Rickshaw passenger,Firearm / Pistol,2,Motorcycle (Pulsar/FZ),Police blotter recorded a swift snatching incident near the intersection approaching Mogbazar Wireless Mor during Wednesday night hours.,ROAD,VERIFIED,0.87
DHK-2025-1098,2025-07-25,23:07,2025,7,Friday,23,Robbery,Dhanmondi - near the intersection approaching Mohammadpur Town Hall,ROAD_05,Dhanmondi 27 Inner Connector,Dhanmondi,Dhanmondi,23.7569,90.365619,The Business Standard,https://tbsnews.net/bangladesh/crime/incident-2025-07-1098,news,Office worker,Paper cutter,4,Motorcycle (Pulsar/FZ),Police blotter recorded a swift snatching incident near the intersection approaching Mohammadpur Town Hall during Friday night hours.,EXACT,PROBABLE,0.76
DHK-2025-0643,2025-07-26,19:05,2025,7,Saturday,19,Robbery,Kuril - close to the Kuril market square,ROAD_39,Airport Road (Kuril Flyover to Airport),Kuril,Khilkhet,23.820884,90.417031,The Daily Star,https://www.thedailystar.net/crime/incident-2025-07-0643,news,Pedestrian,Sharp knife (Chhuri),2,Motorcycle (Pulsar/FZ),A pedestrian had their smartphone snatched by 2 perpetrators on a motorcycle (pulsar/fz) close to the Kuril market square around 19:05.,INTERSECTION,VERIFIED,0.91
DHK-2025-0651,2025-07-27,00:59,2025,7,Sunday,0,Snatching,Paltan - in front of the commercial complex at Paltan,ROAD_51,Paltan to Sadarghat (Old Dhaka Arterial),Paltan,Paltan,23.722998,90.410919,DMP Monthly Blotter,https://dmp.gov.bd/crime-statistics/incident-2025-07-0651,police_report,Female commuter,Unarmed / Speed snatch,4,Motorcycle (Pulsar/FZ),Reported incident of snatching involving a female commuter at in front of the commercial complex at Paltan. Suspects fled using a motorcycle (pulsar/fz).,INTERSECTION,VERIFIED,0.86
DHK-2025-1019,2025-07-28,10:59,2025,7,Monday,10,Snatching,Dhanmondi - near the intersection approaching Mohammadpur Town Hall,ROAD_05,Dhanmondi 27 Inner Connector,Dhanmondi,Dhanmondi,23.754536,90.368506,The Business Standard,https://tbsnews.net/bangladesh/crime/incident-2025-07-1019,news,University student,Unarmed / Speed snatch,2,Motorcycle (Pulsar/FZ),A university student had their smartphone snatched by 2 perpetrators on a motorcycle (pulsar/fz) near the intersection approaching Mohammadpur Town Hall around 10:59.,INTERSECTION,VERIFIED,0.98
DHK-2025-0852,2025-07-28,21:17,2025,7,Monday,21,Mugging,Badda - under the Badda footover bridge,ROAD_22,Pragiti Sarani (Badda Link to Rampura Bridge),Badda,Badda,23.775229,90.427862,Daily Sun,https://www.daily-sun.com/post/crime/incident-2025-07-0852,news,University student,Sharp knife (Chhuri),3,Leguna van,Reported incident of mugging involving a university student at under the Badda footover bridge. Suspects fled using a leguna van.,INTERSECTION,PROBABLE,0.96
DHK-2025-1272,2025-07-29,01:36,2025,7,Tuesday,1,Theft,Mirpur - under the Mirpur footover bridge,ROAD_32,Mirpur-10 to Mirpur-11 Strip,Mirpur,Mirpur,23.817284,90.366422,Daily Sun,https://www.daily-sun.com/post/crime/incident-2025-07-1272,news,Small shopkeeper,Sharp knife (Chhuri),3,Leguna van,"Muggers armed with a sharp knife (chhuri) intercepted a small shopkeeper under the Mirpur footover bridge, fleeing with cash and bag.",ROAD,PROBABLE,0.83
DHK-2025-0352,2025-07-29,17:16,2025,7,Tuesday,17,Snatching,Mirpur - near Mirpur bus stop,ROAD_34,Mirpur-1 to Gabtoli Highway,Mirpur,Mirpur,23.792481,90.352485,DMP Monthly Blotter,https://dmp.gov.bd/crime-statistics/incident-2025-07-0352,police_report,University student,Iron rod,3,CNG auto-rickshaw,A university student had their smartphone snatched by 3 perpetrators on a cng auto-rickshaw near Mirpur bus stop around 17:16.,INTERSECTION,VERIFIED,0.87
DHK-2025-0187,2025-07-30,18:58,2025,7,Wednesday,18,Mugging,Dhanmondi - in front of the commercial complex at Dhanmondi,ROAD_05,Dhanmondi 27 Inner Connector,Dhanmondi,Dhanmondi,23.757006,90.366067,Daily Sun,https://www.daily-sun.com/post/crime/incident-2025-07-0187,news,Office worker,Unarmed / Speed snatch,4,On foot (sprint),Reported incident of mugging involving a office worker at in front of the commercial complex at Dhanmondi. Suspects fled using a on foot (sprint).,ROAD,VERIFIED,0.89
DHK-2025-0510,2025-07-31,16:22,2025,7,Thursday,16,Mugging,Tejgaon - close to the Tejgaon market square,ROAD_25,Tejgaon-Gulshan Link Road,Tejgaon,Tejgaon Industrial,23.766591,90.404607,Dhaka Tribune,https://www.dhakatribune.com/bangladesh/crime/incident-2025-07-0510,news,Rickshaw passenger,Firearm / Pistol,2,On foot (sprint),A rickshaw passenger had their smartphone snatched by 2 perpetrators on a on foot (sprint) close to the Tejgaon market square around 16:22.,ROAD,PROBABLE,0.88
DHK-2025-0464,2025-07-31,18:20,2025,7,Thursday,18,Mugging,Tejgaon - close to the Tejgaon market square,ROAD_25,Tejgaon-Gulshan Link Road,Tejgaon,Tejgaon Industrial,23.774063,90.412302,DMP Monthly Blotter,https://dmp.gov.bd/crime-statistics/incident-2025-07-0464,police_report,Pedestrian,Pepper spray,2,Motorcycle (Pulsar/FZ),Reported incident of mugging involving a pedestrian at close to the Tejgaon market square. Suspects fled using a motorcycle (pulsar/fz).,INTERSECTION,VERIFIED,0.79
DHK-2025-1212,2025-07-31,19:05,2025,7,Thursday,19,Pickpocketing,Mirpur - in front of the commercial complex at Mirpur,ROAD_34,Mirpur-1 to Gabtoli Highway,Mirpur,Mirpur,23.785617,90.347744,The Business Standard,https://tbsnews.net/bangladesh/crime/incident-2025-07-1212,news,Office worker,Sharp knife (Chhuri),2,Motorcycle (Pulsar/FZ),"Muggers armed with a sharp knife (chhuri) intercepted a office worker in front of the commercial complex at Mirpur, fleeing with cash and bag.",AREA,PROBABLE,0.82
DHK-2025-1064,2025-08-01,02:11,2025,8,Friday,2,Robbery,Dhanmondi - near the intersection approaching Mohammadpur Town Hall,ROAD_05,Dhanmondi 27 Inner Connector,Dhanmondi,Dhanmondi,23.755126,90.367898,Prothom Alo,https://en.prothomalo.com/bangladesh/crime-and-law/incident-2025-08-1064,news,Female commuter,Sharp knife (Chhuri),1,On foot (sprint),A female commuter had their smartphone snatched by 1 perpetrators on a on foot (sprint) near the intersection approaching Mohammadpur Town Hall around 02:11.,INTERSECTION,VERIFIED,0.83
DHK-2025-1007,2025-08-01,03:16,2025,8,Friday,3,Theft,Mirpur - near Mirpur bus stop,ROAD_34,Mirpur-1 to Gabtoli Highway,Mirpur,Mirpur,23.78444,90.347255,bdnews24,https://bdnews24.com/bangladesh/incident-2025-08-1007,news,Office worker,Sharp knife (Chhuri),2,On foot (sprint),Police blotter recorded a swift snatching incident near Mirpur bus stop during Friday night hours.,EXACT,VERIFIED,0.76
DHK-2025-0558,2025-08-01,15:57,2025,8,Friday,15,Snatching,Motijheel - near Motijheel bus stop,ROAD_49,Motijheel to Sayedabad Bus Terminal,Motijheel,Motijheel,23.716922,90.428495,Daily Sun,https://www.daily-sun.com/post/crime/incident-2025-08-0558,news,University student,Unarmed / Speed snatch,4,Motorcycle (Pulsar/FZ),Reported incident of snatching involving a university student at near Motijheel bus stop. Suspects fled using a motorcycle (pulsar/fz).,ROAD,VERIFIED,0.88
DHK-2025-1224,2025-08-01,19:00,2025,8,Friday,19,Theft,Sayedabad - under the Sayedabad footover bridge,ROAD_50,Sayedabad to Jatrabari Flyover Entrance,Sayedabad,Jatrabari,23.712186,90.433096,Prothom Alo,https://en.prothomalo.com/bangladesh/crime-and-law/incident-2025-08-1224,news,Pedestrian,Firearm / Pistol,2,Motorcycle (Pulsar/FZ),"Muggers armed with a firearm / pistol intercepted a pedestrian under the Sayedabad footover bridge, fleeing with cash and bag.",AREA,PROBABLE,0.85
DHK-2025-0665,2025-08-02,05:56,2025,8,Saturday,5,Snatching,Motijheel - close to the Motijheel market square,ROAD_49,Motijheel to Sayedabad Bus Terminal,Motijheel,Motijheel,23.718748,90.426358,Prothom Alo,https://en.prothomalo.com/bangladesh/crime-and-law/incident-2025-08-0665,news,University student,Pepper spray,4,Motorcycle (Pulsar/FZ),A university student had their smartphone snatched by 4 perpetrators on a motorcycle (pulsar/fz) close to the Motijheel market square around 05:56.,ROAD,VERIFIED,0.82
DHK-2025-1088,2025-08-02,11:01,2025,8,Saturday,11,Snatching,Dhanmondi - near the intersection approaching New Market Nilkhet,ROAD_10,Science Lab to Nilkhet / New Market,Dhanmondi,New Market,23.733284,90.384116,The Daily Star,https://www.thedailystar.net/crime/incident-2025-08-1088,news,Small shopkeeper,Unarmed / Speed snatch,2,Motorcycle (Pulsar/FZ),Reported incident of snatching involving a small shopkeeper at near the intersection approaching New Market Nilkhet. Suspects fled using a motorcycle (pulsar/fz).,EXACT,VERIFIED,0.93
DHK-2025-1259,2025-08-02,21:32,2025,8,Saturday,21,Snatching,Tejgaon - along the poorly lit section of Tejgaon-Gulshan Link Road,ROAD_25,Tejgaon-Gulshan Link Road,Tejgaon,Tejgaon Industrial,23.773854,90.411952,Daily Sun,https://www.daily-sun.com/post/crime/incident-2025-08-1259,news,Rickshaw passenger,Sharp knife (Chhuri),2,Motorcycle (Pulsar/FZ),A rickshaw passenger had their smartphone snatched by 2 perpetrators on a motorcycle (pulsar/fz) along the poorly lit section of Tejgaon-Gulshan Link Road around 21:32.,INTERSECTION,PROBABLE,0.75
DHK-2025-0256,2025-08-04,19:14,2025,8,Monday,19,Robbery,Sayedabad - near Sayedabad bus stop,ROAD_50,Sayedabad to Jatrabari Flyover Entrance,Sayedabad,Jatrabari,23.711887,90.433801,The Business Standard,https://tbsnews.net/bangladesh/crime/incident-2025-08-0256,news,University student,Sharp knife (Chhuri),2,Motorcycle (Pulsar/FZ),"Muggers armed with a sharp knife (chhuri) intercepted a university student near Sayedabad bus stop, fleeing with cash and bag.",EXACT,VERIFIED,0.85
DHK-2025-1090,2025-08-05,17:51,2025,8,Tuesday,17,Mugging,Mohammadpur - in front of the commercial complex at Mohammadpur,ROAD_35,Mohammadpur Beribadh Outer Road,Mohammadpur,Mohammadpur,23.777138,90.347441,The Daily Star,https://www.thedailystar.net/crime/incident-2025-08-1090,news,Pedestrian,Unarmed / Speed snatch,2,Motorcycle (Pulsar/FZ),A pedestrian had their smartphone snatched by 2 perpetrators on a motorcycle (pulsar/fz) in front of the commercial complex at Mohammadpur around 17:51.,AREA,PROBABLE,0.83
DHK-2025-0578,2025-08-06,22:20,2025,8,Wednesday,22,Snatching,Mirpur - near Mirpur bus stop,ROAD_32,Mirpur-10 to Mirpur-11 Strip,Mirpur,Mirpur,23.813299,90.366918,bdnews24,https://bdnews24.com/bangladesh/incident-2025-08-0578,news,Pedestrian,Firearm / Pistol,3,On foot (sprint),Police blotter recorded a swift snatching incident near Mirpur bus stop during Wednesday night hours.,INTERSECTION,VERIFIED,0.83
DHK-2025-0636,2025-08-07,06:49,2025,8,Thursday,6,Mugging,Nilkhet - along the poorly lit section of New Market to Sadarghat Riverfront Connector,ROAD_52,New Market to Sadarghat Riverfront Connector,Nilkhet,New Market,23.729656,90.387692,Daily Sun,https://www.daily-sun.com/post/crime/incident-2025-08-0636,news,Female commuter,Sharp knife (Chhuri),4,On foot (sprint),A female commuter had their smartphone snatched by 4 perpetrators on a on foot (sprint) along the poorly lit section of New Market to Sadarghat Riverfront Connector around 06:49.,INTERSECTION,VERIFIED,0.95
DHK-2025-0834,2025-08-08,21:11,2025,8,Friday,21,Snatching,Mirpur - close to the Mirpur market square,ROAD_29,Begum Rokeya Sarani (Kazipara to Mirpur-10),Mirpur,Kafrul,23.79743,90.370651,The Business Standard,https://tbsnews.net/bangladesh/crime/incident-2025-08-0834,news,University student,Unarmed / Speed snatch,2,On foot (sprint),Police blotter recorded a swift snatching incident close to the Mirpur market square during Friday night hours.,ROAD,VERIFIED,0.9
DHK-2025-0098,2025-08-08,21:58,2025,8,Friday,21,Snatching,Motijheel - along the poorly lit section of Motijheel to Sayedabad Bus Terminal,ROAD_49,Motijheel to Sayedabad Bus Terminal,Motijheel,Motijheel,23.718826,90.426482,The Daily Star,https://www.thedailystar.net/crime/incident-2025-08-0098,news,Pedestrian,Sharp knife (Chhuri),2,On foot (sprint),A pedestrian had their smartphone snatched by 2 perpetrators on a on foot (sprint) along the poorly lit section of Motijheel to Sayedabad Bus Terminal around 21:58.,AREA,VERIFIED,0.77
DHK-2025-0297,2025-08-10,22:55,2025,8,Sunday,22,Theft,Dhanmondi - close to the Dhanmondi market square,ROAD_10,Science Lab to Nilkhet / New Market,Dhanmondi,New Market,23.737872,90.383538,DMP Monthly Blotter,https://dmp.gov.bd/crime-statistics/incident-2025-08-0297,police_report,University student,Unarmed / Speed snatch,1,Motorcycle (Pulsar/FZ),"Muggers armed with a unarmed / speed snatch intercepted a university student close to the Dhanmondi market square, fleeing with cash and bag.",INTERSECTION,UNCONFIRMED,0.56
DHK-2025-0630,2025-08-11,23:29,2025,8,Monday,23,Mugging,Badda - in front of the commercial complex at Badda,ROAD_22,Pragiti Sarani (Badda Link to Rampura Bridge),Badda,Badda,23.771799,90.427077,Prothom Alo,https://en.prothomalo.com/bangladesh/crime-and-law/incident-2025-08-0630,news,Motorcyclist,Unarmed / Speed snatch,2,Motorcycle (Pulsar/FZ),"Muggers armed with a unarmed / speed snatch intercepted a motorcyclist in front of the commercial complex at Badda, fleeing with cash and bag.",INTERSECTION,VERIFIED,0.88
DHK-2025-0174,2025-08-13,04:07,2025,8,Wednesday,4,Mugging,Tejgaon - along the poorly lit section of Tejgaon Industrial to Farmgate Link,ROAD_26,Tejgaon Industrial to Farmgate Link,Tejgaon,Tejgaon Industrial,23.762343,90.398334,Prothom Alo,https://en.prothomalo.com/bangladesh/crime-and-law/incident-2025-08-0174,news,University student,Paper cutter,3,Motorcycle (Pulsar/FZ),"Muggers armed with a paper cutter intercepted a university student along the poorly lit section of Tejgaon Industrial to Farmgate Link, fleeing with cash and bag.",EXACT,VERIFIED,0.97
DHK-2025-0404,2025-08-13,19:45,2025,8,Wednesday,19,Snatching,Tejgaon - near the intersection approaching Jahangir Gate,ROAD_12,Jahangir Gate VIP Link,Tejgaon,Tejgaon,23.77088,90.392913,DMP Monthly Blotter,https://dmp.gov.bd/crime-statistics/incident-2025-08-0404,police_report,Pedestrian,Sharp knife (Chhuri),4,CNG auto-rickshaw,Reported incident of snatching involving a pedestrian at near the intersection approaching Jahangir Gate. Suspects fled using a cng auto-rickshaw.,ROAD,VERIFIED,0.86
DHK-2025-0876,2025-08-14,17:19,2025,8,Thursday,17,Snatching,Karwan Bazar - close to the Karwan Bazar market square,ROAD_45,Mogbazar Flyover Road (Karwan Bazar to Mogbazar),Karwan Bazar,Tejgaon,23.751156,90.395593,DMP Monthly Blotter,https://dmp.gov.bd/crime-statistics/incident-2025-08-0876,police_report,Rickshaw passenger,Sharp knife (Chhuri),2,Motorcycle (Pulsar/FZ),Police blotter recorded a swift snatching incident close to the Karwan Bazar market square during Thursday night hours.,INTERSECTION,PROBABLE,0.97
DHK-2025-1131,2025-08-15,15:47,2025,8,Friday,15,Robbery,Motijheel - close to the Motijheel market square,ROAD_49,Motijheel to Sayedabad Bus Terminal,Motijheel,Motijheel,23.714935,90.430163,Prothom Alo,https://en.prothomalo.com/bangladesh/crime-and-law/incident-2025-08-1131,news,Small shopkeeper,Sharp knife (Chhuri),4,Motorcycle (Pulsar/FZ),A small shopkeeper had their smartphone snatched by 4 perpetrators on a motorcycle (pulsar/fz) close to the Motijheel market square around 15:47.,EXACT,VERIFIED,0.98
DHK-2025-1217,2025-08-15,20:16,2025,8,Friday,20,Snatching,Mohakhali - along the poorly lit section of Dhaka-Mymensingh Hwy (Mohakhali to Banani),ROAD_37,Dhaka-Mymensingh Hwy (Mohakhali to Banani),Mohakhali,Banani,23.777875,90.400711,Dhaka Tribune,https://www.dhakatribune.com/bangladesh/crime/incident-2025-08-1217,news,University student,Sharp knife (Chhuri),2,Private car,Reported incident of snatching involving a university student at along the poorly lit section of Dhaka-Mymensingh Hwy (Mohakhali to Banani). Suspects fled using a private car.,AREA,VERIFIED,0.84
DHK-2025-0759,2025-08-17,14:08,2025,8,Sunday,14,Theft,Mirpur - in front of the commercial complex at Mirpur,ROAD_29,Begum Rokeya Sarani (Kazipara to Mirpur-10),Mirpur,Kafrul,23.805498,90.368785,bdnews24,https://bdnews24.com/bangladesh/incident-2025-08-0759,news,Small shopkeeper,Unarmed / Speed snatch,4,Motorcycle (Pulsar/FZ),Reported incident of theft involving a small shopkeeper at in front of the commercial complex at Mirpur. Suspects fled using a motorcycle (pulsar/fz).,INTERSECTION,PROBABLE,0.93
DHK-2025-0572,2025-08-17,18:06,2025,8,Sunday,18,Snatching,Rampura - under the Rampura footover bridge,ROAD_23,Hatirjheel Bypass (Rampura to Karwan Bazar),Rampura,Rampura,23.757808,90.411184,bdnews24,https://bdnews24.com/bangladesh/incident-2025-08-0572,news,University student,Firearm / Pistol,2,CNG auto-rickshaw,"Muggers armed with a firearm / pistol intercepted a university student under the Rampura footover bridge, fleeing with cash and bag.",ROAD,VERIFIED,0.95
DHK-2025-0140,2025-08-18,00:57,2025,8,Monday,0,Snatching,Farmgate - along the poorly lit section of Airport Road (Farmgate to Bijoy Sarani),ROAD_11,Airport Road (Farmgate to Bijoy Sarani),Farmgate,Tejgaon,23.764437,90.388049,bdnews24,https://bdnews24.com/bangladesh/incident-2025-08-0140,news,University student,Firearm / Pistol,2,Motorcycle (Pulsar/FZ),Police blotter recorded a swift snatching incident along the poorly lit section of Airport Road (Farmgate to Bijoy Sarani) during Monday night hours.,INTERSECTION,VERIFIED,0.97
DHK-2025-0726,2025-08-18,19:08,2025,8,Monday,19,Snatching,Mirpur - in front of the commercial complex at Mirpur,ROAD_31,Mirpur-1 to Mirpur-10 Connector,Mirpur,Mirpur,23.805742,90.366574,Dhaka Tribune,https://www.dhakatribune.com/bangladesh/crime/incident-2025-08-0726,news,Office worker,Firearm / Pistol,2,Motorcycle (Pulsar/FZ),Police blotter recorded a swift snatching incident in front of the commercial complex at Mirpur during Monday night hours.,EXACT,VERIFIED,0.92
DHK-2025-1027,2025-08-19,21:07,2025,8,Tuesday,21,Snatching,Karwan Bazar - in front of the commercial complex at Karwan Bazar,ROAD_45,Mogbazar Flyover Road (Karwan Bazar to Mogbazar),Karwan Bazar,Tejgaon,23.751215,90.397705,Daily Sun,https://www.daily-sun.com/post/crime/incident-2025-08-1027,news,Office worker,Unarmed / Speed snatch,4,On foot (sprint),Police blotter recorded a swift snatching incident in front of the commercial complex at Karwan Bazar during Tuesday night hours.,INTERSECTION,VERIFIED,0.75
DHK-2025-0733,2025-08-21,19:16,2025,8,Thursday,19,Robbery,Sayedabad - close to the Sayedabad market square,ROAD_50,Sayedabad to Jatrabari Flyover Entrance,Sayedabad,Jatrabari,23.714326,90.430587,bdnews24,https://bdnews24.com/bangladesh/incident-2025-08-0733,news,Pedestrian,Sharp knife (Chhuri),2,Motorcycle (Pulsar/FZ),Police blotter recorded a swift snatching incident close to the Sayedabad market square during Thursday night hours.,ROAD,VERIFIED,0.86
DHK-2025-0027,2025-08-21,22:14,2025,8,Thursday,22,Snatching,Sayedabad - under the Sayedabad footover bridge,ROAD_50,Sayedabad to Jatrabari Flyover Entrance,Sayedabad,Jatrabari,23.714453,90.430908,Daily Sun,https://www.daily-sun.com/post/crime/incident-2025-08-0027,news,Small shopkeeper,Paper cutter,2,CNG auto-rickshaw,A small shopkeeper had their smartphone snatched by 2 perpetrators on a cng auto-rickshaw under the Sayedabad footover bridge around 22:14.,INTERSECTION,VERIFIED,0.9
DHK-2025-0521,2025-08-22,22:01,2025,8,Friday,22,Robbery,Tejgaon - near the intersection approaching Mohakhali Flyover Chottor,ROAD_13,Airport Road (Jahangir Gate to Mohakhali),Tejgaon,Cantonment,23.773668,90.395316,DMP Monthly Blotter,https://dmp.gov.bd/crime-statistics/incident-2025-08-0521,police_report,Motorcyclist,Firearm / Pistol,2,CNG auto-rickshaw,Police blotter recorded a swift snatching incident near the intersection approaching Mohakhali Flyover Chottor during Friday night hours.,EXACT,VERIFIED,0.89
DHK-2025-0957,2025-08-24,21:17,2025,8,Sunday,21,Robbery,Mohammadpur - close to the Mohammadpur market square,ROAD_35,Mohammadpur Beribadh Outer Road,Mohammadpur,Mohammadpur,23.781106,90.346902,bdnews24,https://bdnews24.com/bangladesh/incident-2025-08-0957,news,Female commuter,Pepper spray,2,On foot (sprint),A female commuter had their smartphone snatched by 2 perpetrators on a on foot (sprint) close to the Mohammadpur market square around 21:17.,INTERSECTION,PROBABLE,0.77
DHK-2025-0145,2025-08-25,17:44,2025,8,Monday,17,Snatching,Tejgaon - near Tejgaon bus stop,ROAD_14,Bijoy Sarani to Agargaon Connector,Tejgaon,Tejgaon,23.775962,90.377508,DMP Monthly Blotter,https://dmp.gov.bd/crime-statistics/incident-2025-08-0145,police_report,Pedestrian,Iron rod,1,Leguna van,Reported incident of snatching involving a pedestrian at near Tejgaon bus stop. Suspects fled using a leguna van.,EXACT,VERIFIED,0.8
DHK-2025-0662,2025-08-25,19:07,2025,8,Monday,19,Robbery,Shyamoli - under the Shyamoli footover bridge,ROAD_30,Mirpur Road (Shyamoli to Mirpur-1),Shyamoli,Adabor,23.786996,90.357066,bdnews24,https://bdnews24.com/bangladesh/incident-2025-08-0662,news,Office worker,Sharp knife (Chhuri),4,Motorcycle (Pulsar/FZ),A office worker had their smartphone snatched by 4 perpetrators on a motorcycle (pulsar/fz) under the Shyamoli footover bridge around 19:07.,ROAD,PROBABLE,0.78
DHK-2025-1243,2025-08-26,19:13,2025,8,Tuesday,19,Pickpocketing,Mirpur - near the intersection approaching Mirpur 10 Roundabout,ROAD_31,Mirpur-1 to Mirpur-10 Connector,Mirpur,Mirpur,23.804091,90.365179,Daily Sun,https://www.daily-sun.com/post/crime/incident-2025-08-1243,news,Rickshaw passenger,Firearm / Pistol,2,Motorcycle (Pulsar/FZ),A rickshaw passenger had their smartphone snatched by 2 perpetrators on a motorcycle (pulsar/fz) near the intersection approaching Mirpur 10 Roundabout around 19:13.,INTERSECTION,PROBABLE,0.89
DHK-2025-0388,2025-08-26,21:45,2025,8,Tuesday,21,Robbery,Banani - near Banani bus stop,ROAD_19,Banani 11 to Gulshan-2 Bridge Link,Banani,Banani,23.792801,90.41358,Daily Sun,https://www.daily-sun.com/post/crime/incident-2025-08-0388,news,Office worker,Sharp knife (Chhuri),2,Motorcycle (Pulsar/FZ),Reported incident of robbery involving a office worker at near Banani bus stop. Suspects fled using a motorcycle (pulsar/fz).,EXACT,VERIFIED,0.83
DHK-2025-0332,2025-08-27,15:54,2025,8,Wednesday,15,Snatching,Rampura - in front of the commercial complex at Rampura,ROAD_23,Hatirjheel Bypass (Rampura to Karwan Bazar),Rampura,Rampura,23.761677,90.421821,The Business Standard,https://tbsnews.net/bangladesh/crime/incident-2025-08-0332,news,Female commuter,Unarmed / Speed snatch,1,On foot (sprint),Police blotter recorded a swift snatching incident in front of the commercial complex at Rampura during Wednesday night hours.,INTERSECTION,VERIFIED,0.79
DHK-2025-1196,2025-08-27,16:13,2025,8,Wednesday,16,Mugging,Kakrail - under the Kakrail footover bridge,ROAD_43,Kakrail to Paltan Intersection,Kakrail,Ramna,23.737741,90.407831,The Daily Star,https://www.thedailystar.net/crime/incident-2025-08-1196,news,Small shopkeeper,Paper cutter,3,Motorcycle (Pulsar/FZ),"Muggers armed with a paper cutter intercepted a small shopkeeper under the Kakrail footover bridge, fleeing with cash and bag.",EXACT,VERIFIED,0.79
DHK-2025-0476,2025-08-27,21:35,2025,8,Wednesday,21,Robbery,Uttara - near the intersection approaching Uttara House Building,ROAD_41,Dhaka-Mymensingh Hwy (Jasimuddin to House Building),Uttara,Uttara East,23.863701,90.40038,The Daily Star,https://www.thedailystar.net/crime/incident-2025-08-0476,news,Pedestrian,Sharp knife (Chhuri),2,On foot (sprint),"Muggers armed with a sharp knife (chhuri) intercepted a pedestrian near the intersection approaching Uttara House Building, fleeing with cash and bag.",INTERSECTION,VERIFIED,0.77
DHK-2025-0912,2025-08-27,23:22,2025,8,Wednesday,23,Theft,Malibagh - under the Malibagh footover bridge,ROAD_47,Mouchak to Khilgaon Flyover,Malibagh,Shahjahanpur,23.750723,90.42023,Prothom Alo,https://en.prothomalo.com/bangladesh/crime-and-law/incident-2025-08-0912,news,Female commuter,Paper cutter,4,Motorcycle (Pulsar/FZ),Police blotter recorded a swift snatching incident under the Malibagh footover bridge during Wednesday night hours.,EXACT,VERIFIED,0.77
DHK-2025-0916,2025-08-28,12:11,2025,8,Thursday,12,Snatching,Sayedabad - under the Sayedabad footover bridge,ROAD_50,Sayedabad to Jatrabari Flyover Entrance,Sayedabad,Jatrabari,23.71099,90.434735,Prothom Alo,https://en.prothomalo.com/bangladesh/crime-and-law/incident-2025-08-0916,news,Motorcyclist,Firearm / Pistol,2,Leguna van,Police blotter recorded a swift snatching incident under the Sayedabad footover bridge during Thursday night hours.,EXACT,VERIFIED,0.81
DHK-2025-1191,2025-08-28,19:00,2025,8,Thursday,19,Mugging,Airport - under the Airport footover bridge,ROAD_40,Dhaka-Mymensingh Hwy (Airport to Jasimuddin),Airport,Airport,23.85462,90.405258,The Daily Star,https://www.thedailystar.net/crime/incident-2025-08-1191,news,Female commuter,Sharp knife (Chhuri),4,CNG auto-rickshaw,"Muggers armed with a sharp knife (chhuri) intercepted a female commuter under the Airport footover bridge, fleeing with cash and bag.",INTERSECTION,PROBABLE,0.91
DHK-2025-0348,2025-08-29,19:37,2025,8,Friday,19,Mugging,Sayedabad - near Sayedabad bus stop,ROAD_50,Sayedabad to Jatrabari Flyover Entrance,Sayedabad,Jatrabari,23.712701,90.432959,Prothom Alo,https://en.prothomalo.com/bangladesh/crime-and-law/incident-2025-08-0348,news,Office worker,Iron rod,4,Motorcycle (Pulsar/FZ),Reported incident of mugging involving a office worker at near Sayedabad bus stop. Suspects fled using a motorcycle (pulsar/fz).,AREA,VERIFIED,0.76
DHK-2025-0584,2025-08-30,19:08,2025,8,Saturday,19,Mugging,Tejgaon - close to the Tejgaon market square,ROAD_13,Airport Road (Jahangir Gate to Mohakhali),Tejgaon,Cantonment,23.772579,90.394666,Daily Sun,https://www.daily-sun.com/post/crime/incident-2025-08-0584,news,University student,Sharp knife (Chhuri),2,Motorcycle (Pulsar/FZ),"Muggers armed with a sharp knife (chhuri) intercepted a university student close to the Tejgaon market square, fleeing with cash and bag.",EXACT,VERIFIED,0.78
DHK-2025-0036,2025-08-31,15:39,2025,8,Sunday,15,Pickpocketing,Sayedabad - in front of the commercial complex at Sayedabad,ROAD_50,Sayedabad to Jatrabari Flyover Entrance,Sayedabad,Jatrabari,23.711345,90.434197,The Business Standard,https://tbsnews.net/bangladesh/crime/incident-2025-08-0036,news,Motorcyclist,Iron rod,2,CNG auto-rickshaw,Police blotter recorded a swift snatching incident in front of the commercial complex at Sayedabad during Sunday night hours.,INTERSECTION,VERIFIED,0.86
DHK-2025-0574,2025-08-31,20:07,2025,8,Sunday,20,Snatching,Badda - near the intersection approaching Rampura Bridge,ROAD_22,Pragiti Sarani (Badda Link to Rampura Bridge),Badda,Badda,23.772635,90.427248,Daily Sun,https://www.daily-sun.com/post/crime/incident-2025-08-0574,news,Female commuter,Paper cutter,3,Motorcycle (Pulsar/FZ),"Muggers armed with a paper cutter intercepted a female commuter near the intersection approaching Rampura Bridge, fleeing with cash and bag.",ROAD,PROBABLE,0.87
DHK-2025-0233,2025-08-31,20:17,2025,8,Sunday,20,Snatching,Dhanmondi - near Dhanmondi bus stop,ROAD_10,Science Lab to Nilkhet / New Market,Dhanmondi,New Market,23.738942,90.383779,DMP Monthly Blotter,https://dmp.gov.bd/crime-statistics/incident-2025-08-0233,police_report,Motorcyclist,Firearm / Pistol,4,Motorcycle (Pulsar/FZ),"Muggers armed with a firearm / pistol intercepted a motorcyclist near Dhanmondi bus stop, fleeing with cash and bag.",INTERSECTION,PROBABLE,0.96
DHK-2025-0621,2025-09-01,00:44,2025,9,Monday,0,Mugging,Tejgaon - under the Tejgaon footover bridge,ROAD_26,Tejgaon Industrial to Farmgate Link,Tejgaon,Tejgaon Industrial,23.763334,90.400238,bdnews24,https://bdnews24.com/bangladesh/incident-2025-09-0621,news,University student,Unarmed / Speed snatch,2,On foot (sprint),A university student had their smartphone snatched by 2 perpetrators on a on foot (sprint) under the Tejgaon footover bridge around 00:44.,INTERSECTION,PROBABLE,0.89
DHK-2025-0664,2025-09-01,22:44,2025,9,Monday,22,Snatching,Baridhara - under the Baridhara footover bridge,ROAD_21,Pragiti Sarani (Notun Bazar to Badda Link),Baridhara,Bhatara,23.781649,90.427967,The Daily Star,https://www.thedailystar.net/crime/incident-2025-09-0664,news,Small shopkeeper,Pepper spray,2,On foot (sprint),A small shopkeeper had their smartphone snatched by 2 perpetrators on a on foot (sprint) under the Baridhara footover bridge around 22:44.,ROAD,VERIFIED,0.78
DHK-2025-0597,2025-09-02,18:19,2025,9,Tuesday,18,Theft,Tejgaon - in front of the commercial complex at Tejgaon,ROAD_26,Tejgaon Industrial to Farmgate Link,Tejgaon,Tejgaon Industrial,23.761197,90.396157,Dhaka Tribune,https://www.dhakatribune.com/bangladesh/crime/incident-2025-09-0597,news,University student,Iron rod,4,On foot (sprint),Police blotter recorded a swift snatching incident in front of the commercial complex at Tejgaon during Tuesday night hours.,ROAD,VERIFIED,0.86
DHK-2025-1070,2025-09-03,14:47,2025,9,Wednesday,14,Mugging,Shyamoli - under the Shyamoli footover bridge,ROAD_30,Mirpur Road (Shyamoli to Mirpur-1),Shyamoli,Adabor,23.778711,90.360095,Prothom Alo,https://en.prothomalo.com/bangladesh/crime-and-law/incident-2025-09-1070,news,Office worker,Sharp knife (Chhuri),1,Private car,"Muggers armed with a sharp knife (chhuri) intercepted a office worker under the Shyamoli footover bridge, fleeing with cash and bag.",INTERSECTION,PROBABLE,0.83
DHK-2025-1152,2025-09-04,16:44,2025,9,Thursday,16,Robbery,Tejgaon - under the Tejgaon footover bridge,ROAD_13,Airport Road (Jahangir Gate to Mohakhali),Tejgaon,Cantonment,23.772131,90.394169,Daily Sun,https://www.daily-sun.com/post/crime/incident-2025-09-1152,news,Motorcyclist,Paper cutter,1,Motorcycle (Pulsar/FZ),A motorcyclist had their smartphone snatched by 1 perpetrators on a motorcycle (pulsar/fz) under the Tejgaon footover bridge around 16:44.,AREA,VERIFIED,0.89
DHK-2025-1116,2025-09-07,20:08,2025,9,Sunday,20,Theft,Farmgate - close to the Farmgate market square,ROAD_07,Kazi Nazrul Islam Ave (Farmgate to Karwan Bazar),Farmgate,Tejgaon,23.755264,90.390166,DMP Monthly Blotter,https://dmp.gov.bd/crime-statistics/incident-2025-09-1116,police_report,Rickshaw passenger,Sharp knife (Chhuri),4,Motorcycle (Pulsar/FZ),Police blotter recorded a swift snatching incident close to the Farmgate market square during Sunday night hours.,EXACT,VERIFIED,0.86
DHK-2025-0249,2025-09-08,07:37,2025,9,Monday,7,Snatching,Tejgaon - near Tejgaon bus stop,ROAD_26,Tejgaon Industrial to Farmgate Link,Tejgaon,Tejgaon Industrial,23.761498,90.397122,The Business Standard,https://tbsnews.net/bangladesh/crime/incident-2025-09-0249,news,University student,Sharp knife (Chhuri),3,CNG auto-rickshaw,Reported incident of snatching involving a university student at near Tejgaon bus stop. Suspects fled using a cng auto-rickshaw.,ROAD,PROBABLE,0.91
DHK-2025-0919,2025-09-09,21:17,2025,9,Tuesday,21,Snatching,Paltan - in front of the commercial complex at Paltan,ROAD_51,Paltan to Sadarghat (Old Dhaka Arterial),Paltan,Paltan,23.714648,90.411504,bdnews24,https://bdnews24.com/bangladesh/incident-2025-09-0919,news,University student,Firearm / Pistol,4,On foot (sprint),Police blotter recorded a swift snatching incident in front of the commercial complex at Paltan during Tuesday night hours.,AREA,PROBABLE,0.82
DHK-2025-0880,2025-09-11,06:04,2025,9,Thursday,6,Snatching,Dhanmondi - near the intersection approaching Mohammadpur Town Hall,ROAD_05,Dhanmondi 27 Inner Connector,Dhanmondi,Dhanmondi,23.755728,90.367218,Dhaka Tribune,https://www.dhakatribune.com/bangladesh/crime/incident-2025-09-0880,news,Pedestrian,Pepper spray,1,On foot (sprint),Reported incident of snatching involving a pedestrian at near the intersection approaching Mohammadpur Town Hall. Suspects fled using a on foot (sprint).,EXACT,PROBABLE,0.86
DHK-2025-0820,2025-09-12,20:46,2025,9,Friday,20,Mugging,Mirpur - close to the Mirpur market square,ROAD_31,Mirpur-1 to Mirpur-10 Connector,Mirpur,Mirpur,23.802262,90.362785,The Daily Star,https://www.thedailystar.net/crime/incident-2025-09-0820,news,Pedestrian,Paper cutter,2,Motorcycle (Pulsar/FZ),Police blotter recorded a swift snatching incident close to the Mirpur market square during Friday night hours.,EXACT,VERIFIED,0.87
DHK-2025-0480,2025-09-13,06:34,2025,9,Saturday,6,Snatching,Shyamoli - close to the Shyamoli market square,ROAD_30,Mirpur Road (Shyamoli to Mirpur-1),Shyamoli,Adabor,23.776359,90.360841,bdnews24,https://bdnews24.com/bangladesh/incident-2025-09-0480,news,Female commuter,Paper cutter,2,Motorcycle (Pulsar/FZ),A female commuter had their smartphone snatched by 2 perpetrators on a motorcycle (pulsar/fz) close to the Shyamoli market square around 06:34.,ROAD,VERIFIED,0.75
DHK-2025-0799,2025-09-14,16:17,2025,9,Sunday,16,Theft,Tejgaon - under the Tejgaon footover bridge,ROAD_25,Tejgaon-Gulshan Link Road,Tejgaon,Tejgaon Industrial,23.773253,90.411016,Prothom Alo,https://en.prothomalo.com/bangladesh/crime-and-law/incident-2025-09-0799,news,Small shopkeeper,Paper cutter,4,Motorcycle (Pulsar/FZ),Reported incident of theft involving a small shopkeeper at under the Tejgaon footover bridge. Suspects fled using a motorcycle (pulsar/fz).,INTERSECTION,VERIFIED,0.76
DHK-2025-0563,2025-09-15,18:57,2025,9,Monday,18,Snatching,Baridhara - close to the Baridhara market square,ROAD_21,Pragiti Sarani (Notun Bazar to Badda Link),Baridhara,Bhatara,23.788063,90.426904,The Business Standard,https://tbsnews.net/bangladesh/crime/incident-2025-09-0563,news,Small shopkeeper,Sharp knife (Chhuri),3,Motorcycle (Pulsar/FZ),Reported incident of snatching involving a small shopkeeper at close to the Baridhara market square. Suspects fled using a motorcycle (pulsar/fz).,INTERSECTION,PROBABLE,0.78
DHK-2025-1221,2025-09-15,20:43,2025,9,Monday,20,Mugging,Mirpur - near Mirpur bus stop,ROAD_32,Mirpur-10 to Mirpur-11 Strip,Mirpur,Mirpur,23.811137,90.367755,Dhaka Tribune,https://www.dhakatribune.com/bangladesh/crime/incident-2025-09-1221,news,Small shopkeeper,Paper cutter,3,Motorcycle (Pulsar/FZ),Police blotter recorded a swift snatching incident near Mirpur bus stop during Monday night hours.,INTERSECTION,PROBABLE,0.85
DHK-2025-1186,2025-09-16,19:32,2025,9,Tuesday,19,Robbery,Motijheel - near Motijheel bus stop,ROAD_49,Motijheel to Sayedabad Bus Terminal,Motijheel,Motijheel,23.720709,90.425243,The Daily Star,https://www.thedailystar.net/crime/incident-2025-09-1186,news,University student,Sharp knife (Chhuri),4,CNG auto-rickshaw,Police blotter recorded a swift snatching incident near Motijheel bus stop during Tuesday night hours.,ROAD,VERIFIED,0.78
DHK-2025-1169,2025-09-17,20:53,2025,9,Wednesday,20,Snatching,Tejgaon - close to the Tejgaon market square,ROAD_13,Airport Road (Jahangir Gate to Mohakhali),Tejgaon,Cantonment,23.776402,90.398983,Dhaka Tribune,https://www.dhakatribune.com/bangladesh/crime/incident-2025-09-1169,news,Pedestrian,Sharp knife (Chhuri),2,Motorcycle (Pulsar/FZ),"Muggers armed with a sharp knife (chhuri) intercepted a pedestrian close to the Tejgaon market square, fleeing with cash and bag.",EXACT,VERIFIED,0.95
DHK-2025-1075,2025-09-18,01:07,2025,9,Thursday,1,Snatching,Karwan Bazar - in front of the commercial complex at Karwan Bazar,ROAD_45,Mogbazar Flyover Road (Karwan Bazar to Mogbazar),Karwan Bazar,Tejgaon,23.75118,90.396907,Dhaka Tribune,https://www.dhakatribune.com/bangladesh/crime/incident-2025-09-1075,news,University student,Firearm / Pistol,2,On foot (sprint),"Muggers armed with a firearm / pistol intercepted a university student in front of the commercial complex at Karwan Bazar, fleeing with cash and bag.",ROAD,VERIFIED,0.83
DHK-2025-1039,2025-09-18,14:39,2025,9,Thursday,14,Robbery,Dhanmondi - near the intersection approaching New Market Nilkhet,ROAD_10,Science Lab to Nilkhet / New Market,Dhanmondi,New Market,23.735303,90.383813,Prothom Alo,https://en.prothomalo.com/bangladesh/crime-and-law/incident-2025-09-1039,news,Pedestrian,Sharp knife (Chhuri),2,Motorcycle (Pulsar/FZ),A pedestrian had their smartphone snatched by 2 perpetrators on a motorcycle (pulsar/fz) near the intersection approaching New Market Nilkhet around 14:39.,AREA,VERIFIED,0.87
DHK-2025-0673,2025-09-18,15:48,2025,9,Thursday,15,Mugging,Tejgaon - near Tejgaon bus stop,ROAD_25,Tejgaon-Gulshan Link Road,Tejgaon,Tejgaon Industrial,23.770485,90.408275,The Business Standard,https://tbsnews.net/bangladesh/crime/incident-2025-09-0673,news,Motorcyclist,Sharp knife (Chhuri),3,CNG auto-rickshaw,Police blotter recorded a swift snatching incident near Tejgaon bus stop during Thursday night hours.,INTERSECTION,VERIFIED,0.78
DHK-2025-0628,2025-09-19,06:03,2025,9,Friday,6,Robbery,Dhanmondi - close to the Dhanmondi market square,ROAD_04,Satmasjid Road (Dhanmondi 27 to 32 Link),Dhanmondi,Dhanmondi,23.751128,90.377359,bdnews24,https://bdnews24.com/bangladesh/incident-2025-09-0628,news,Rickshaw passenger,Paper cutter,2,Motorcycle (Pulsar/FZ),"Muggers armed with a paper cutter intercepted a rickshaw passenger close to the Dhanmondi market square, fleeing with cash and bag.",AREA,PROBABLE,0.86
DHK-2025-0525,2025-09-19,16:55,2025,9,Friday,16,Snatching,Dhanmondi - near Dhanmondi bus stop,ROAD_03,Mirpur Road (Russell Square to Asad Gate),Dhanmondi,Dhanmondi,23.755689,90.373759,bdnews24,https://bdnews24.com/bangladesh/incident-2025-09-0525,news,Motorcyclist,Sharp knife (Chhuri),4,On foot (sprint),A motorcyclist had their smartphone snatched by 4 perpetrators on a on foot (sprint) near Dhanmondi bus stop around 16:55.,EXACT,VERIFIED,0.81
DHK-2025-0782,2025-09-19,22:45,2025,9,Friday,22,Snatching,Motijheel - under the Motijheel footover bridge,ROAD_49,Motijheel to Sayedabad Bus Terminal,Motijheel,Motijheel,23.722059,90.424043,DMP Monthly Blotter,https://dmp.gov.bd/crime-statistics/incident-2025-09-0782,police_report,Pedestrian,Paper cutter,4,Motorcycle (Pulsar/FZ),Police blotter recorded a swift snatching incident under the Motijheel footover bridge during Friday night hours.,EXACT,VERIFIED,0.86
DHK-2025-1176,2025-09-20,13:02,2025,9,Saturday,13,Snatching,Mirpur - near Mirpur bus stop,ROAD_31,Mirpur-1 to Mirpur-10 Connector,Mirpur,Mirpur,23.796764,90.356114,Daily Sun,https://www.daily-sun.com/post/crime/incident-2025-09-1176,news,Office worker,Firearm / Pistol,2,Motorcycle (Pulsar/FZ),Reported incident of snatching involving a office worker at near Mirpur bus stop. Suspects fled using a motorcycle (pulsar/fz).,EXACT,VERIFIED,0.92
DHK-2025-0012,2025-09-21,13:30,2025,9,Sunday,13,Snatching,Dhanmondi - close to the Dhanmondi market square,ROAD_05,Dhanmondi 27 Inner Connector,Dhanmondi,Dhanmondi,23.754715,90.367996,bdnews24,https://bdnews24.com/bangladesh/incident-2025-09-0012,news,Pedestrian,Unarmed / Speed snatch,2,On foot (sprint),Police blotter recorded a swift snatching incident close to the Dhanmondi market square during Sunday night hours.,INTERSECTION,VERIFIED,0.82
DHK-2025-0341,2025-09-21,22:36,2025,9,Sunday,22,Theft,Malibagh - in front of the commercial complex at Malibagh,ROAD_47,Mouchak to Khilgaon Flyover,Malibagh,Shahjahanpur,23.749767,90.418368,Dhaka Tribune,https://www.dhakatribune.com/bangladesh/crime/incident-2025-09-0341,news,Motorcyclist,Sharp knife (Chhuri),3,Motorcycle (Pulsar/FZ),Police blotter recorded a swift snatching incident in front of the commercial complex at Malibagh during Sunday night hours.,INTERSECTION,VERIFIED,0.76
DHK-2025-0362,2025-09-25,00:21,2025,9,Thursday,0,Pickpocketing,Nilkhet - under the Nilkhet footover bridge,ROAD_52,New Market to Sadarghat Riverfront Connector,Nilkhet,New Market,23.71703,90.40175,The Daily Star,https://www.thedailystar.net/crime/incident-2025-09-0362,news,University student,Paper cutter,2,CNG auto-rickshaw,"Muggers armed with a paper cutter intercepted a university student under the Nilkhet footover bridge, fleeing with cash and bag.",INTERSECTION,VERIFIED,0.88
DHK-2025-0944,2025-09-26,13:03,2025,9,Friday,13,Mugging,Mirpur - close to the Mirpur market square,ROAD_32,Mirpur-10 to Mirpur-11 Strip,Mirpur,Mirpur,23.810983,90.367508,Prothom Alo,https://en.prothomalo.com/bangladesh/crime-and-law/incident-2025-09-0944,news,Pedestrian,Firearm / Pistol,1,Motorcycle (Pulsar/FZ),"Muggers armed with a firearm / pistol intercepted a pedestrian close to the Mirpur market square, fleeing with cash and bag.",EXACT,VERIFIED,0.84
DHK-2025-0003,2025-09-27,06:01,2025,9,Saturday,6,Snatching,Dhanmondi - near Dhanmondi bus stop,ROAD_10,Science Lab to Nilkhet / New Market,Dhanmondi,New Market,23.738691,90.383847,Daily Sun,https://www.daily-sun.com/post/crime/incident-2025-09-0003,news,Female commuter,Firearm / Pistol,2,Motorcycle (Pulsar/FZ),"Muggers armed with a firearm / pistol intercepted a female commuter near Dhanmondi bus stop, fleeing with cash and bag.",INTERSECTION,VERIFIED,0.95
DHK-2025-0696,2025-09-27,13:06,2025,9,Saturday,13,Snatching,Mirpur - close to the Mirpur market square,ROAD_34,Mirpur-1 to Gabtoli Highway,Mirpur,Mirpur,23.787224,90.349162,Daily Sun,https://www.daily-sun.com/post/crime/incident-2025-09-0696,news,Small shopkeeper,Firearm / Pistol,4,CNG auto-rickshaw,"Muggers armed with a firearm / pistol intercepted a small shopkeeper close to the Mirpur market square, fleeing with cash and bag.",INTERSECTION,VERIFIED,0.89
DHK-2025-0949,2025-09-28,18:35,2025,9,Sunday,18,Snatching,Sayedabad - near the intersection approaching Jatrabari Chottor,ROAD_50,Sayedabad to Jatrabari Flyover Entrance,Sayedabad,Jatrabari,23.713127,90.432254,Daily Sun,https://www.daily-sun.com/post/crime/incident-2025-09-0949,news,Small shopkeeper,Sharp knife (Chhuri),2,CNG auto-rickshaw,Police blotter recorded a swift snatching incident near the intersection approaching Jatrabari Chottor during Sunday night hours.,ROAD,VERIFIED,0.78
DHK-2025-0189,2025-09-28,20:20,2025,9,Sunday,20,Snatching,Mirpur - near Mirpur bus stop,ROAD_31,Mirpur-1 to Mirpur-10 Connector,Mirpur,Mirpur,23.800794,90.361218,The Business Standard,https://tbsnews.net/bangladesh/crime/incident-2025-09-0189,news,Female commuter,Sharp knife (Chhuri),2,Motorcycle (Pulsar/FZ),Police blotter recorded a swift snatching incident near Mirpur bus stop during Sunday night hours.,EXACT,PROBABLE,0.96
DHK-2025-0367,2025-09-30,01:22,2025,9,Tuesday,1,Snatching,Dhanmondi - under the Dhanmondi footover bridge,ROAD_05,Dhanmondi 27 Inner Connector,Dhanmondi,Dhanmondi,23.758275,90.364643,Daily Sun,https://www.daily-sun.com/post/crime/incident-2025-09-0367,news,University student,Sharp knife (Chhuri),1,Motorcycle (Pulsar/FZ),"Muggers armed with a sharp knife (chhuri) intercepted a university student under the Dhanmondi footover bridge, fleeing with cash and bag.",INTERSECTION,PROBABLE,0.92
DHK-2025-0496,2025-09-30,16:12,2025,9,Tuesday,16,Mugging,Mohammadpur - near the intersection approaching Mohammadpur Beribadh Mor,ROAD_36,Town Hall to Beribadh Link,Mohammadpur,Mohammadpur,23.757279,90.35422,bdnews24,https://bdnews24.com/bangladesh/incident-2025-09-0496,news,Female commuter,Unarmed / Speed snatch,3,Motorcycle (Pulsar/FZ),"Muggers armed with a unarmed / speed snatch intercepted a female commuter near the intersection approaching Mohammadpur Beribadh Mor, fleeing with cash and bag.",EXACT,PROBABLE,0.77
DHK-2025-1183,2025-09-30,20:37,2025,9,Tuesday,20,Robbery,Mirpur - near the intersection approaching Mirpur 10 Roundabout,ROAD_31,Mirpur-1 to Mirpur-10 Connector,Mirpur,Mirpur,23.797784,90.357694,bdnews24,https://bdnews24.com/bangladesh/incident-2025-09-1183,news,Motorcyclist,Sharp knife (Chhuri),4,Motorcycle (Pulsar/FZ),"Muggers armed with a sharp knife (chhuri) intercepted a motorcyclist near the intersection approaching Mirpur 10 Roundabout, fleeing with cash and bag.",EXACT,VERIFIED,0.76
DHK-2025-0225,2025-10-01,16:29,2025,10,Wednesday,16,Robbery,Mirpur - under the Mirpur footover bridge,ROAD_34,Mirpur-1 to Gabtoli Highway,Mirpur,Mirpur,23.793326,90.352624,The Business Standard,https://tbsnews.net/bangladesh/crime/incident-2025-10-0225,news,Motorcyclist,Sharp knife (Chhuri),2,On foot (sprint),A motorcyclist had their smartphone snatched by 2 perpetrators on a on foot (sprint) under the Mirpur footover bridge around 16:29.,ROAD,VERIFIED,0.87
DHK-2025-0853,2025-10-02,22:29,2025,10,Thursday,22,Theft,Mirpur - in front of the commercial complex at Mirpur,ROAD_29,Begum Rokeya Sarani (Kazipara to Mirpur-10),Mirpur,Kafrul,23.799201,90.369867,The Business Standard,https://tbsnews.net/bangladesh/crime/incident-2025-10-0853,news,University student,Sharp knife (Chhuri),2,Leguna van,Reported incident of theft involving a university student at in front of the commercial complex at Mirpur. Suspects fled using a leguna van.,ROAD,PROBABLE,0.84
DHK-2025-1265,2025-10-03,00:48,2025,10,Friday,0,Theft,Tejgaon - in front of the commercial complex at Tejgaon,ROAD_26,Tejgaon Industrial to Farmgate Link,Tejgaon,Tejgaon Industrial,23.762521,90.398745,bdnews24,https://bdnews24.com/bangladesh/incident-2025-10-1265,news,Female commuter,Firearm / Pistol,2,Motorcycle (Pulsar/FZ),Reported incident of theft involving a female commuter at in front of the commercial complex at Tejgaon. Suspects fled using a motorcycle (pulsar/fz).,ROAD,VERIFIED,0.88
DHK-2025-0343,2025-10-03,12:54,2025,10,Friday,12,Snatching,Sayedabad - along the poorly lit section of Sayedabad to Jatrabari Flyover Entrance,ROAD_50,Sayedabad to Jatrabari Flyover Entrance,Sayedabad,Jatrabari,23.711974,90.433702,Dhaka Tribune,https://www.dhakatribune.com/bangladesh/crime/incident-2025-10-0343,news,Female commuter,Sharp knife (Chhuri),4,On foot (sprint),Reported incident of snatching involving a female commuter at along the poorly lit section of Sayedabad to Jatrabari Flyover Entrance. Suspects fled using a on foot (sprint).,INTERSECTION,VERIFIED,0.81
DHK-2025-0716,2025-10-03,21:30,2025,10,Friday,21,Theft,Mohammadpur - under the Mohammadpur footover bridge,ROAD_06,Mirpur Road (Asad Gate to Farmgate Connector),Mohammadpur,Mohammadpur,23.757835,90.384365,bdnews24,https://bdnews24.com/bangladesh/incident-2025-10-0716,news,Small shopkeeper,Sharp knife (Chhuri),1,Motorcycle (Pulsar/FZ),Reported incident of theft involving a small shopkeeper at under the Mohammadpur footover bridge. Suspects fled using a motorcycle (pulsar/fz).,EXACT,VERIFIED,0.87
DHK-2025-0903,2025-10-04,23:05,2025,10,Saturday,23,Mugging,Banani - near Banani bus stop,ROAD_17,Kemal Ataturk Ave (Banani Kakoli to Gulshan-2),Banani,Banani,23.792645,90.413263,DMP Monthly Blotter,https://dmp.gov.bd/crime-statistics/incident-2025-10-0903,police_report,Small shopkeeper,Firearm / Pistol,3,On foot (sprint),Reported incident of mugging involving a small shopkeeper at near Banani bus stop. Suspects fled using a on foot (sprint).,EXACT,VERIFIED,0.84
DHK-2025-0461,2025-10-05,04:39,2025,10,Sunday,4,Snatching,Mirpur - near the intersection approaching Mirpur 10 Roundabout,ROAD_31,Mirpur-1 to Mirpur-10 Connector,Mirpur,Mirpur,23.795294,90.354371,Daily Sun,https://www.daily-sun.com/post/crime/incident-2025-10-0461,news,University student,Sharp knife (Chhuri),2,Motorcycle (Pulsar/FZ),Reported incident of snatching involving a university student at near the intersection approaching Mirpur 10 Roundabout. Suspects fled using a motorcycle (pulsar/fz).,ROAD,VERIFIED,0.86
DHK-2025-1097,2025-10-06,18:23,2025,10,Monday,18,Robbery,Motijheel - along the poorly lit section of Motijheel to Sayedabad Bus Terminal,ROAD_49,Motijheel to Sayedabad Bus Terminal,Motijheel,Motijheel,23.719088,90.426463,The Daily Star,https://www.thedailystar.net/crime/incident-2025-10-1097,news,University student,Firearm / Pistol,2,On foot (sprint),"Muggers armed with a firearm / pistol intercepted a university student along the poorly lit section of Motijheel to Sayedabad Bus Terminal, fleeing with cash and bag.",AREA,VERIFIED,0.76
DHK-2025-1160,2025-10-07,14:16,2025,10,Tuesday,14,Snatching,Mohammadpur - near Mohammadpur bus stop,ROAD_35,Mohammadpur Beribadh Outer Road,Mohammadpur,Mohammadpur,23.757301,90.34778,The Business Standard,https://tbsnews.net/bangladesh/crime/incident-2025-10-1160,news,Pedestrian,Pepper spray,2,Motorcycle (Pulsar/FZ),"Muggers armed with a pepper spray intercepted a pedestrian near Mohammadpur bus stop, fleeing with cash and bag.",EXACT,VERIFIED,0.92
DHK-2025-1154,2025-10-07,20:21,2025,10,Tuesday,20,Mugging,Tejgaon - close to the Tejgaon market square,ROAD_25,Tejgaon-Gulshan Link Road,Tejgaon,Tejgaon Industrial,23.765201,90.402749,DMP Monthly Blotter,https://dmp.gov.bd/crime-statistics/incident-2025-10-1154,police_report,Small shopkeeper,Unarmed / Speed snatch,2,Motorcycle (Pulsar/FZ),Reported incident of mugging involving a small shopkeeper at close to the Tejgaon market square. Suspects fled using a motorcycle (pulsar/fz).,INTERSECTION,VERIFIED,0.84
DHK-2025-1184,2025-10-07,22:16,2025,10,Tuesday,22,Snatching,Nilkhet - near the intersection approaching Sadarghat Launch Terminal,ROAD_52,New Market to Sadarghat Riverfront Connector,Nilkhet,New Market,23.722848,90.395733,The Daily Star,https://www.thedailystar.net/crime/incident-2025-10-1184,news,Female commuter,Firearm / Pistol,4,CNG auto-rickshaw,Police blotter recorded a swift snatching incident near the intersection approaching Sadarghat Launch Terminal during Tuesday night hours.,INTERSECTION,VERIFIED,0.95
DHK-2025-0374,2025-10-08,09:09,2025,10,Wednesday,9,Mugging,Dhanmondi - in front of the commercial complex at Dhanmondi,ROAD_01,Mirpur Road (Science Lab to Kalabagan),Dhanmondi,New Market,23.745839,90.379922,The Business Standard,https://tbsnews.net/bangladesh/crime/incident-2025-10-0374,news,Pedestrian,Sharp knife (Chhuri),2,Motorcycle (Pulsar/FZ),"Muggers armed with a sharp knife (chhuri) intercepted a pedestrian in front of the commercial complex at Dhanmondi, fleeing with cash and bag.",INTERSECTION,VERIFIED,0.86
DHK-2025-0055,2025-10-09,10:54,2025,10,Thursday,10,Snatching,Malibagh - near the intersection approaching Khilgaon Taltola,ROAD_47,Mouchak to Khilgaon Flyover,Malibagh,Shahjahanpur,23.748618,90.415151,Prothom Alo,https://en.prothomalo.com/bangladesh/crime-and-law/incident-2025-10-0055,news,Female commuter,Paper cutter,2,On foot (sprint),Reported incident of snatching involving a female commuter at near the intersection approaching Khilgaon Taltola. Suspects fled using a on foot (sprint).,ROAD,VERIFIED,0.88
DHK-2025-1060,2025-10-09,17:03,2025,10,Thursday,17,Robbery,Malibagh - near Malibagh bus stop,ROAD_47,Mouchak to Khilgaon Flyover,Malibagh,Shahjahanpur,23.748165,90.413924,bdnews24,https://bdnews24.com/bangladesh/incident-2025-10-1060,news,Rickshaw passenger,Sharp knife (Chhuri),2,Motorcycle (Pulsar/FZ),Reported incident of robbery involving a rickshaw passenger at near Malibagh bus stop. Suspects fled using a motorcycle (pulsar/fz).,EXACT,VERIFIED,0.8
DHK-2025-0723,2025-10-09,19:07,2025,10,Thursday,19,Snatching,Tejgaon - close to the Tejgaon market square,ROAD_26,Tejgaon Industrial to Farmgate Link,Tejgaon,Tejgaon Industrial,23.762638,90.399394,Daily Sun,https://www.daily-sun.com/post/crime/incident-2025-10-0723,news,Small shopkeeper,Sharp knife (Chhuri),2,On foot (sprint),Police blotter recorded a swift snatching incident close to the Tejgaon market square during Thursday night hours.,INTERSECTION,PROBABLE,0.84
DHK-2025-0177,2025-10-10,00:38,2025,10,Friday,0,Mugging,Dhanmondi - along the poorly lit section of Science Lab to Nilkhet / New Market,ROAD_10,Science Lab to Nilkhet / New Market,Dhanmondi,New Market,23.733857,90.383924,DMP Monthly Blotter,https://dmp.gov.bd/crime-statistics/incident-2025-10-0177,police_report,Pedestrian,Sharp knife (Chhuri),1,CNG auto-rickshaw,"Muggers armed with a sharp knife (chhuri) intercepted a pedestrian along the poorly lit section of Science Lab to Nilkhet / New Market, fleeing with cash and bag.",INTERSECTION,UNCONFIRMED,0.68
DHK-2025-1042,2025-10-12,23:27,2025,10,Sunday,23,Theft,Banani - in front of the commercial complex at Banani,ROAD_18,Banani Road 11 (Commercial Strip),Banani,Banani,23.793281,90.406989,Dhaka Tribune,https://www.dhakatribune.com/bangladesh/crime/incident-2025-10-1042,news,Rickshaw passenger,Pepper spray,4,Motorcycle (Pulsar/FZ),Reported incident of theft involving a rickshaw passenger at in front of the commercial complex at Banani. Suspects fled using a motorcycle (pulsar/fz).,EXACT,VERIFIED,0.97
DHK-2025-0644,2025-10-13,10:09,2025,10,Monday,10,Snatching,Shyamoli - near the intersection approaching Mirpur 1 Roundabout,ROAD_30,Mirpur Road (Shyamoli to Mirpur-1),Shyamoli,Adabor,23.792037,90.355201,Prothom Alo,https://en.prothomalo.com/bangladesh/crime-and-law/incident-2025-10-0644,news,University student,Firearm / Pistol,4,Motorcycle (Pulsar/FZ),"Muggers armed with a firearm / pistol intercepted a university student near the intersection approaching Mirpur 1 Roundabout, fleeing with cash and bag.",ROAD,VERIFIED,0.86
DHK-2025-0222,2025-10-15,00:29,2025,10,Wednesday,0,Robbery,Mirpur - close to the Mirpur market square,ROAD_31,Mirpur-1 to Mirpur-10 Connector,Mirpur,Mirpur,23.796472,90.355412,Daily Sun,https://www.daily-sun.com/post/crime/incident-2025-10-0222,news,Female commuter,Iron rod,2,On foot (sprint),Reported incident of robbery involving a female commuter at close to the Mirpur market square. Suspects fled using a on foot (sprint).,ROAD,PROBABLE,0.85
DHK-2025-0499,2025-10-15,00:49,2025,10,Wednesday,0,Snatching,Badda - near Badda bus stop,ROAD_22,Pragiti Sarani (Badda Link to Rampura Bridge),Badda,Badda,23.769686,90.426739,The Business Standard,https://tbsnews.net/bangladesh/crime/incident-2025-10-0499,news,Female commuter,Sharp knife (Chhuri),1,Motorcycle (Pulsar/FZ),A female commuter had their smartphone snatched by 1 perpetrators on a motorcycle (pulsar/fz) near Badda bus stop around 00:49.,INTERSECTION,PROBABLE,0.76
DHK-2025-0546,2025-10-16,13:54,2025,10,Thursday,13,Mugging,Mirpur - near the intersection approaching Mirpur 11 Bus Stand,ROAD_32,Mirpur-10 to Mirpur-11 Strip,Mirpur,Mirpur,23.81267,90.367318,bdnews24,https://bdnews24.com/bangladesh/incident-2025-10-0546,news,Rickshaw passenger,Unarmed / Speed snatch,2,Motorcycle (Pulsar/FZ),Police blotter recorded a swift snatching incident near the intersection approaching Mirpur 11 Bus Stand during Thursday night hours.,INTERSECTION,VERIFIED,0.85
DHK-2025-0487,2025-10-17,12:23,2025,10,Friday,12,Mugging,Mohammadpur - near Mohammadpur bus stop,ROAD_54,Mohammadpur Town Hall to Asad Gate,Mohammadpur,Mohammadpur,23.759911,90.366486,Daily Sun,https://www.daily-sun.com/post/crime/incident-2025-10-0487,news,Small shopkeeper,Unarmed / Speed snatch,2,CNG auto-rickshaw,Reported incident of mugging involving a small shopkeeper at near Mohammadpur bus stop. Suspects fled using a cng auto-rickshaw.,AREA,VERIFIED,0.93
DHK-2025-0781,2025-10-18,09:40,2025,10,Saturday,9,Snatching,Mogbazar - under the Mogbazar footover bridge,ROAD_46,Mogbazar to Mouchak Flyover,Mogbazar,Ramna,23.748694,90.408011,bdnews24,https://bdnews24.com/bangladesh/incident-2025-10-0781,news,Office worker,Sharp knife (Chhuri),2,Motorcycle (Pulsar/FZ),"Muggers armed with a sharp knife (chhuri) intercepted a office worker under the Mogbazar footover bridge, fleeing with cash and bag.",INTERSECTION,PROBABLE,0.87
DHK-2025-1247,2025-10-18,14:13,2025,10,Saturday,14,Theft,Farmgate - near the intersection approaching Bijoy Sarani Chottor,ROAD_11,Airport Road (Farmgate to Bijoy Sarani),Farmgate,Tejgaon,23.761592,90.388229,bdnews24,https://bdnews24.com/bangladesh/incident-2025-10-1247,news,Pedestrian,Pepper spray,4,Motorcycle (Pulsar/FZ),A pedestrian had their smartphone snatched by 4 perpetrators on a motorcycle (pulsar/fz) near the intersection approaching Bijoy Sarani Chottor around 14:13.,EXACT,VERIFIED,0.9
DHK-2025-0983,2025-10-19,15:42,2025,10,Sunday,15,Snatching,Motijheel - under the Motijheel footover bridge,ROAD_49,Motijheel to Sayedabad Bus Terminal,Motijheel,Motijheel,23.722745,90.423304,Daily Sun,https://www.daily-sun.com/post/crime/incident-2025-10-0983,news,Pedestrian,Sharp knife (Chhuri),1,CNG auto-rickshaw,"Muggers armed with a sharp knife (chhuri) intercepted a pedestrian under the Motijheel footover bridge, fleeing with cash and bag.",INTERSECTION,PROBABLE,0.82
DHK-2025-0622,2025-10-20,21:39,2025,10,Monday,21,Robbery,Mirpur - near the intersection approaching Mirpur 10 Roundabout,ROAD_31,Mirpur-1 to Mirpur-10 Connector,Mirpur,Mirpur,23.80648,90.367949,Prothom Alo,https://en.prothomalo.com/bangladesh/crime-and-law/incident-2025-10-0622,news,University student,Unarmed / Speed snatch,1,On foot (sprint),"Muggers armed with a unarmed / speed snatch intercepted a university student near the intersection approaching Mirpur 10 Roundabout, fleeing with cash and bag.",INTERSECTION,UNCONFIRMED,0.54
DHK-2025-0708,2025-10-21,14:59,2025,10,Tuesday,14,Snatching,Motijheel - along the poorly lit section of Motijheel to Sayedabad Bus Terminal,ROAD_49,Motijheel to Sayedabad Bus Terminal,Motijheel,Motijheel,23.72609,90.420375,Daily Sun,https://www.daily-sun.com/post/crime/incident-2025-10-0708,news,Motorcyclist,Sharp knife (Chhuri),2,On foot (sprint),A motorcyclist had their smartphone snatched by 2 perpetrators on a on foot (sprint) along the poorly lit section of Motijheel to Sayedabad Bus Terminal around 14:59.,INTERSECTION,VERIFIED,0.8
DHK-2025-1198,2025-10-21,17:48,2025,10,Tuesday,17,Snatching,Tejgaon - close to the Tejgaon market square,ROAD_25,Tejgaon-Gulshan Link Road,Tejgaon,Tejgaon Industrial,23.766213,90.403709,bdnews24,https://bdnews24.com/bangladesh/incident-2025-10-1198,news,Office worker,Paper cutter,2,CNG auto-rickshaw,Reported incident of snatching involving a office worker at close to the Tejgaon market square. Suspects fled using a cng auto-rickshaw.,INTERSECTION,VERIFIED,0.94
DHK-2025-0527,2025-10-23,09:17,2025,10,Thursday,9,Mugging,Paltan - close to the Paltan market square,ROAD_44,Paltan to Motijheel Commercial Area,Paltan,Paltan,23.72814,90.417572,Daily Sun,https://www.daily-sun.com/post/crime/incident-2025-10-0527,news,Pedestrian,Firearm / Pistol,3,Leguna van,"Muggers armed with a firearm / pistol intercepted a pedestrian close to the Paltan market square, fleeing with cash and bag.",INTERSECTION,VERIFIED,0.78
DHK-2025-0427,2025-10-23,21:32,2025,10,Thursday,21,Robbery,Mohammadpur - in front of the commercial complex at Mohammadpur,ROAD_36,Town Hall to Beribadh Link,Mohammadpur,Mohammadpur,23.759647,90.360984,Dhaka Tribune,https://www.dhakatribune.com/bangladesh/crime/incident-2025-10-0427,news,Small shopkeeper,Iron rod,3,Motorcycle (Pulsar/FZ),"Muggers armed with a iron rod intercepted a small shopkeeper in front of the commercial complex at Mohammadpur, fleeing with cash and bag.",INTERSECTION,VERIFIED,0.92
DHK-2025-1209,2025-10-24,14:09,2025,10,Friday,14,Pickpocketing,Mirpur - in front of the commercial complex at Mirpur,ROAD_34,Mirpur-1 to Gabtoli Highway,Mirpur,Mirpur,23.786732,90.348863,Prothom Alo,https://en.prothomalo.com/bangladesh/crime-and-law/incident-2025-10-1209,news,Motorcyclist,Sharp knife (Chhuri),2,Private car,Police blotter recorded a swift snatching incident in front of the commercial complex at Mirpur during Friday night hours.,AREA,VERIFIED,0.79
DHK-2025-1022,2025-10-25,15:52,2025,10,Saturday,15,Robbery,Farmgate - close to the Farmgate market square,ROAD_11,Airport Road (Farmgate to Bijoy Sarani),Farmgate,Tejgaon,23.764929,90.387814,bdnews24,https://bdnews24.com/bangladesh/incident-2025-10-1022,news,University student,Pepper spray,2,Motorcycle (Pulsar/FZ),Reported incident of robbery involving a university student at close to the Farmgate market square. Suspects fled using a motorcycle (pulsar/fz).,AREA,PROBABLE,0.94
DHK-2025-0953,2025-10-25,21:39,2025,10,Saturday,21,Snatching,Sayedabad - near Sayedabad bus stop,ROAD_50,Sayedabad to Jatrabari Flyover Entrance,Sayedabad,Jatrabari,23.714571,90.430961,The Business Standard,https://tbsnews.net/bangladesh/crime/incident-2025-10-0953,news,Rickshaw passenger,Pepper spray,2,Motorcycle (Pulsar/FZ),"Muggers armed with a pepper spray intercepted a rickshaw passenger near Sayedabad bus stop, fleeing with cash and bag.",EXACT,VERIFIED,0.84
DHK-2025-0790,2025-10-26,18:57,2025,10,Sunday,18,Snatching,Agargaon - under the Agargaon footover bridge,ROAD_27,Begum Rokeya Sarani (Agargaon to Shewrapara),Agargaon,Sher-e-Bangla Nagar,23.77802,90.375482,The Daily Star,https://www.thedailystar.net/crime/incident-2025-10-0790,news,Female commuter,Paper cutter,2,Motorcycle (Pulsar/FZ),Police blotter recorded a swift snatching incident under the Agargaon footover bridge during Sunday night hours.,INTERSECTION,VERIFIED,0.77
DHK-2025-1026,2025-10-27,23:37,2025,10,Monday,23,Mugging,Mirpur - near the intersection approaching Mirpur 10 Roundabout,ROAD_29,Begum Rokeya Sarani (Kazipara to Mirpur-10),Mirpur,Kafrul,23.804383,90.369293,Dhaka Tribune,https://www.dhakatribune.com/bangladesh/crime/incident-2025-10-1026,news,Rickshaw passenger,Sharp knife (Chhuri),2,Motorcycle (Pulsar/FZ),Police blotter recorded a swift snatching incident near the intersection approaching Mirpur 10 Roundabout during Monday night hours.,EXACT,VERIFIED,0.78
DHK-2025-0729,2025-10-28,09:31,2025,10,Tuesday,9,Snatching,Motijheel - along the poorly lit section of Motijheel to Sayedabad Bus Terminal,ROAD_49,Motijheel to Sayedabad Bus Terminal,Motijheel,Motijheel,23.716098,90.429013,Prothom Alo,https://en.prothomalo.com/bangladesh/crime-and-law/incident-2025-10-0729,news,Office worker,Sharp knife (Chhuri),3,Motorcycle (Pulsar/FZ),"Muggers armed with a sharp knife (chhuri) intercepted a office worker along the poorly lit section of Motijheel to Sayedabad Bus Terminal, fleeing with cash and bag.",INTERSECTION,VERIFIED,0.81
DHK-2025-0747,2025-10-28,13:01,2025,10,Tuesday,13,Snatching,Shahbagh - near Shahbagh bus stop,ROAD_09,Shahbagh to Science Lab (Elephant Road),Shahbagh,Shahbagh,23.738977,90.394118,Dhaka Tribune,https://www.dhakatribune.com/bangladesh/crime/incident-2025-10-0747,news,Small shopkeeper,Sharp knife (Chhuri),2,On foot (sprint),A small shopkeeper had their smartphone snatched by 2 perpetrators on a on foot (sprint) near Shahbagh bus stop around 13:01.,ROAD,VERIFIED,0.85
DHK-2025-0179,2025-10-29,00:28,2025,10,Wednesday,0,Theft,Farmgate - under the Farmgate footover bridge,ROAD_07,Kazi Nazrul Islam Ave (Farmgate to Karwan Bazar),Farmgate,Tejgaon,23.75274,90.39301,The Business Standard,https://tbsnews.net/bangladesh/crime/incident-2025-10-0179,news,Motorcyclist,Paper cutter,1,CNG auto-rickshaw,A motorcyclist had their smartphone snatched by 1 perpetrators on a cng auto-rickshaw under the Farmgate footover bridge around 00:28.,INTERSECTION,VERIFIED,0.84
DHK-2025-0728,2025-10-30,00:39,2025,10,Thursday,0,Snatching,Farmgate - near the intersection approaching Karwan Bazar Chottor,ROAD_07,Kazi Nazrul Islam Ave (Farmgate to Karwan Bazar),Farmgate,Tejgaon,23.755229,90.391055,Dhaka Tribune,https://www.dhakatribune.com/bangladesh/crime/incident-2025-10-0728,news,Motorcyclist,Unarmed / Speed snatch,1,Motorcycle (Pulsar/FZ),"Muggers armed with a unarmed / speed snatch intercepted a motorcyclist near the intersection approaching Karwan Bazar Chottor, fleeing with cash and bag.",EXACT,VERIFIED,0.81
DHK-2025-0787,2025-10-30,17:40,2025,10,Thursday,17,Snatching,Tejgaon - near Tejgaon bus stop,ROAD_13,Airport Road (Jahangir Gate to Mohakhali),Tejgaon,Cantonment,23.774282,90.396426,Daily Sun,https://www.daily-sun.com/post/crime/incident-2025-10-0787,news,Office worker,Sharp knife (Chhuri),2,Motorcycle (Pulsar/FZ),Police blotter recorded a swift snatching incident near Tejgaon bus stop during Thursday night hours.,INTERSECTION,VERIFIED,0.84
DHK-2025-0515,2025-10-30,19:05,2025,10,Thursday,19,Snatching,Badda - along the poorly lit section of Pragiti Sarani (Badda Link to Rampura Bridge),ROAD_22,Pragiti Sarani (Badda Link to Rampura Bridge),Badda,Badda,23.774498,90.42777,Dhaka Tribune,https://www.dhakatribune.com/bangladesh/crime/incident-2025-10-0515,news,Female commuter,Firearm / Pistol,1,Motorcycle (Pulsar/FZ),A female commuter had their smartphone snatched by 1 perpetrators on a motorcycle (pulsar/fz) along the poorly lit section of Pragiti Sarani (Badda Link to Rampura Bridge) around 19:05.,INTERSECTION,VERIFIED,0.88
DHK-2025-0347,2025-10-31,16:25,2025,10,Friday,16,Snatching,Shahbagh - along the poorly lit section of Shahbagh to Kakrail VIP Road,ROAD_42,Shahbagh to Kakrail VIP Road,Shahbagh,Shahbagh,23.738701,90.402598,Prothom Alo,https://en.prothomalo.com/bangladesh/crime-and-law/incident-2025-10-0347,news,University student,Unarmed / Speed snatch,3,Motorcycle (Pulsar/FZ),"Muggers armed with a unarmed / speed snatch intercepted a university student along the poorly lit section of Shahbagh to Kakrail VIP Road, fleeing with cash and bag.",AREA,VERIFIED,0.97
DHK-2025-0878,2025-10-31,16:39,2025,10,Friday,16,Snatching,Mogbazar - along the poorly lit section of Mogbazar to Mouchak Flyover,ROAD_46,Mogbazar to Mouchak Flyover,Mogbazar,Ramna,23.747951,90.409969,Daily Sun,https://www.daily-sun.com/post/crime/incident-2025-10-0878,news,University student,Sharp knife (Chhuri),1,CNG auto-rickshaw,Police blotter recorded a swift snatching incident along the poorly lit section of Mogbazar to Mouchak Flyover during Friday night hours.,ROAD,VERIFIED,0.95
DHK-2025-0227,2025-11-01,17:29,2025,11,Saturday,17,Pickpocketing,Mirpur - along the poorly lit section of Mirpur-10 to Mirpur-11 Strip,ROAD_32,Mirpur-10 to Mirpur-11 Strip,Mirpur,Mirpur,23.811176,90.367667,DMP Monthly Blotter,https://dmp.gov.bd/crime-statistics/incident-2025-11-0227,police_report,University student,Sharp knife (Chhuri),4,On foot (sprint),A university student had their smartphone snatched by 4 perpetrators on a on foot (sprint) along the poorly lit section of Mirpur-10 to Mirpur-11 Strip around 17:29.,INTERSECTION,VERIFIED,0.75
DHK-2025-0556,2025-11-03,22:35,2025,11,Monday,22,Robbery,Paltan - near the intersection approaching Sadarghat Launch Terminal,ROAD_51,Paltan to Sadarghat (Old Dhaka Arterial),Paltan,Paltan,23.722915,90.410895,Prothom Alo,https://en.prothomalo.com/bangladesh/crime-and-law/incident-2025-11-0556,news,University student,Paper cutter,4,Motorcycle (Pulsar/FZ),A university student had their smartphone snatched by 4 perpetrators on a motorcycle (pulsar/fz) near the intersection approaching Sadarghat Launch Terminal around 22:35.,ROAD,VERIFIED,0.94
DHK-2025-0078,2025-11-06,23:47,2025,11,Thursday,23,Robbery,Farmgate - close to the Farmgate market square,ROAD_07,Kazi Nazrul Islam Ave (Farmgate to Karwan Bazar),Farmgate,Tejgaon,23.75247,90.393111,Daily Sun,https://www.daily-sun.com/post/crime/incident-2025-11-0078,news,Small shopkeeper,Sharp knife (Chhuri),2,On foot (sprint),Reported incident of robbery involving a small shopkeeper at close to the Farmgate market square. Suspects fled using a on foot (sprint).,INTERSECTION,VERIFIED,0.94
DHK-2025-1269,2025-11-07,12:47,2025,11,Friday,12,Snatching,Mohammadpur - under the Mohammadpur footover bridge,ROAD_06,Mirpur Road (Asad Gate to Farmgate Connector),Mohammadpur,Mohammadpur,23.757296,90.38685,Dhaka Tribune,https://www.dhakatribune.com/bangladesh/crime/incident-2025-11-1269,news,Female commuter,Sharp knife (Chhuri),4,On foot (sprint),Reported incident of snatching involving a female commuter at under the Mohammadpur footover bridge. Suspects fled using a on foot (sprint).,INTERSECTION,VERIFIED,0.87
DHK-2025-0164,2025-11-07,20:14,2025,11,Friday,20,Robbery,Baridhara - close to the Baridhara market square,ROAD_21,Pragiti Sarani (Notun Bazar to Badda Link),Baridhara,Bhatara,23.795833,90.425032,Daily Sun,https://www.daily-sun.com/post/crime/incident-2025-11-0164,news,University student,Sharp knife (Chhuri),1,CNG auto-rickshaw,Reported incident of robbery involving a university student at close to the Baridhara market square. Suspects fled using a cng auto-rickshaw.,ROAD,VERIFIED,0.86
DHK-2025-0294,2025-11-08,05:00,2025,11,Saturday,5,Theft,Mirpur - under the Mirpur footover bridge,ROAD_29,Begum Rokeya Sarani (Kazipara to Mirpur-10),Mirpur,Kafrul,23.793834,90.371215,bdnews24,https://bdnews24.com/bangladesh/incident-2025-11-0294,news,Female commuter,Unarmed / Speed snatch,2,On foot (sprint),"Muggers armed with a unarmed / speed snatch intercepted a female commuter under the Mirpur footover bridge, fleeing with cash and bag.",INTERSECTION,VERIFIED,0.96
DHK-2025-0284,2025-11-09,16:12,2025,11,Sunday,16,Robbery,Mogbazar - along the poorly lit section of Mogbazar to Mouchak Flyover,ROAD_46,Mogbazar to Mouchak Flyover,Mogbazar,Ramna,23.747634,90.409594,Daily Sun,https://www.daily-sun.com/post/crime/incident-2025-11-0284,news,Rickshaw passenger,Sharp knife (Chhuri),2,Motorcycle (Pulsar/FZ),A rickshaw passenger had their smartphone snatched by 2 perpetrators on a motorcycle (pulsar/fz) along the poorly lit section of Mogbazar to Mouchak Flyover around 16:12.,ROAD,VERIFIED,0.81
DHK-2025-0451,2025-11-11,09:33,2025,11,Tuesday,9,Mugging,Mirpur - near Mirpur bus stop,ROAD_34,Mirpur-1 to Gabtoli Highway,Mirpur,Mirpur,23.787386,90.349215,Prothom Alo,https://en.prothomalo.com/bangladesh/crime-and-law/incident-2025-11-0451,news,Rickshaw passenger,Sharp knife (Chhuri),4,Motorcycle (Pulsar/FZ),"Muggers armed with a sharp knife (chhuri) intercepted a rickshaw passenger near Mirpur bus stop, fleeing with cash and bag.",INTERSECTION,PROBABLE,0.77
DHK-2025-1141,2025-11-12,08:45,2025,11,Wednesday,8,Mugging,Dhanmondi - near the intersection approaching New Market Nilkhet,ROAD_10,Science Lab to Nilkhet / New Market,Dhanmondi,New Market,23.734429,90.383939,Prothom Alo,https://en.prothomalo.com/bangladesh/crime-and-law/incident-2025-11-1141,news,Rickshaw passenger,Sharp knife (Chhuri),2,Motorcycle (Pulsar/FZ),A rickshaw passenger had their smartphone snatched by 2 perpetrators on a motorcycle (pulsar/fz) near the intersection approaching New Market Nilkhet around 08:45.,ROAD,PROBABLE,0.9
DHK-2025-0775,2025-11-13,12:35,2025,11,Thursday,12,Snatching,Shyamoli - near the intersection approaching Mirpur 1 Roundabout,ROAD_30,Mirpur Road (Shyamoli to Mirpur-1),Shyamoli,Adabor,23.778536,90.360271,The Daily Star,https://www.thedailystar.net/crime/incident-2025-11-0775,news,Pedestrian,Sharp knife (Chhuri),3,Private car,Reported incident of snatching involving a pedestrian at near the intersection approaching Mirpur 1 Roundabout. Suspects fled using a private car.,INTERSECTION,VERIFIED,0.81
DHK-2025-1089,2025-11-14,20:23,2025,11,Friday,20,Pickpocketing,Baridhara - under the Baridhara footover bridge,ROAD_21,Pragiti Sarani (Notun Bazar to Badda Link),Baridhara,Bhatara,23.795917,90.42531,Prothom Alo,https://en.prothomalo.com/bangladesh/crime-and-law/incident-2025-11-1089,news,Pedestrian,Sharp knife (Chhuri),2,CNG auto-rickshaw,Police blotter recorded a swift snatching incident under the Baridhara footover bridge during Friday night hours.,INTERSECTION,VERIFIED,0.9
DHK-2025-0842,2025-11-15,21:48,2025,11,Saturday,21,Robbery,Sayedabad - along the poorly lit section of Sayedabad to Jatrabari Flyover Entrance,ROAD_50,Sayedabad to Jatrabari Flyover Entrance,Sayedabad,Jatrabari,23.711413,90.434594,The Business Standard,https://tbsnews.net/bangladesh/crime/incident-2025-11-0842,news,Office worker,Pepper spray,2,On foot (sprint),"Muggers armed with a pepper spray intercepted a office worker along the poorly lit section of Sayedabad to Jatrabari Flyover Entrance, fleeing with cash and bag.",INTERSECTION,VERIFIED,0.87
DHK-2025-0746,2025-11-17,15:06,2025,11,Monday,15,Mugging,Mirpur - close to the Mirpur market square,ROAD_33,Mirpur-11 to Mirpur-12 Avenue,Mirpur,Pallabi,23.822033,90.364447,The Business Standard,https://tbsnews.net/bangladesh/crime/incident-2025-11-0746,news,Motorcyclist,Sharp knife (Chhuri),2,Motorcycle (Pulsar/FZ),Reported incident of mugging involving a motorcyclist at close to the Mirpur market square. Suspects fled using a motorcycle (pulsar/fz).,INTERSECTION,VERIFIED,0.88
DHK-2025-0964,2025-11-17,18:04,2025,11,Monday,18,Theft,Farmgate - near the intersection approaching Karwan Bazar Chottor,ROAD_07,Kazi Nazrul Islam Ave (Farmgate to Karwan Bazar),Farmgate,Tejgaon,23.756257,90.389892,Daily Sun,https://www.daily-sun.com/post/crime/incident-2025-11-0964,news,University student,Firearm / Pistol,2,Private car,Reported incident of theft involving a university student at near the intersection approaching Karwan Bazar Chottor. Suspects fled using a private car.,ROAD,VERIFIED,0.8
DHK-2025-0455,2025-11-17,20:16,2025,11,Monday,20,Snatching,Malibagh - near the intersection approaching Khilgaon Taltola,ROAD_47,Mouchak to Khilgaon Flyover,Malibagh,Shahjahanpur,23.751568,90.42162,The Business Standard,https://tbsnews.net/bangladesh/crime/incident-2025-11-0455,news,University student,Sharp knife (Chhuri),2,Motorcycle (Pulsar/FZ),Police blotter recorded a swift snatching incident near the intersection approaching Khilgaon Taltola during Monday night hours.,EXACT,VERIFIED,0.93
DHK-2025-0939,2025-11-20,18:43,2025,11,Thursday,18,Snatching,Mohammadpur - under the Mohammadpur footover bridge,ROAD_35,Mohammadpur Beribadh Outer Road,Mohammadpur,Mohammadpur,23.784174,90.347121,bdnews24,https://bdnews24.com/bangladesh/incident-2025-11-0939,news,Pedestrian,Sharp knife (Chhuri),3,On foot (sprint),A pedestrian had their smartphone snatched by 3 perpetrators on a on foot (sprint) under the Mohammadpur footover bridge around 18:43.,EXACT,VERIFIED,0.91
DHK-2025-0764,2025-11-21,01:38,2025,11,Friday,1,Snatching,Paltan - near Paltan bus stop,ROAD_51,Paltan to Sadarghat (Old Dhaka Arterial),Paltan,Paltan,23.71556,90.411661,bdnews24,https://bdnews24.com/bangladesh/incident-2025-11-0764,news,Small shopkeeper,Iron rod,2,Motorcycle (Pulsar/FZ),A small shopkeeper had their smartphone snatched by 2 perpetrators on a motorcycle (pulsar/fz) near Paltan bus stop around 01:38.,EXACT,VERIFIED,0.93
DHK-2025-0199,2025-11-21,02:20,2025,11,Friday,2,Pickpocketing,Paltan - under the Paltan footover bridge,ROAD_44,Paltan to Motijheel Commercial Area,Paltan,Paltan,23.730341,90.410774,Dhaka Tribune,https://www.dhakatribune.com/bangladesh/crime/incident-2025-11-0199,news,University student,Firearm / Pistol,2,Motorcycle (Pulsar/FZ),A university student had their smartphone snatched by 2 perpetrators on a motorcycle (pulsar/fz) under the Paltan footover bridge around 02:20.,EXACT,VERIFIED,0.81
DHK-2025-0345,2025-11-21,16:50,2025,11,Friday,16,Mugging,Mohammadpur - near the intersection approaching Shyamoli Square,ROAD_53,Asad Gate to Shyamoli (Mirpur Road),Mohammadpur,Mohammadpur,23.760994,90.369901,Dhaka Tribune,https://www.dhakatribune.com/bangladesh/crime/incident-2025-11-0345,news,Small shopkeeper,Sharp knife (Chhuri),3,Motorcycle (Pulsar/FZ),A small shopkeeper had their smartphone snatched by 3 perpetrators on a motorcycle (pulsar/fz) near the intersection approaching Shyamoli Square around 16:50.,EXACT,VERIFIED,0.79
DHK-2025-0153,2025-11-21,20:25,2025,11,Friday,20,Snatching,Tejgaon - close to the Tejgaon market square,ROAD_25,Tejgaon-Gulshan Link Road,Tejgaon,Tejgaon Industrial,23.77867,90.416887,Daily Sun,https://www.daily-sun.com/post/crime/incident-2025-11-0153,news,Office worker,Sharp knife (Chhuri),2,Motorcycle (Pulsar/FZ),Reported incident of snatching involving a office worker at close to the Tejgaon market square. Suspects fled using a motorcycle (pulsar/fz).,INTERSECTION,VERIFIED,0.95
DHK-2025-0142,2025-11-22,09:54,2025,11,Saturday,9,Mugging,Tejgaon - along the poorly lit section of Tejgaon Industrial to Farmgate Link,ROAD_26,Tejgaon Industrial to Farmgate Link,Tejgaon,Tejgaon Industrial,23.763315,90.4002,bdnews24,https://bdnews24.com/bangladesh/incident-2025-11-0142,news,Motorcyclist,Unarmed / Speed snatch,2,On foot (sprint),A motorcyclist had their smartphone snatched by 2 perpetrators on a on foot (sprint) along the poorly lit section of Tejgaon Industrial to Farmgate Link around 09:54.,INTERSECTION,VERIFIED,0.97
DHK-2025-1092,2025-11-23,01:09,2025,11,Sunday,1,Snatching,Mirpur - close to the Mirpur market square,ROAD_34,Mirpur-1 to Gabtoli Highway,Mirpur,Mirpur,23.789098,90.349847,The Business Standard,https://tbsnews.net/bangladesh/crime/incident-2025-11-1092,news,Office worker,Firearm / Pistol,2,Motorcycle (Pulsar/FZ),Reported incident of snatching involving a office worker at close to the Mirpur market square. Suspects fled using a motorcycle (pulsar/fz).,INTERSECTION,VERIFIED,0.92
DHK-2025-0539,2025-11-23,15:48,2025,11,Sunday,15,Snatching,Mirpur - along the poorly lit section of Mirpur-10 to Mirpur-11 Strip,ROAD_32,Mirpur-10 to Mirpur-11 Strip,Mirpur,Mirpur,23.813667,90.366798,bdnews24,https://bdnews24.com/bangladesh/incident-2025-11-0539,news,Female commuter,Sharp knife (Chhuri),2,Motorcycle (Pulsar/FZ),"Muggers armed with a sharp knife (chhuri) intercepted a female commuter along the poorly lit section of Mirpur-10 to Mirpur-11 Strip, fleeing with cash and bag.",AREA,VERIFIED,0.85
DHK-2025-0701,2025-11-23,17:55,2025,11,Sunday,17,Snatching,Dhanmondi - close to the Dhanmondi market square,ROAD_01,Mirpur Road (Science Lab to Kalabagan),Dhanmondi,New Market,23.740712,90.382944,Daily Sun,https://www.daily-sun.com/post/crime/incident-2025-11-0701,news,Office worker,Sharp knife (Chhuri),2,Leguna van,Police blotter recorded a swift snatching incident close to the Dhanmondi market square during Sunday night hours.,EXACT,UNCONFIRMED,0.69
DHK-2025-0779,2025-11-23,19:37,2025,11,Sunday,19,Robbery,Baridhara - along the poorly lit section of Pragiti Sarani (Notun Bazar to Badda Link),ROAD_21,Pragiti Sarani (Notun Bazar to Badda Link),Baridhara,Bhatara,23.79472,90.425485,Dhaka Tribune,https://www.dhakatribune.com/bangladesh/crime/incident-2025-11-0779,news,Office worker,Sharp knife (Chhuri),2,Motorcycle (Pulsar/FZ),A office worker had their smartphone snatched by 2 perpetrators on a motorcycle (pulsar/fz) along the poorly lit section of Pragiti Sarani (Notun Bazar to Badda Link) around 19:37.,EXACT,VERIFIED,0.77
DHK-2025-0409,2025-11-24,00:52,2025,11,Monday,0,Snatching,Farmgate - in front of the commercial complex at Farmgate,ROAD_11,Airport Road (Farmgate to Bijoy Sarani),Farmgate,Tejgaon,23.763943,90.387895,bdnews24,https://bdnews24.com/bangladesh/incident-2025-11-0409,news,Pedestrian,Sharp knife (Chhuri),2,CNG auto-rickshaw,"Muggers armed with a sharp knife (chhuri) intercepted a pedestrian in front of the commercial complex at Farmgate, fleeing with cash and bag.",INTERSECTION,UNCONFIRMED,0.56
DHK-2025-0056,2025-11-24,10:12,2025,11,Monday,10,Snatching,Mogbazar - along the poorly lit section of Mogbazar to Mouchak Flyover,ROAD_46,Mogbazar to Mouchak Flyover,Mogbazar,Ramna,23.749875,90.40555,Daily Sun,https://www.daily-sun.com/post/crime/incident-2025-11-0056,news,Rickshaw passenger,Pepper spray,4,CNG auto-rickshaw,Police blotter recorded a swift snatching incident along the poorly lit section of Mogbazar to Mouchak Flyover during Monday night hours.,AREA,VERIFIED,0.85
DHK-2025-1040,2025-11-26,15:32,2025,11,Wednesday,15,Theft,Kalabagan - under the Kalabagan footover bridge,ROAD_02,Mirpur Road (Kalabagan to Russell Square),Kalabagan,Kalabagan,23.749711,90.378397,Dhaka Tribune,https://www.dhakatribune.com/bangladesh/crime/incident-2025-11-1040,news,Pedestrian,Sharp knife (Chhuri),2,Motorcycle (Pulsar/FZ),"Muggers armed with a sharp knife (chhuri) intercepted a pedestrian under the Kalabagan footover bridge, fleeing with cash and bag.",ROAD,VERIFIED,0.77
DHK-2025-0038,2025-11-26,19:29,2025,11,Wednesday,19,Pickpocketing,Mohammadpur - in front of the commercial complex at Mohammadpur,ROAD_06,Mirpur Road (Asad Gate to Farmgate Connector),Mohammadpur,Mohammadpur,23.758939,90.372313,bdnews24,https://bdnews24.com/bangladesh/incident-2025-11-0038,news,Rickshaw passenger,Sharp knife (Chhuri),2,Motorcycle (Pulsar/FZ),Reported incident of pickpocketing involving a rickshaw passenger at in front of the commercial complex at Mohammadpur. Suspects fled using a motorcycle (pulsar/fz).,ROAD,VERIFIED,0.97
DHK-2025-0339,2025-11-30,18:29,2025,11,Sunday,18,Snatching,Farmgate - near Farmgate bus stop,ROAD_07,Kazi Nazrul Islam Ave (Farmgate to Karwan Bazar),Farmgate,Tejgaon,23.751755,90.393539,DMP Monthly Blotter,https://dmp.gov.bd/crime-statistics/incident-2025-11-0339,police_report,Motorcyclist,Pepper spray,2,On foot (sprint),Police blotter recorded a swift snatching incident near Farmgate bus stop during Sunday night hours.,ROAD,VERIFIED,0.78
DHK-2025-0205,2025-12-01,22:28,2025,12,Monday,22,Robbery,Mirpur - near Mirpur bus stop,ROAD_34,Mirpur-1 to Gabtoli Highway,Mirpur,Mirpur,23.793545,90.353236,The Daily Star,https://www.thedailystar.net/crime/incident-2025-12-0205,news,Motorcyclist,Firearm / Pistol,2,Motorcycle (Pulsar/FZ),Police blotter recorded a swift snatching incident near Mirpur bus stop during Monday night hours.,ROAD,VERIFIED,0.78
DHK-2025-0107,2025-12-03,17:19,2025,12,Wednesday,17,Snatching,Uttara - along the poorly lit section of Dhaka-Mymensingh Hwy (Jasimuddin to House Building),ROAD_41,Dhaka-Mymensingh Hwy (Jasimuddin to House Building),Uttara,Uttara East,23.867859,90.399091,bdnews24,https://bdnews24.com/bangladesh/incident-2025-12-0107,news,Small shopkeeper,Unarmed / Speed snatch,2,Motorcycle (Pulsar/FZ),A small shopkeeper had their smartphone snatched by 2 perpetrators on a motorcycle (pulsar/fz) along the poorly lit section of Dhaka-Mymensingh Hwy (Jasimuddin to House Building) around 17:19.,INTERSECTION,PROBABLE,0.86
DHK-2025-0053,2025-12-04,14:41,2025,12,Thursday,14,Pickpocketing,Paltan - in front of the commercial complex at Paltan,ROAD_51,Paltan to Sadarghat (Old Dhaka Arterial),Paltan,Paltan,23.724608,90.410709,bdnews24,https://bdnews24.com/bangladesh/incident-2025-12-0053,news,University student,Unarmed / Speed snatch,2,Motorcycle (Pulsar/FZ),Reported incident of pickpocketing involving a university student at in front of the commercial complex at Paltan. Suspects fled using a motorcycle (pulsar/fz).,EXACT,VERIFIED,0.82
DHK-2025-0565,2025-12-05,08:07,2025,12,Friday,8,Snatching,Shahbagh - close to the Shahbagh market square,ROAD_09,Shahbagh to Science Lab (Elephant Road),Shahbagh,Shahbagh,23.739062,90.395762,DMP Monthly Blotter,https://dmp.gov.bd/crime-statistics/incident-2025-12-0565,police_report,Small shopkeeper,Unarmed / Speed snatch,1,Private car,Police blotter recorded a swift snatching incident close to the Shahbagh market square during Friday night hours.,EXACT,VERIFIED,0.95
DHK-2025-0335,2025-12-06,15:26,2025,12,Saturday,15,Mugging,Farmgate - close to the Farmgate market square,ROAD_07,Kazi Nazrul Islam Ave (Farmgate to Karwan Bazar),Farmgate,Tejgaon,23.751898,90.393904,DMP Monthly Blotter,https://dmp.gov.bd/crime-statistics/incident-2025-12-0335,police_report,Rickshaw passenger,Sharp knife (Chhuri),2,Motorcycle (Pulsar/FZ),A rickshaw passenger had their smartphone snatched by 2 perpetrators on a motorcycle (pulsar/fz) close to the Farmgate market square around 15:26.,INTERSECTION,PROBABLE,0.84
DHK-2025-0671,2025-12-07,13:48,2025,12,Sunday,13,Snatching,Badda - under the Badda footover bridge,ROAD_22,Pragiti Sarani (Badda Link to Rampura Bridge),Badda,Badda,23.763058,90.425472,The Business Standard,https://tbsnews.net/bangladesh/crime/incident-2025-12-0671,news,Small shopkeeper,Firearm / Pistol,1,Motorcycle (Pulsar/FZ),"Muggers armed with a firearm / pistol intercepted a small shopkeeper under the Badda footover bridge, fleeing with cash and bag.",ROAD,VERIFIED,0.95
DHK-2025-1188,2025-12-10,16:31,2025,12,Wednesday,16,Snatching,Shyamoli - along the poorly lit section of Mirpur Road (Shyamoli to Mirpur-1),ROAD_30,Mirpur Road (Shyamoli to Mirpur-1),Shyamoli,Adabor,23.774753,90.361692,The Daily Star,https://www.thedailystar.net/crime/incident-2025-12-1188,news,Female commuter,Sharp knife (Chhuri),1,On foot (sprint),Reported incident of snatching involving a female commuter at along the poorly lit section of Mirpur Road (Shyamoli to Mirpur-1). Suspects fled using a on foot (sprint).,INTERSECTION,VERIFIED,0.92
DHK-2025-0659,2025-12-11,06:21,2025,12,Thursday,6,Pickpocketing,Motijheel - in front of the commercial complex at Motijheel,ROAD_49,Motijheel to Sayedabad Bus Terminal,Motijheel,Motijheel,23.72695,90.419881,The Daily Star,https://www.thedailystar.net/crime/incident-2025-12-0659,news,Pedestrian,Sharp knife (Chhuri),2,Motorcycle (Pulsar/FZ),Reported incident of pickpocketing involving a pedestrian at in front of the commercial complex at Motijheel. Suspects fled using a motorcycle (pulsar/fz).,EXACT,VERIFIED,0.85
DHK-2025-1100,2025-12-11,23:24,2025,12,Thursday,23,Mugging,Mirpur - close to the Mirpur market square,ROAD_32,Mirpur-10 to Mirpur-11 Strip,Mirpur,Mirpur,23.812448,90.367008,The Business Standard,https://tbsnews.net/bangladesh/crime/incident-2025-12-1100,news,Office worker,Sharp knife (Chhuri),3,On foot (sprint),Police blotter recorded a swift snatching incident close to the Mirpur market square during Thursday night hours.,INTERSECTION,VERIFIED,0.91
DHK-2025-0501,2025-12-12,21:39,2025,12,Friday,21,Pickpocketing,Banani - near Banani bus stop,ROAD_18,Banani Road 11 (Commercial Strip),Banani,Banani,23.793063,90.408187,DMP Monthly Blotter,https://dmp.gov.bd/crime-statistics/incident-2025-12-0501,police_report,Office worker,Sharp knife (Chhuri),1,CNG auto-rickshaw,"Muggers armed with a sharp knife (chhuri) intercepted a office worker near Banani bus stop, fleeing with cash and bag.",INTERSECTION,UNCONFIRMED,0.63
DHK-2025-0149,2025-12-13,20:34,2025,12,Saturday,20,Snatching,Baridhara - near Baridhara bus stop,ROAD_21,Pragiti Sarani (Notun Bazar to Badda Link),Baridhara,Bhatara,23.788393,90.42671,bdnews24,https://bdnews24.com/bangladesh/incident-2025-12-0149,news,Small shopkeeper,Sharp knife (Chhuri),2,Motorcycle (Pulsar/FZ),Police blotter recorded a swift snatching incident near Baridhara bus stop during Saturday night hours.,ROAD,VERIFIED,0.98
DHK-2025-0992,2025-12-16,17:44,2025,12,Tuesday,17,Snatching,Kakrail - in front of the commercial complex at Kakrail,ROAD_43,Kakrail to Paltan Intersection,Kakrail,Ramna,23.730918,90.41017,bdnews24,https://bdnews24.com/bangladesh/incident-2025-12-0992,news,Small shopkeeper,Unarmed / Speed snatch,4,CNG auto-rickshaw,A small shopkeeper had their smartphone snatched by 4 perpetrators on a cng auto-rickshaw in front of the commercial complex at Kakrail around 17:44.,ROAD,VERIFIED,0.82
DHK-2025-1061,2025-12-16,20:32,2025,12,Tuesday,20,Snatching,Dhanmondi - near the intersection approaching New Market Nilkhet,ROAD_10,Science Lab to Nilkhet / New Market,Dhanmondi,New Market,23.734076,90.383816,bdnews24,https://bdnews24.com/bangladesh/incident-2025-12-1061,news,Office worker,Sharp knife (Chhuri),2,Motorcycle (Pulsar/FZ),A office worker had their smartphone snatched by 2 perpetrators on a motorcycle (pulsar/fz) near the intersection approaching New Market Nilkhet around 20:32.,INTERSECTION,VERIFIED,0.96
DHK-2025-0204,2025-12-17,00:45,2025,12,Wednesday,0,Snatching,Shyamoli - under the Shyamoli footover bridge,ROAD_30,Mirpur Road (Shyamoli to Mirpur-1),Shyamoli,Adabor,23.780061,90.359511,Daily Sun,https://www.daily-sun.com/post/crime/incident-2025-12-0204,news,Motorcyclist,Iron rod,3,Private car,"Muggers armed with a iron rod intercepted a motorcyclist under the Shyamoli footover bridge, fleeing with cash and bag.",EXACT,UNCONFIRMED,0.53
DHK-2025-0792,2025-12-17,18:20,2025,12,Wednesday,18,Robbery,Motijheel - under the Motijheel footover bridge,ROAD_49,Motijheel to Sayedabad Bus Terminal,Motijheel,Motijheel,23.722479,90.42349,DMP Monthly Blotter,https://dmp.gov.bd/crime-statistics/incident-2025-12-0792,police_report,Rickshaw passenger,Sharp knife (Chhuri),2,On foot (sprint),"Muggers armed with a sharp knife (chhuri) intercepted a rickshaw passenger under the Motijheel footover bridge, fleeing with cash and bag.",ROAD,PROBABLE,0.81
DHK-2025-0552,2025-12-19,14:05,2025,12,Friday,14,Theft,Mirpur - near the intersection approaching Mirpur 10 Roundabout,ROAD_31,Mirpur-1 to Mirpur-10 Connector,Mirpur,Mirpur,23.800917,90.361273,The Business Standard,https://tbsnews.net/bangladesh/crime/incident-2025-12-0552,news,Female commuter,Unarmed / Speed snatch,2,On foot (sprint),Reported incident of theft involving a female commuter at near the intersection approaching Mirpur 10 Roundabout. Suspects fled using a on foot (sprint).,INTERSECTION,VERIFIED,0.81
DHK-2025-0526,2025-12-20,06:19,2025,12,Saturday,6,Snatching,Banani - close to the Banani market square,ROAD_18,Banani Road 11 (Commercial Strip),Banani,Banani,23.793403,90.405929,Prothom Alo,https://en.prothomalo.com/bangladesh/crime-and-law/incident-2025-12-0526,news,Office worker,Unarmed / Speed snatch,2,Motorcycle (Pulsar/FZ),Reported incident of snatching involving a office worker at close to the Banani market square. Suspects fled using a motorcycle (pulsar/fz).,ROAD,VERIFIED,0.8
DHK-2025-0666,2025-12-20,22:40,2025,12,Saturday,22,Robbery,Dhanmondi - near the intersection approaching New Market Nilkhet,ROAD_10,Science Lab to Nilkhet / New Market,Dhanmondi,New Market,23.733422,90.384128,Dhaka Tribune,https://www.dhakatribune.com/bangladesh/crime/incident-2025-12-0666,news,Small shopkeeper,Sharp knife (Chhuri),1,On foot (sprint),"Muggers armed with a sharp knife (chhuri) intercepted a small shopkeeper near the intersection approaching New Market Nilkhet, fleeing with cash and bag.",INTERSECTION,VERIFIED,0.88
DHK-2025-0623,2025-12-21,19:06,2025,12,Sunday,19,Snatching,Mirpur - in front of the commercial complex at Mirpur,ROAD_31,Mirpur-1 to Mirpur-10 Connector,Mirpur,Mirpur,23.802645,90.363266,DMP Monthly Blotter,https://dmp.gov.bd/crime-statistics/incident-2025-12-0623,police_report,Rickshaw passenger,Paper cutter,2,On foot (sprint),"Muggers armed with a paper cutter intercepted a rickshaw passenger in front of the commercial complex at Mirpur, fleeing with cash and bag.",EXACT,VERIFIED,0.81
DHK-2025-0109,2025-12-22,18:18,2025,12,Monday,18,Theft,Mirpur - in front of the commercial complex at Mirpur,ROAD_34,Mirpur-1 to Gabtoli Highway,Mirpur,Mirpur,23.790072,90.350583,The Business Standard,https://tbsnews.net/bangladesh/crime/incident-2025-12-0109,news,Pedestrian,Unarmed / Speed snatch,4,Motorcycle (Pulsar/FZ),"Muggers armed with a unarmed / speed snatch intercepted a pedestrian in front of the commercial complex at Mirpur, fleeing with cash and bag.",INTERSECTION,VERIFIED,0.85
DHK-2025-0407,2025-12-22,23:30,2025,12,Monday,23,Robbery,Sayedabad - close to the Sayedabad market square,ROAD_50,Sayedabad to Jatrabari Flyover Entrance,Sayedabad,Jatrabari,23.711208,90.435272,The Daily Star,https://www.thedailystar.net/crime/incident-2025-12-0407,news,Pedestrian,Sharp knife (Chhuri),4,CNG auto-rickshaw,Police blotter recorded a swift snatching incident close to the Sayedabad market square during Monday night hours.,INTERSECTION,VERIFIED,0.81
DHK-2025-0699,2025-12-23,20:30,2025,12,Tuesday,20,Snatching,Baridhara - close to the Baridhara market square,ROAD_21,Pragiti Sarani (Notun Bazar to Badda Link),Baridhara,Bhatara,23.789653,90.426126,Daily Sun,https://www.daily-sun.com/post/crime/incident-2025-12-0699,news,Female commuter,Paper cutter,3,Motorcycle (Pulsar/FZ),Police blotter recorded a swift snatching incident close to the Baridhara market square during Tuesday night hours.,EXACT,VERIFIED,0.9
DHK-2025-0599,2025-12-24,18:40,2025,12,Wednesday,18,Mugging,Farmgate - close to the Farmgate market square,ROAD_07,Kazi Nazrul Islam Ave (Farmgate to Karwan Bazar),Farmgate,Tejgaon,23.755296,90.390894,The Business Standard,https://tbsnews.net/bangladesh/crime/incident-2025-12-0599,news,Small shopkeeper,Pepper spray,2,CNG auto-rickshaw,Reported incident of mugging involving a small shopkeeper at close to the Farmgate market square. Suspects fled using a cng auto-rickshaw.,ROAD,VERIFIED,0.81
DHK-2025-0934,2025-12-24,22:35,2025,12,Wednesday,22,Snatching,Sayedabad - in front of the commercial complex at Sayedabad,ROAD_50,Sayedabad to Jatrabari Flyover Entrance,Sayedabad,Jatrabari,23.712831,90.432959,Dhaka Tribune,https://www.dhakatribune.com/bangladesh/crime/incident-2025-12-0934,news,Female commuter,Sharp knife (Chhuri),1,Motorcycle (Pulsar/FZ),"Muggers armed with a sharp knife (chhuri) intercepted a female commuter in front of the commercial complex at Sayedabad, fleeing with cash and bag.",ROAD,PROBABLE,0.9
DHK-2025-0484,2025-12-25,00:51,2025,12,Thursday,0,Snatching,Tejgaon - in front of the commercial complex at Tejgaon,ROAD_26,Tejgaon Industrial to Farmgate Link,Tejgaon,Tejgaon Industrial,23.762297,90.3983,Dhaka Tribune,https://www.dhakatribune.com/bangladesh/crime/incident-2025-12-0484,news,Female commuter,Sharp knife (Chhuri),1,CNG auto-rickshaw,Police blotter recorded a swift snatching incident in front of the commercial complex at Tejgaon during Thursday night hours.,EXACT,VERIFIED,0.89
DHK-2025-0642,2025-12-25,21:43,2025,12,Thursday,21,Robbery,Badda - in front of the commercial complex at Badda,ROAD_22,Pragiti Sarani (Badda Link to Rampura Bridge),Badda,Badda,23.765694,90.425995,Prothom Alo,https://en.prothomalo.com/bangladesh/crime-and-law/incident-2025-12-0642,news,Small shopkeeper,Sharp knife (Chhuri),4,On foot (sprint),A small shopkeeper had their smartphone snatched by 4 perpetrators on a on foot (sprint) in front of the commercial complex at Badda around 21:43.,INTERSECTION,PROBABLE,0.79
DHK-2025-0791,2025-12-28,02:38,2025,12,Sunday,2,Mugging,Mirpur - under the Mirpur footover bridge,ROAD_31,Mirpur-1 to Mirpur-10 Connector,Mirpur,Mirpur,23.798899,90.358641,The Daily Star,https://www.thedailystar.net/crime/incident-2025-12-0791,news,Female commuter,Unarmed / Speed snatch,2,Motorcycle (Pulsar/FZ),Police blotter recorded a swift snatching incident under the Mirpur footover bridge during Sunday night hours.,EXACT,VERIFIED,0.76
DHK-2025-0045,2025-12-29,10:01,2025,12,Monday,10,Snatching,Mogbazar - under the Mogbazar footover bridge,ROAD_46,Mogbazar to Mouchak Flyover,Mogbazar,Ramna,23.747334,90.410993,The Daily Star,https://www.thedailystar.net/crime/incident-2025-12-0045,news,Office worker,Sharp knife (Chhuri),2,Motorcycle (Pulsar/FZ),Police blotter recorded a swift snatching incident under the Mogbazar footover bridge during Monday night hours.,AREA,PROBABLE,0.79
DHK-2025-0800,2025-12-29,13:36,2025,12,Monday,13,Robbery,Nilkhet - near the intersection approaching Sadarghat Launch Terminal,ROAD_52,New Market to Sadarghat Riverfront Connector,Nilkhet,New Market,23.731005,90.386077,Daily Sun,https://www.daily-sun.com/post/crime/incident-2025-12-0800,news,Rickshaw passenger,Sharp knife (Chhuri),4,On foot (sprint),Reported incident of robbery involving a rickshaw passenger at near the intersection approaching Sadarghat Launch Terminal. Suspects fled using a on foot (sprint).,ROAD,VERIFIED,0.95
DHK-2025-0940,2025-12-30,01:47,2025,12,Tuesday,1,Mugging,Motijheel - near the intersection approaching Sayedabad Bus Terminal,ROAD_49,Motijheel to Sayedabad Bus Terminal,Motijheel,Motijheel,23.723483,90.422892,Daily Sun,https://www.daily-sun.com/post/crime/incident-2025-12-0940,news,Motorcyclist,Unarmed / Speed snatch,4,Motorcycle (Pulsar/FZ),A motorcyclist had their smartphone snatched by 4 perpetrators on a motorcycle (pulsar/fz) near the intersection approaching Sayedabad Bus Terminal around 01:47.,INTERSECTION,VERIFIED,0.89
DHK-2026-0610,2026-01-01,19:59,2026,1,Thursday,19,Snatching,Badda - near Badda bus stop,ROAD_22,Pragiti Sarani (Badda Link to Rampura Bridge),Badda,Badda,23.762828,90.425407,The Daily Star,https://www.thedailystar.net/crime/incident-2026-01-0610,news,Office worker,Paper cutter,4,Motorcycle (Pulsar/FZ),Reported incident of snatching involving a office worker at near Badda bus stop. Suspects fled using a motorcycle (pulsar/fz).,ROAD,PROBABLE,0.87
DHK-2026-0059,2026-01-02,00:48,2026,1,Friday,0,Theft,Badda - near the intersection approaching Rampura Bridge,ROAD_22,Pragiti Sarani (Badda Link to Rampura Bridge),Badda,Badda,23.767324,90.426573,Prothom Alo,https://en.prothomalo.com/bangladesh/crime-and-law/incident-2026-01-0059,news,Office worker,Sharp knife (Chhuri),3,Motorcycle (Pulsar/FZ),Reported incident of theft involving a office worker at near the intersection approaching Rampura Bridge. Suspects fled using a motorcycle (pulsar/fz).,AREA,UNCONFIRMED,0.7
DHK-2026-0288,2026-01-03,00:34,2026,1,Saturday,0,Snatching,Mirpur - near the intersection approaching Mirpur 10 Roundabout,ROAD_29,Begum Rokeya Sarani (Kazipara to Mirpur-10),Mirpur,Kafrul,23.801491,90.369538,DMP Monthly Blotter,https://dmp.gov.bd/crime-statistics/incident-2026-01-0288,police_report,Rickshaw passenger,Unarmed / Speed snatch,2,Motorcycle (Pulsar/FZ),Reported incident of snatching involving a rickshaw passenger at near the intersection approaching Mirpur 10 Roundabout. Suspects fled using a motorcycle (pulsar/fz).,INTERSECTION,VERIFIED,0.84
DHK-2026-0921,2026-01-03,00:50,2026,1,Saturday,0,Mugging,Gulshan - in front of the commercial complex at Gulshan,ROAD_16,Gulshan Avenue (Gulshan-1 to Gulshan-2),Gulshan,Gulshan,23.78992,90.416074,DMP Monthly Blotter,https://dmp.gov.bd/crime-statistics/incident-2026-01-0921,police_report,Motorcyclist,Sharp knife (Chhuri),4,On foot (sprint),A motorcyclist had their smartphone snatched by 4 perpetrators on a on foot (sprint) in front of the commercial complex at Gulshan around 00:50.,INTERSECTION,UNCONFIRMED,0.65
DHK-2026-1120,2026-01-03,04:36,2026,1,Saturday,4,Robbery,Motijheel - near Motijheel bus stop,ROAD_49,Motijheel to Sayedabad Bus Terminal,Motijheel,Motijheel,23.727109,90.419728,Dhaka Tribune,https://www.dhakatribune.com/bangladesh/crime/incident-2026-01-1120,news,Small shopkeeper,Paper cutter,1,On foot (sprint),A small shopkeeper had their smartphone snatched by 1 perpetrators on a on foot (sprint) near Motijheel bus stop around 04:36.,INTERSECTION,PROBABLE,0.78
DHK-2026-0615,2026-01-03,19:09,2026,1,Saturday,19,Snatching,Tejgaon - in front of the commercial complex at Tejgaon,ROAD_26,Tejgaon Industrial to Farmgate Link,Tejgaon,Tejgaon Industrial,23.758782,90.392258,The Business Standard,https://tbsnews.net/bangladesh/crime/incident-2026-01-0615,news,Rickshaw passenger,Unarmed / Speed snatch,2,CNG auto-rickshaw,A rickshaw passenger had their smartphone snatched by 2 perpetrators on a cng auto-rickshaw in front of the commercial complex at Tejgaon around 19:09.,INTERSECTION,PROBABLE,0.86
DHK-2026-0494,2026-01-03,20:50,2026,1,Saturday,20,Snatching,Mohammadpur - close to the Mohammadpur market square,ROAD_35,Mohammadpur Beribadh Outer Road,Mohammadpur,Mohammadpur,23.758107,90.347783,DMP Monthly Blotter,https://dmp.gov.bd/crime-statistics/incident-2026-01-0494,police_report,Small shopkeeper,Unarmed / Speed snatch,4,Motorcycle (Pulsar/FZ),Police blotter recorded a swift snatching incident close to the Mohammadpur market square during Saturday night hours.,INTERSECTION,VERIFIED,0.92
DHK-2026-0250,2026-01-04,15:38,2026,1,Sunday,15,Robbery,Kalabagan - under the Kalabagan footover bridge,ROAD_02,Mirpur Road (Kalabagan to Russell Square),Kalabagan,Kalabagan,23.749006,90.378885,The Business Standard,https://tbsnews.net/bangladesh/crime/incident-2026-01-0250,news,Office worker,Sharp knife (Chhuri),2,Motorcycle (Pulsar/FZ),A office worker had their smartphone snatched by 2 perpetrators on a motorcycle (pulsar/fz) under the Kalabagan footover bridge around 15:38.,ROAD,VERIFIED,0.88
DHK-2026-0258,2026-01-04,23:11,2026,1,Sunday,23,Mugging,Kalabagan - near the intersection approaching Russell Square / Dhanmondi 32,ROAD_02,Mirpur Road (Kalabagan to Russell Square),Kalabagan,Kalabagan,23.747684,90.379037,The Business Standard,https://tbsnews.net/bangladesh/crime/incident-2026-01-0258,news,Small shopkeeper,Sharp knife (Chhuri),2,Motorcycle (Pulsar/FZ),Reported incident of mugging involving a small shopkeeper at near the intersection approaching Russell Square / Dhanmondi 32. Suspects fled using a motorcycle (pulsar/fz).,INTERSECTION,PROBABLE,0.89
DHK-2026-0406,2026-01-04,23:25,2026,1,Sunday,23,Snatching,Sayedabad - close to the Sayedabad market square,ROAD_50,Sayedabad to Jatrabari Flyover Entrance,Sayedabad,Jatrabari,23.714465,90.430288,Prothom Alo,https://en.prothomalo.com/bangladesh/crime-and-law/incident-2026-01-0406,news,Female commuter,Pepper spray,2,Motorcycle (Pulsar/FZ),"Muggers armed with a pepper spray intercepted a female commuter close to the Sayedabad market square, fleeing with cash and bag.",INTERSECTION,PROBABLE,0.97
DHK-2026-0798,2026-01-05,00:27,2026,1,Monday,0,Snatching,Tejgaon - close to the Tejgaon market square,ROAD_26,Tejgaon Industrial to Farmgate Link,Tejgaon,Tejgaon Industrial,23.757323,90.38942,Daily Sun,https://www.daily-sun.com/post/crime/incident-2026-01-0798,news,University student,Unarmed / Speed snatch,3,On foot (sprint),"Muggers armed with a unarmed / speed snatch intercepted a university student close to the Tejgaon market square, fleeing with cash and bag.",INTERSECTION,VERIFIED,0.75
DHK-2026-0099,2026-01-05,10:08,2026,1,Monday,10,Mugging,Mirpur - near the intersection approaching Mirpur 11 Bus Stand,ROAD_32,Mirpur-10 to Mirpur-11 Strip,Mirpur,Mirpur,23.811198,90.367798,The Business Standard,https://tbsnews.net/bangladesh/crime/incident-2026-01-0099,news,Motorcyclist,Sharp knife (Chhuri),2,Motorcycle (Pulsar/FZ),"Muggers armed with a sharp knife (chhuri) intercepted a motorcyclist near the intersection approaching Mirpur 11 Bus Stand, fleeing with cash and bag.",INTERSECTION,VERIFIED,0.95
DHK-2026-1261,2026-01-05,23:07,2026,1,Monday,23,Snatching,Dhanmondi - along the poorly lit section of Dhanmondi 27 Inner Connector,ROAD_05,Dhanmondi 27 Inner Connector,Dhanmondi,Dhanmondi,23.758303,90.36494,The Business Standard,https://tbsnews.net/bangladesh/crime/incident-2026-01-1261,news,Pedestrian,Sharp knife (Chhuri),2,CNG auto-rickshaw,A pedestrian had their smartphone snatched by 2 perpetrators on a cng auto-rickshaw along the poorly lit section of Dhanmondi 27 Inner Connector around 23:07.,INTERSECTION,VERIFIED,0.82
DHK-2026-1192,2026-01-06,16:29,2026,1,Tuesday,16,Mugging,Mirpur - in front of the commercial complex at Mirpur,ROAD_29,Begum Rokeya Sarani (Kazipara to Mirpur-10),Mirpur,Kafrul,23.797371,90.370488,Dhaka Tribune,https://www.dhakatribune.com/bangladesh/crime/incident-2026-01-1192,news,Pedestrian,Unarmed / Speed snatch,2,On foot (sprint),"Muggers armed with a unarmed / speed snatch intercepted a pedestrian in front of the commercial complex at Mirpur, fleeing with cash and bag.",EXACT,VERIFIED,0.83
DHK-2026-0031,2026-01-07,20:43,2026,1,Wednesday,20,Mugging,Mirpur - in front of the commercial complex at Mirpur,ROAD_31,Mirpur-1 to Mirpur-10 Connector,Mirpur,Mirpur,23.803778,90.364534,Prothom Alo,https://en.prothomalo.com/bangladesh/crime-and-law/incident-2026-01-0031,news,University student,Sharp knife (Chhuri),1,On foot (sprint),Reported incident of mugging involving a university student at in front of the commercial complex at Mirpur. Suspects fled using a on foot (sprint).,EXACT,VERIFIED,0.89
DHK-2026-0471,2026-01-07,22:11,2026,1,Wednesday,22,Snatching,Dhanmondi - along the poorly lit section of Dhanmondi 27 Inner Connector,ROAD_05,Dhanmondi 27 Inner Connector,Dhanmondi,Dhanmondi,23.759928,90.362644,DMP Monthly Blotter,https://dmp.gov.bd/crime-statistics/incident-2026-01-0471,police_report,University student,Firearm / Pistol,4,Private car,A university student had their smartphone snatched by 4 perpetrators on a private car along the poorly lit section of Dhanmondi 27 Inner Connector around 22:11.,EXACT,VERIFIED,0.84
DHK-2026-0753,2026-01-08,17:12,2026,1,Thursday,17,Snatching,Nilkhet - under the Nilkhet footover bridge,ROAD_52,New Market to Sadarghat Riverfront Connector,Nilkhet,New Market,23.731009,90.3862,bdnews24,https://bdnews24.com/bangladesh/incident-2026-01-0753,news,Pedestrian,Firearm / Pistol,1,CNG auto-rickshaw,"Muggers armed with a firearm / pistol intercepted a pedestrian under the Nilkhet footover bridge, fleeing with cash and bag.",INTERSECTION,VERIFIED,0.92
DHK-2026-0479,2026-01-09,07:11,2026,1,Friday,7,Snatching,Gulshan - in front of the commercial complex at Gulshan,ROAD_16,Gulshan Avenue (Gulshan-1 to Gulshan-2),Gulshan,Gulshan,23.786868,90.416522,DMP Monthly Blotter,https://dmp.gov.bd/crime-statistics/incident-2026-01-0479,police_report,University student,Sharp knife (Chhuri),3,Motorcycle (Pulsar/FZ),Reported incident of snatching involving a university student at in front of the commercial complex at Gulshan. Suspects fled using a motorcycle (pulsar/fz).,INTERSECTION,PROBABLE,0.96
DHK-2026-0047,2026-01-09,10:03,2026,1,Friday,10,Pickpocketing,Mirpur - near Mirpur bus stop,ROAD_34,Mirpur-1 to Gabtoli Highway,Mirpur,Mirpur,23.783911,90.347091,Daily Sun,https://www.daily-sun.com/post/crime/incident-2026-01-0047,news,Office worker,Pepper spray,1,On foot (sprint),"Muggers armed with a pepper spray intercepted a office worker near Mirpur bus stop, fleeing with cash and bag.",INTERSECTION,VERIFIED,0.8
DHK-2026-0209,2026-01-09,20:08,2026,1,Friday,20,Snatching,Mohammadpur - under the Mohammadpur footover bridge,ROAD_35,Mohammadpur Beribadh Outer Road,Mohammadpur,Mohammadpur,23.773861,90.347154,DMP Monthly Blotter,https://dmp.gov.bd/crime-statistics/incident-2026-01-0209,police_report,University student,Paper cutter,3,Motorcycle (Pulsar/FZ),"Muggers armed with a paper cutter intercepted a university student under the Mohammadpur footover bridge, fleeing with cash and bag.",ROAD,VERIFIED,0.94
DHK-2026-1111,2026-01-12,20:21,2026,1,Monday,20,Snatching,Shyamoli - in front of the commercial complex at Shyamoli,ROAD_30,Mirpur Road (Shyamoli to Mirpur-1),Shyamoli,Adabor,23.771929,90.362671,Daily Sun,https://www.daily-sun.com/post/crime/incident-2026-01-1111,news,Female commuter,Sharp knife (Chhuri),2,Motorcycle (Pulsar/FZ),Reported incident of snatching involving a female commuter at in front of the commercial complex at Shyamoli. Suspects fled using a motorcycle (pulsar/fz).,EXACT,VERIFIED,0.77
DHK-2026-0998,2026-01-14,07:06,2026,1,Wednesday,7,Robbery,Dhanmondi - under the Dhanmondi footover bridge,ROAD_03,Mirpur Road (Russell Square to Asad Gate),Dhanmondi,Dhanmondi,23.751687,90.37771,Prothom Alo,https://en.prothomalo.com/bangladesh/crime-and-law/incident-2026-01-0998,news,Rickshaw passenger,Unarmed / Speed snatch,3,CNG auto-rickshaw,A rickshaw passenger had their smartphone snatched by 3 perpetrators on a cng auto-rickshaw under the Dhanmondi footover bridge around 07:06.,ROAD,VERIFIED,0.81
DHK-2026-1178,2026-01-14,20:38,2026,1,Wednesday,20,Mugging,Karwan Bazar - close to the Karwan Bazar market square,ROAD_08,Kazi Nazrul Islam Ave (Karwan Bazar to Shahbagh),Karwan Bazar,Tejgaon,23.739594,90.395599,bdnews24,https://bdnews24.com/bangladesh/incident-2026-01-1178,news,Rickshaw passenger,Sharp knife (Chhuri),3,Motorcycle (Pulsar/FZ),Reported incident of mugging involving a rickshaw passenger at close to the Karwan Bazar market square. Suspects fled using a motorcycle (pulsar/fz).,INTERSECTION,VERIFIED,0.85
DHK-2026-0865,2026-01-14,23:25,2026,1,Wednesday,23,Robbery,Malibagh - near Malibagh bus stop,ROAD_47,Mouchak to Khilgaon Flyover,Malibagh,Shahjahanpur,23.751467,90.422126,Prothom Alo,https://en.prothomalo.com/bangladesh/crime-and-law/incident-2026-01-0865,news,Female commuter,Iron rod,2,Motorcycle (Pulsar/FZ),Police blotter recorded a swift snatching incident near Malibagh bus stop during Wednesday night hours.,INTERSECTION,PROBABLE,0.9
DHK-2026-1132,2026-01-16,02:18,2026,1,Friday,2,Snatching,Farmgate - close to the Farmgate market square,ROAD_07,Kazi Nazrul Islam Ave (Farmgate to Karwan Bazar),Farmgate,Tejgaon,23.755114,90.390822,Prothom Alo,https://en.prothomalo.com/bangladesh/crime-and-law/incident-2026-01-1132,news,Female commuter,Paper cutter,4,On foot (sprint),A female commuter had their smartphone snatched by 4 perpetrators on a on foot (sprint) close to the Farmgate market square around 02:18.,EXACT,VERIFIED,0.78
DHK-2026-0426,2026-01-18,22:57,2026,1,Sunday,22,Snatching,Dhanmondi - near the intersection approaching Asad Gate,ROAD_03,Mirpur Road (Russell Square to Asad Gate),Dhanmondi,Dhanmondi,23.759173,90.371374,Prothom Alo,https://en.prothomalo.com/bangladesh/crime-and-law/incident-2026-01-0426,news,University student,Pepper spray,2,Private car,Reported incident of snatching involving a university student at near the intersection approaching Asad Gate. Suspects fled using a private car.,INTERSECTION,VERIFIED,0.78
DHK-2026-1205,2026-01-22,02:51,2026,1,Thursday,2,Snatching,Baridhara - in front of the commercial complex at Baridhara,ROAD_21,Pragiti Sarani (Notun Bazar to Badda Link),Baridhara,Bhatara,23.796292,90.425252,The Business Standard,https://tbsnews.net/bangladesh/crime/incident-2026-01-1205,news,Rickshaw passenger,Firearm / Pistol,4,Motorcycle (Pulsar/FZ),"Muggers armed with a firearm / pistol intercepted a rickshaw passenger in front of the commercial complex at Baridhara, fleeing with cash and bag.",ROAD,UNCONFIRMED,0.67
DHK-2026-0541,2026-01-24,12:08,2026,1,Saturday,12,Snatching,Rampura - under the Rampura footover bridge,ROAD_23,Hatirjheel Bypass (Rampura to Karwan Bazar),Rampura,Rampura,23.758292,90.412755,bdnews24,https://bdnews24.com/bangladesh/incident-2026-01-0541,news,Motorcyclist,Unarmed / Speed snatch,4,CNG auto-rickshaw,Police blotter recorded a swift snatching incident under the Rampura footover bridge during Saturday night hours.,EXACT,VERIFIED,0.77
DHK-2026-0402,2026-01-24,16:47,2026,1,Saturday,16,Mugging,Shahbagh - in front of the commercial complex at Shahbagh,ROAD_09,Shahbagh to Science Lab (Elephant Road),Shahbagh,Shahbagh,23.739388,90.388617,Prothom Alo,https://en.prothomalo.com/bangladesh/crime-and-law/incident-2026-01-0402,news,University student,Sharp knife (Chhuri),2,On foot (sprint),A university student had their smartphone snatched by 2 perpetrators on a on foot (sprint) in front of the commercial complex at Shahbagh around 16:47.,ROAD,VERIFIED,0.79
DHK-2026-1095,2026-01-24,19:16,2026,1,Saturday,19,Snatching,Mirpur - under the Mirpur footover bridge,ROAD_29,Begum Rokeya Sarani (Kazipara to Mirpur-10),Mirpur,Kafrul,23.804612,90.369251,DMP Monthly Blotter,https://dmp.gov.bd/crime-statistics/incident-2026-01-1095,police_report,Pedestrian,Paper cutter,2,CNG auto-rickshaw,A pedestrian had their smartphone snatched by 2 perpetrators on a cng auto-rickshaw under the Mirpur footover bridge around 19:16.,INTERSECTION,VERIFIED,0.79
DHK-2026-0203,2026-01-29,23:58,2026,1,Thursday,23,Snatching,Mirpur - in front of the commercial complex at Mirpur,ROAD_31,Mirpur-1 to Mirpur-10 Connector,Mirpur,Mirpur,23.800672,90.360925,Dhaka Tribune,https://www.dhakatribune.com/bangladesh/crime/incident-2026-01-0203,news,Small shopkeeper,Sharp knife (Chhuri),2,Motorcycle (Pulsar/FZ),A small shopkeeper had their smartphone snatched by 2 perpetrators on a motorcycle (pulsar/fz) in front of the commercial complex at Mirpur around 23:58.,AREA,VERIFIED,0.87
DHK-2026-0453,2026-01-30,17:18,2026,1,Friday,17,Theft,Dhanmondi - under the Dhanmondi footover bridge,ROAD_05,Dhanmondi 27 Inner Connector,Dhanmondi,Dhanmondi,23.758346,90.364622,Prothom Alo,https://en.prothomalo.com/bangladesh/crime-and-law/incident-2026-01-0453,news,Small shopkeeper,Sharp knife (Chhuri),2,CNG auto-rickshaw,"Muggers armed with a sharp knife (chhuri) intercepted a small shopkeeper under the Dhanmondi footover bridge, fleeing with cash and bag.",INTERSECTION,VERIFIED,0.85
DHK-2026-0405,2026-01-31,00:22,2026,1,Saturday,0,Robbery,Tejgaon - near the intersection approaching Gulshan 1 Circle,ROAD_25,Tejgaon-Gulshan Link Road,Tejgaon,Tejgaon Industrial,23.765667,90.403123,Dhaka Tribune,https://www.dhakatribune.com/bangladesh/crime/incident-2026-01-0405,news,Motorcyclist,Paper cutter,1,Motorcycle (Pulsar/FZ),"Muggers armed with a paper cutter intercepted a motorcyclist near the intersection approaching Gulshan 1 Circle, fleeing with cash and bag.",INTERSECTION,VERIFIED,0.85
DHK-2026-0247,2026-01-31,02:01,2026,1,Saturday,2,Mugging,Baridhara - in front of the commercial complex at Baridhara,ROAD_21,Pragiti Sarani (Notun Bazar to Badda Link),Baridhara,Bhatara,23.77894,90.428451,bdnews24,https://bdnews24.com/bangladesh/incident-2026-01-0247,news,Small shopkeeper,Sharp knife (Chhuri),2,Motorcycle (Pulsar/FZ),A small shopkeeper had their smartphone snatched by 2 perpetrators on a motorcycle (pulsar/fz) in front of the commercial complex at Baridhara around 02:01.,AREA,PROBABLE,0.94
DHK-2026-0073,2026-01-31,04:02,2026,1,Saturday,4,Theft,Mohammadpur - near Mohammadpur bus stop,ROAD_35,Mohammadpur Beribadh Outer Road,Mohammadpur,Mohammadpur,23.768079,90.347439,Daily Sun,https://www.daily-sun.com/post/crime/incident-2026-01-0073,news,University student,Unarmed / Speed snatch,3,Leguna van,Police blotter recorded a swift snatching incident near Mohammadpur bus stop during Saturday night hours.,ROAD,VERIFIED,0.85
DHK-2026-0307,2026-01-31,11:15,2026,1,Saturday,11,Robbery,Mohammadpur - under the Mohammadpur footover bridge,ROAD_36,Town Hall to Beribadh Link,Mohammadpur,Mohammadpur,23.759469,90.361393,The Daily Star,https://www.thedailystar.net/crime/incident-2026-01-0307,news,Pedestrian,Unarmed / Speed snatch,1,Motorcycle (Pulsar/FZ),"Muggers armed with a unarmed / speed snatch intercepted a pedestrian under the Mohammadpur footover bridge, fleeing with cash and bag.",INTERSECTION,VERIFIED,0.8
DHK-2026-0058,2026-02-01,02:21,2026,2,Sunday,2,Theft,Uttara - under the Uttara footover bridge,ROAD_41,Dhaka-Mymensingh Hwy (Jasimuddin to House Building),Uttara,Uttara East,23.86649,90.399504,Dhaka Tribune,https://www.dhakatribune.com/bangladesh/crime/incident-2026-02-0058,news,Pedestrian,Firearm / Pistol,4,CNG auto-rickshaw,Reported incident of theft involving a pedestrian at under the Uttara footover bridge. Suspects fled using a cng auto-rickshaw.,INTERSECTION,PROBABLE,0.78
DHK-2026-0228,2026-02-03,20:26,2026,2,Tuesday,20,Pickpocketing,Mohakhali - in front of the commercial complex at Mohakhali,ROAD_37,Dhaka-Mymensingh Hwy (Mohakhali to Banani),Mohakhali,Banani,23.777808,90.400409,Prothom Alo,https://en.prothomalo.com/bangladesh/crime-and-law/incident-2026-02-0228,news,Pedestrian,Sharp knife (Chhuri),3,Motorcycle (Pulsar/FZ),Police blotter recorded a swift snatching incident in front of the commercial complex at Mohakhali during Tuesday night hours.,ROAD,VERIFIED,0.94
DHK-2026-0165,2026-02-03,22:08,2026,2,Tuesday,22,Mugging,Motijheel - near the intersection approaching Sayedabad Bus Terminal,ROAD_49,Motijheel to Sayedabad Bus Terminal,Motijheel,Motijheel,23.719602,90.425617,The Business Standard,https://tbsnews.net/bangladesh/crime/incident-2026-02-0165,news,Office worker,Unarmed / Speed snatch,2,On foot (sprint),Police blotter recorded a swift snatching incident near the intersection approaching Sayedabad Bus Terminal during Tuesday night hours.,ROAD,VERIFIED,0.93
DHK-2026-0989,2026-02-03,22:59,2026,2,Tuesday,22,Robbery,Badda - near Badda bus stop,ROAD_22,Pragiti Sarani (Badda Link to Rampura Bridge),Badda,Badda,23.763969,90.425958,The Daily Star,https://www.thedailystar.net/crime/incident-2026-02-0989,news,Office worker,Sharp knife (Chhuri),2,Leguna van,"Muggers armed with a sharp knife (chhuri) intercepted a office worker near Badda bus stop, fleeing with cash and bag.",EXACT,VERIFIED,0.84
DHK-2026-0080,2026-02-04,22:48,2026,2,Wednesday,22,Snatching,Mirpur - near the intersection approaching Mirpur 11 Bus Stand,ROAD_32,Mirpur-10 to Mirpur-11 Strip,Mirpur,Mirpur,23.812951,90.367034,Dhaka Tribune,https://www.dhakatribune.com/bangladesh/crime/incident-2026-02-0080,news,Office worker,Sharp knife (Chhuri),2,Motorcycle (Pulsar/FZ),Police blotter recorded a swift snatching incident near the intersection approaching Mirpur 11 Bus Stand during Wednesday night hours.,ROAD,VERIFIED,0.8
DHK-2026-0843,2026-02-05,09:48,2026,2,Thursday,9,Theft,Mirpur - along the poorly lit section of Begum Rokeya Sarani (Shewrapara to Kazipara),ROAD_28,Begum Rokeya Sarani (Shewrapara to Kazipara),Mirpur,Kafrul,23.788673,90.372467,The Daily Star,https://www.thedailystar.net/crime/incident-2026-02-0843,news,Female commuter,Sharp knife (Chhuri),2,Private car,Police blotter recorded a swift snatching incident along the poorly lit section of Begum Rokeya Sarani (Shewrapara to Kazipara) during Thursday night hours.,INTERSECTION,VERIFIED,0.8
DHK-2026-0631,2026-02-06,00:54,2026,2,Friday,0,Mugging,Dhanmondi - along the poorly lit section of Dhanmondi 27 Inner Connector,ROAD_05,Dhanmondi 27 Inner Connector,Dhanmondi,Dhanmondi,23.754832,90.368159,Daily Sun,https://www.daily-sun.com/post/crime/incident-2026-02-0631,news,Rickshaw passenger,Paper cutter,3,Motorcycle (Pulsar/FZ),Police blotter recorded a swift snatching incident along the poorly lit section of Dhanmondi 27 Inner Connector during Friday night hours.,INTERSECTION,VERIFIED,0.81
DHK-2026-0395,2026-02-07,01:40,2026,2,Saturday,1,Snatching,Mohammadpur - under the Mohammadpur footover bridge,ROAD_36,Town Hall to Beribadh Link,Mohammadpur,Mohammadpur,23.758896,90.359555,The Business Standard,https://tbsnews.net/bangladesh/crime/incident-2026-02-0395,news,Female commuter,Sharp knife (Chhuri),4,On foot (sprint),"Muggers armed with a sharp knife (chhuri) intercepted a female commuter under the Mohammadpur footover bridge, fleeing with cash and bag.",INTERSECTION,VERIFIED,0.87
DHK-2026-0772,2026-02-07,14:55,2026,2,Saturday,14,Theft,Agargaon - near the intersection approaching Shewrapara Metro Station,ROAD_27,Begum Rokeya Sarani (Agargaon to Shewrapara),Agargaon,Sher-e-Bangla Nagar,23.779985,90.375137,The Daily Star,https://www.thedailystar.net/crime/incident-2026-02-0772,news,Small shopkeeper,Sharp knife (Chhuri),2,Private car,"Muggers armed with a sharp knife (chhuri) intercepted a small shopkeeper near the intersection approaching Shewrapara Metro Station, fleeing with cash and bag.",AREA,VERIFIED,0.91
DHK-2026-0007,2026-02-08,22:14,2026,2,Sunday,22,Snatching,Dhanmondi - near Dhanmondi bus stop,ROAD_03,Mirpur Road (Russell Square to Asad Gate),Dhanmondi,Dhanmondi,23.755571,90.374123,The Daily Star,https://www.thedailystar.net/crime/incident-2026-02-0007,news,Rickshaw passenger,Paper cutter,1,Motorcycle (Pulsar/FZ),Reported incident of snatching involving a rickshaw passenger at near Dhanmondi bus stop. Suspects fled using a motorcycle (pulsar/fz).,INTERSECTION,VERIFIED,0.77
DHK-2026-0130,2026-02-09,15:50,2026,2,Monday,15,Theft,Mirpur - close to the Mirpur market square,ROAD_32,Mirpur-10 to Mirpur-11 Strip,Mirpur,Mirpur,23.814853,90.366898,DMP Monthly Blotter,https://dmp.gov.bd/crime-statistics/incident-2026-02-0130,police_report,Office worker,Unarmed / Speed snatch,2,Motorcycle (Pulsar/FZ),Police blotter recorded a swift snatching incident close to the Mirpur market square during Monday night hours.,INTERSECTION,VERIFIED,0.87
DHK-2026-0660,2026-02-12,09:29,2026,2,Thursday,9,Snatching,Farmgate - close to the Farmgate market square,ROAD_07,Kazi Nazrul Islam Ave (Farmgate to Karwan Bazar),Farmgate,Tejgaon,23.753318,90.392249,Dhaka Tribune,https://www.dhakatribune.com/bangladesh/crime/incident-2026-02-0660,news,Small shopkeeper,Unarmed / Speed snatch,2,CNG auto-rickshaw,Police blotter recorded a swift snatching incident close to the Farmgate market square during Thursday night hours.,INTERSECTION,PROBABLE,0.76
DHK-2026-0013,2026-02-12,12:42,2026,2,Thursday,12,Mugging,Baridhara - near the intersection approaching Badda Link Road,ROAD_21,Pragiti Sarani (Notun Bazar to Badda Link),Baridhara,Bhatara,23.783566,90.427336,The Daily Star,https://www.thedailystar.net/crime/incident-2026-02-0013,news,Motorcyclist,Paper cutter,4,CNG auto-rickshaw,A motorcyclist had their smartphone snatched by 4 perpetrators on a cng auto-rickshaw near the intersection approaching Badda Link Road around 12:42.,INTERSECTION,VERIFIED,0.92
DHK-2026-1134,2026-02-13,19:13,2026,2,Friday,19,Snatching,Kakrail - near Kakrail bus stop,ROAD_43,Kakrail to Paltan Intersection,Kakrail,Ramna,23.735575,90.408055,DMP Monthly Blotter,https://dmp.gov.bd/crime-statistics/incident-2026-02-1134,police_report,Motorcyclist,Sharp knife (Chhuri),2,Motorcycle (Pulsar/FZ),Police blotter recorded a swift snatching incident near Kakrail bus stop during Friday night hours.,INTERSECTION,VERIFIED,0.79
DHK-2026-0112,2026-02-13,20:03,2026,2,Friday,20,Robbery,Banani - in front of the commercial complex at Banani,ROAD_38,Dhaka-Mymensingh Hwy (Banani to Kuril),Banani,Banani,23.807988,90.412191,The Daily Star,https://www.thedailystar.net/crime/incident-2026-02-0112,news,University student,Paper cutter,2,Motorcycle (Pulsar/FZ),Police blotter recorded a swift snatching incident in front of the commercial complex at Banani during Friday night hours.,INTERSECTION,VERIFIED,0.95
DHK-2026-1150,2026-02-14,16:15,2026,2,Saturday,16,Snatching,Mohammadpur - near the intersection approaching Mohammadpur Beribadh Mor,ROAD_36,Town Hall to Beribadh Link,Mohammadpur,Mohammadpur,23.756269,90.352443,Prothom Alo,https://en.prothomalo.com/bangladesh/crime-and-law/incident-2026-02-1150,news,Motorcyclist,Pepper spray,3,Motorcycle (Pulsar/FZ),A motorcyclist had their smartphone snatched by 3 perpetrators on a motorcycle (pulsar/fz) near the intersection approaching Mohammadpur Beribadh Mor around 16:15.,ROAD,VERIFIED,0.98
DHK-2026-0096,2026-02-15,09:23,2026,2,Sunday,9,Snatching,Karwan Bazar - in front of the commercial complex at Karwan Bazar,ROAD_08,Kazi Nazrul Islam Ave (Karwan Bazar to Shahbagh),Karwan Bazar,Tejgaon,23.750381,90.39383,The Daily Star,https://www.thedailystar.net/crime/incident-2026-02-0096,news,University student,Sharp knife (Chhuri),2,Motorcycle (Pulsar/FZ),Reported incident of snatching involving a university student at in front of the commercial complex at Karwan Bazar. Suspects fled using a motorcycle (pulsar/fz).,EXACT,PROBABLE,0.88
DHK-2026-0531,2026-02-15,20:34,2026,2,Sunday,20,Mugging,Kalabagan - close to the Kalabagan market square,ROAD_02,Mirpur Road (Kalabagan to Russell Square),Kalabagan,Kalabagan,23.750609,90.377993,Dhaka Tribune,https://www.dhakatribune.com/bangladesh/crime/incident-2026-02-0531,news,Office worker,Paper cutter,1,Private car,Police blotter recorded a swift snatching incident close to the Kalabagan market square during Sunday night hours.,INTERSECTION,VERIFIED,0.97
DHK-2026-0996,2026-02-19,22:38,2026,2,Thursday,22,Snatching,Farmgate - along the poorly lit section of Kazi Nazrul Islam Ave (Farmgate to Karwan Bazar),ROAD_07,Kazi Nazrul Islam Ave (Farmgate to Karwan Bazar),Farmgate,Tejgaon,23.752645,90.393053,Prothom Alo,https://en.prothomalo.com/bangladesh/crime-and-law/incident-2026-02-0996,news,Office worker,Paper cutter,4,Motorcycle (Pulsar/FZ),Police blotter recorded a swift snatching incident along the poorly lit section of Kazi Nazrul Islam Ave (Farmgate to Karwan Bazar) during Thursday night hours.,EXACT,VERIFIED,0.79
DHK-2026-0568,2026-02-20,23:32,2026,2,Friday,23,Robbery,Rampura - close to the Rampura market square,ROAD_23,Hatirjheel Bypass (Rampura to Karwan Bazar),Rampura,Rampura,23.761679,90.422284,Prothom Alo,https://en.prothomalo.com/bangladesh/crime-and-law/incident-2026-02-0568,news,Rickshaw passenger,Sharp knife (Chhuri),4,On foot (sprint),"Muggers armed with a sharp knife (chhuri) intercepted a rickshaw passenger close to the Rampura market square, fleeing with cash and bag.",INTERSECTION,PROBABLE,0.79
DHK-2026-0470,2026-02-21,16:35,2026,2,Saturday,16,Snatching,Motijheel - near the intersection approaching Sayedabad Bus Terminal,ROAD_49,Motijheel to Sayedabad Bus Terminal,Motijheel,Motijheel,23.715707,90.428962,The Daily Star,https://www.thedailystar.net/crime/incident-2026-02-0470,news,Female commuter,Sharp knife (Chhuri),4,CNG auto-rickshaw,"Muggers armed with a sharp knife (chhuri) intercepted a female commuter near the intersection approaching Sayedabad Bus Terminal, fleeing with cash and bag.",AREA,VERIFIED,0.88
DHK-2026-1200,2026-02-21,21:28,2026,2,Saturday,21,Mugging,Mohakhali - close to the Mohakhali market square,ROAD_37,Dhaka-Mymensingh Hwy (Mohakhali to Banani),Mohakhali,Banani,23.785664,90.402425,DMP Monthly Blotter,https://dmp.gov.bd/crime-statistics/incident-2026-02-1200,police_report,University student,Firearm / Pistol,4,Motorcycle (Pulsar/FZ),"Muggers armed with a firearm / pistol intercepted a university student close to the Mohakhali market square, fleeing with cash and bag.",ROAD,UNCONFIRMED,0.51
DHK-2026-1010,2026-02-22,02:00,2026,2,Sunday,2,Robbery,Paltan - under the Paltan footover bridge,ROAD_44,Paltan to Motijheel Commercial Area,Paltan,Paltan,23.729799,90.411486,DMP Monthly Blotter,https://dmp.gov.bd/crime-statistics/incident-2026-02-1010,police_report,University student,Sharp knife (Chhuri),1,Motorcycle (Pulsar/FZ),Police blotter recorded a swift snatching incident under the Paltan footover bridge during Sunday night hours.,EXACT,VERIFIED,0.95
DHK-2026-1018,2026-02-22,22:50,2026,2,Sunday,22,Snatching,Mirpur - close to the Mirpur market square,ROAD_32,Mirpur-10 to Mirpur-11 Strip,Mirpur,Mirpur,23.816651,90.366399,DMP Monthly Blotter,https://dmp.gov.bd/crime-statistics/incident-2026-02-1018,police_report,Motorcyclist,Firearm / Pistol,2,CNG auto-rickshaw,Reported incident of snatching involving a motorcyclist at close to the Mirpur market square. Suspects fled using a cng auto-rickshaw.,INTERSECTION,VERIFIED,0.75
DHK-2026-1248,2026-02-23,06:22,2026,2,Monday,6,Mugging,Banani - along the poorly lit section of Banani Road 11 (Commercial Strip),ROAD_18,Banani Road 11 (Commercial Strip),Banani,Banani,23.793791,90.4047,Prothom Alo,https://en.prothomalo.com/bangladesh/crime-and-law/incident-2026-02-1248,news,Female commuter,Sharp knife (Chhuri),2,Motorcycle (Pulsar/FZ),Police blotter recorded a swift snatching incident along the poorly lit section of Banani Road 11 (Commercial Strip) during Monday night hours.,INTERSECTION,UNCONFIRMED,0.51
DHK-2026-0263,2026-02-24,19:32,2026,2,Tuesday,19,Snatching,Malibagh - along the poorly lit section of Mouchak to Khilgaon Flyover,ROAD_47,Mouchak to Khilgaon Flyover,Malibagh,Shahjahanpur,23.750211,90.419005,The Business Standard,https://tbsnews.net/bangladesh/crime/incident-2026-02-0263,news,Small shopkeeper,Sharp knife (Chhuri),2,Leguna van,"Muggers armed with a sharp knife (chhuri) intercepted a small shopkeeper along the poorly lit section of Mouchak to Khilgaon Flyover, fleeing with cash and bag.",EXACT,VERIFIED,0.77
DHK-2026-0387,2026-02-25,00:13,2026,2,Wednesday,0,Mugging,Farmgate - along the poorly lit section of Kazi Nazrul Islam Ave (Farmgate to Karwan Bazar),ROAD_07,Kazi Nazrul Islam Ave (Farmgate to Karwan Bazar),Farmgate,Tejgaon,23.753439,90.392116,Daily Sun,https://www.daily-sun.com/post/crime/incident-2026-02-0387,news,Pedestrian,Unarmed / Speed snatch,2,Motorcycle (Pulsar/FZ),Reported incident of mugging involving a pedestrian at along the poorly lit section of Kazi Nazrul Islam Ave (Farmgate to Karwan Bazar). Suspects fled using a motorcycle (pulsar/fz).,INTERSECTION,VERIFIED,0.88
DHK-2026-0223,2026-02-26,08:55,2026,2,Thursday,8,Robbery,Tejgaon - along the poorly lit section of Jahangir Gate VIP Link,ROAD_12,Jahangir Gate VIP Link,Tejgaon,Tejgaon,23.767005,90.388573,DMP Monthly Blotter,https://dmp.gov.bd/crime-statistics/incident-2026-02-0223,police_report,Motorcyclist,Sharp knife (Chhuri),4,CNG auto-rickshaw,Reported incident of robbery involving a motorcyclist at along the poorly lit section of Jahangir Gate VIP Link. Suspects fled using a cng auto-rickshaw.,AREA,VERIFIED,0.79
DHK-2026-0063,2026-02-26,20:19,2026,2,Thursday,20,Snatching,Dhanmondi - near the intersection approaching Mohammadpur Town Hall,ROAD_05,Dhanmondi 27 Inner Connector,Dhanmondi,Dhanmondi,23.753737,90.369222,bdnews24,https://bdnews24.com/bangladesh/incident-2026-02-0063,news,Motorcyclist,Unarmed / Speed snatch,3,On foot (sprint),"Muggers armed with a unarmed / speed snatch intercepted a motorcyclist near the intersection approaching Mohammadpur Town Hall, fleeing with cash and bag.",EXACT,VERIFIED,0.93
DHK-2026-1182,2026-02-27,19:06,2026,2,Friday,19,Mugging,Badda - under the Badda footover bridge,ROAD_22,Pragiti Sarani (Badda Link to Rampura Bridge),Badda,Badda,23.768129,90.426757,The Daily Star,https://www.thedailystar.net/crime/incident-2026-02-1182,news,Pedestrian,Sharp knife (Chhuri),3,Motorcycle (Pulsar/FZ),"Muggers armed with a sharp knife (chhuri) intercepted a pedestrian under the Badda footover bridge, fleeing with cash and bag.",EXACT,VERIFIED,0.95
DHK-2026-0929,2026-02-28,00:42,2026,2,Saturday,0,Snatching,Badda - along the poorly lit section of Pragiti Sarani (Badda Link to Rampura Bridge),ROAD_22,Pragiti Sarani (Badda Link to Rampura Bridge),Badda,Badda,23.768161,90.426355,Daily Sun,https://www.daily-sun.com/post/crime/incident-2026-02-0929,news,Rickshaw passenger,Unarmed / Speed snatch,2,Motorcycle (Pulsar/FZ),Police blotter recorded a swift snatching incident along the poorly lit section of Pragiti Sarani (Badda Link to Rampura Bridge) during Saturday night hours.,EXACT,VERIFIED,0.76
DHK-2026-0170,2026-02-28,02:02,2026,2,Saturday,2,Theft,Paltan - close to the Paltan market square,ROAD_51,Paltan to Sadarghat (Old Dhaka Arterial),Paltan,Paltan,23.711649,90.411413,The Business Standard,https://tbsnews.net/bangladesh/crime/incident-2026-02-0170,news,Small shopkeeper,Paper cutter,3,Motorcycle (Pulsar/FZ),"Muggers armed with a paper cutter intercepted a small shopkeeper close to the Paltan market square, fleeing with cash and bag.",INTERSECTION,VERIFIED,0.93
DHK-2026-0127,2026-02-28,02:48,2026,2,Saturday,2,Mugging,Kalabagan - close to the Kalabagan market square,ROAD_02,Mirpur Road (Kalabagan to Russell Square),Kalabagan,Kalabagan,23.749064,90.37907,The Business Standard,https://tbsnews.net/bangladesh/crime/incident-2026-02-0127,news,Office worker,Sharp knife (Chhuri),3,On foot (sprint),Reported incident of mugging involving a office worker at close to the Kalabagan market square. Suspects fled using a on foot (sprint).,EXACT,VERIFIED,0.78
DHK-2026-1115,2026-02-28,09:57,2026,2,Saturday,9,Snatching,Tejgaon - near the intersection approaching Mohakhali Flyover Chottor,ROAD_13,Airport Road (Jahangir Gate to Mohakhali),Tejgaon,Cantonment,23.775422,90.39776,Prothom Alo,https://en.prothomalo.com/bangladesh/crime-and-law/incident-2026-02-1115,news,Pedestrian,Sharp knife (Chhuri),2,Private car,A pedestrian had their smartphone snatched by 2 perpetrators on a private car near the intersection approaching Mohakhali Flyover Chottor around 09:57.,INTERSECTION,VERIFIED,0.95
DHK-2026-0317,2026-02-28,23:09,2026,2,Saturday,23,Mugging,Kalabagan - under the Kalabagan footover bridge,ROAD_02,Mirpur Road (Kalabagan to Russell Square),Kalabagan,Kalabagan,23.748685,90.379167,bdnews24,https://bdnews24.com/bangladesh/incident-2026-02-0317,news,Motorcyclist,Sharp knife (Chhuri),2,CNG auto-rickshaw,Police blotter recorded a swift snatching incident under the Kalabagan footover bridge during Saturday night hours.,INTERSECTION,PROBABLE,0.76
